nome;nome_sistema;tombamento;ano;local_sistema;local_exato_ambiente;condicao
Mesa ;MESA DE MADEIRA SEM GAVETA;185;Anterior a 2019;DIBEM;;Pendente
Mesa 02;MESA DE MADEIRA COM 02 GAVETAS;186;Anterior a 2019;DIBEM;;Pendente
Mesa ;MESA DE MADEIRA SEM GAVETA;193;Anterior a 2019;DIBEM;Residência 1601;Ruim
Mesa 02;MESA DE MADEIRA COM 02 GAVETAS;194;Anterior a 2019;DIBEM;Residência 148;Ruim
Mesa ;MESA DE MADEIRA SEM GAVETA;195;Anterior a 2019;DIBEM;Residência 25;Ruim
Mesa ;MESA DE MADEIRA SEM GAVETA;200;Anterior a 2019;DIBEM;;Pendente
Mesa 03;MESA DE MADEIRA COM 03 GAVETAS;616;Anterior a 2019;DIBEM;;Pendente
Caixa De Som;CAIXA DE SOM;2295;Anterior a 2019;DIBEM;;Pendente
Cadeira De Madeira Com Assento E Encosto Anatomico;CADEIRA DE MADEIRA COM ASSENTO E ENCOSTO ANATOMICO;5515;Anterior a 2019;DIBEM;;Pendente
Cadeira De Madeira Com Assento E Encosto Anatomico;CADEIRA DE MADEIRA COM ASSENTO E ENCOSTO ANATOMICO;5835;Anterior a 2019;DIBEM;;Pendente
Estante De Madeira Aberta Com Prateleiras;ESTANTE DE MADEIRA ABERTA COM PRATELEIRAS;8710;Anterior a 2019;PRAE;;Pendente
Cadeira De Madeira Com Assento E Encosto Anatomico;CADEIRA DE MADEIRA COM ASSENTO E ENCOSTO ANATOMICO;8758;Anterior a 2019;DIBEM;Residencia 2216;Bom
Cadeira De Madeira Com Assento E Encosto Anatomico;CADEIRA DE MADEIRA COM ASSENTO E ENCOSTO ANATOMICO;8777;Anterior a 2019;DIBEM;Residencia 2216;Bom
Cadeira De Madeira Com Assento E Encosto Anatomico;CADEIRA DE MADEIRA COM ASSENTO E ENCOSTO ANATOMICO;9062;Anterior a 2019;DIBEM;;Pendente
Mesa ;MESA DE MADEIRA PARA TELEFONE;10044;Anterior a 2019;CRU;;Pendente
Escaninho ( Papeleira ) Com Gavetas;ESCANINHO ( PAPELEIRA ) COM GAVETAS;10046;Anterior a 2019;PRAE;;Pendente
Cadeira De Madeira Com Assento E Encosto Anatomico;CADEIRA DE MADEIRA COM ASSENTO E ENCOSTO ANATOMICO;10073;Anterior a 2019;DIBEM;Residência 25;Inservível
Armario De Madeira Com Portas De Abrir;ARMARIO DE MADEIRA COM PORTAS DE ABRIR;10084;Anterior a 2019;PRAE;;Pendente
Estante De Madeira Aberta Com Prateleiras;ESTANTE DE MADEIRA ABERTA COM PRATELEIRAS;10091;Anterior a 2019;DIBEM;;Pendente
Cadeira De Ferro;CADEIRA DE FERRO;10105;Anterior a 2019;CAME;;Pendente
Cadeira De Madeira Com Assento E Encosto Anatomico;CADEIRA DE MADEIRA COM ASSENTO E ENCOSTO ANATOMICO;10107;Anterior a 2019;CAME;;Pendente
Mocho Odontologico;MOCHO ODONTOLOGICO;10121;Anterior a 2019;CAME;;Pendente
Fichario De Aco Com Tampo De Acrilico;FICHARIO DE ACO COM TAMPO DE ACRILICO;10136;Anterior a 2019;CAME;;Pendente
Mocho Odontologico;MOCHO ODONTOLOGICO;10168;Anterior a 2019;CAME;;Pendente
Mesa ;MESA DE ACO PARA AMBULATORIO;10171;Anterior a 2019;CAME;;Pendente
Mesa ;MESA DE ACO;10185;Anterior a 2019;CAME;;Pendente
Escada De Ferro Com 02 Degraus Para Cama Hospitala;ESCADA DE FERRO COM 02 DEGRAUS PARA CAMA HOSPITALA;10186;Anterior a 2019;CAME;;Pendente
Beliche De Aco;BELICHE DE ACO;10267;Anterior a 2019;DIBEM;;Pendente
Mesa ;MESA DE MADEIRA SEM GAVETA;10284;Anterior a 2019;DIBEM;;Pendente
Mesa ;MESA DE MADEIRA SEM GAVETA;10322;Anterior a 2019;DIBEM;Residência 25;Bom
Cadeira De Madeira Com Assento E Encosto Anatomico;CADEIRA DE MADEIRA COM ASSENTO E ENCOSTO ANATOMICO;10331;Anterior a 2019;DIBEM;;Pendente
Cadeira De Madeira Com Assento E Encosto Anatomico;CADEIRA DE MADEIRA COM ASSENTO E ENCOSTO ANATOMICO;10342;Anterior a 2019;DIBEM;Residencia 2216;Bom
Cadeira De Madeira Com Assento E Encosto Anatomico;CADEIRA DE MADEIRA COM ASSENTO E ENCOSTO ANATOMICO;10358;Anterior a 2019;DIBEM;;Pendente
Cama De Madeira Para Solteiro;CAMA DE MADEIRA PARA SOLTEIRO;10360;Anterior a 2019;DIBEM;;Pendente
Cadeira De Madeira Com Assento E Encosto Anatomico;CADEIRA DE MADEIRA COM ASSENTO E ENCOSTO ANATOMICO;10365;Anterior a 2019;DIBEM;;Pendente
Cadeira De Madeira Com Assento E Encosto Anatomico;CADEIRA DE MADEIRA COM ASSENTO E ENCOSTO ANATOMICO;10370;Anterior a 2019;DIBEM;;Pendente
Cadeira De Madeira Com Assento E Encosto Anatomico;CADEIRA DE MADEIRA COM ASSENTO E ENCOSTO ANATOMICO;10372;Anterior a 2019;DIBEM;Residencia 2216;Bom
Cadeira De Madeira Com Assento E Encosto Anatomico;CADEIRA DE MADEIRA COM ASSENTO E ENCOSTO ANATOMICO;10373;Anterior a 2019;DIBEM;Residencia 2216;Bom
Cadeira De Madeira Com Assento E Encosto Anatomico;CADEIRA DE MADEIRA COM ASSENTO E ENCOSTO ANATOMICO;10374;Anterior a 2019;DIBEM;Residencia 2216;Bom
Cadeira De Madeira Com Assento E Encosto Anatomico;CADEIRA DE MADEIRA COM ASSENTO E ENCOSTO ANATOMICO;10379;Anterior a 2019;DIBEM;Residencia 2216;Bom
Cadeira De Madeira Com Assento E Encosto Anatomico;CADEIRA DE MADEIRA COM ASSENTO E ENCOSTO ANATOMICO;10380;Anterior a 2019;DIBEM;;Pendente
Cadeira De Madeira Com Assento E Encosto Anatomico;CADEIRA DE MADEIRA COM ASSENTO E ENCOSTO ANATOMICO;10386;Anterior a 2019;DIBEM;;Pendente
Cadeira De Madeira Com Assento E Encosto Anatomico;CADEIRA DE MADEIRA COM ASSENTO E ENCOSTO ANATOMICO;10387;Anterior a 2019;DIBEM;Residencia 2216;Bom
Cadeira De Madeira Com Assento E Encosto Anatomico;CADEIRA DE MADEIRA COM ASSENTO E ENCOSTO ANATOMICO;10391;Anterior a 2019;DIBEM;;Pendente
Cadeira De Madeira Com Assento E Encosto Anatomico;CADEIRA DE MADEIRA COM ASSENTO E ENCOSTO ANATOMICO;10407;Anterior a 2019;DIBEM;Residencia 2216;Bom
Cadeira De Madeira Com Assento E Encosto Anatomico;CADEIRA DE MADEIRA COM ASSENTO E ENCOSTO ANATOMICO;10412;Anterior a 2019;DIBEM;;Pendente
Cama De Madeira Para Solteiro;CAMA DE MADEIRA PARA SOLTEIRO;10417;Anterior a 2019;DIBEM;;Pendente
Mesa ;MESA DE MADEIRA SEM GAVETA;10428;Anterior a 2019;DIBEM;;Pendente
Banco Individual De Madeira;BANCO INDIVIDUAL DE MADEIRA;10445;Anterior a 2019;DIBEM;;Pendente
Armario De Madeira Com Portas De Abrir;ARMARIO DE MADEIRA COM PORTAS DE ABRIR;10450;Anterior a 2019;DIBEM;;Pendente
Mesa ;MESA DE MADEIRA SEM GAVETA;10454;Anterior a 2019;DIBEM;Residencia 2133;Bom
Mesa ;MESA DE MADEIRA SEM GAVETA;10455;Anterior a 2019;DIBEM;;Pendente
Conjunto Estofado Composto De 01 Sofa E 02 Poltron;CONJUNTO ESTOFADO COMPOSTO DE 01 SOFA E 02 POLTRON;10464;Anterior a 2019;DIBEM;Residencia 2216;Bom
Beliche De Aco;BELICHE DE ACO;10528;Anterior a 2019;DIBEM;;Pendente
Beliche De Aco;BELICHE DE ACO;10538;Anterior a 2019;DIBEM;;Pendente
Beliche De Aco;BELICHE DE ACO;10544;Anterior a 2019;DIBEM;;Pendente
Beliche De Aco;BELICHE DE ACO;10578;Anterior a 2019;DIBEM;;Pendente
Beliche De Aco;BELICHE DE ACO;10604;Anterior a 2019;DIBEM;;Pendente
Conjunto Estofado Composto De 01 Sofa E 02 Poltron;CONJUNTO ESTOFADO COMPOSTO DE 01 SOFA E 02 POLTRON;10646;Anterior a 2019;DIBEM;;Pendente
Cama De Madeira Para Solteiro;CAMA DE MADEIRA PARA SOLTEIRO;10657;Anterior a 2019;DIBEM;;Pendente
Beliche De Aco;BELICHE DE ACO;10658;Anterior a 2019;DIBEM;;Pendente
Beliche De Aco;BELICHE DE ACO;10659;Anterior a 2019;DIBEM;;Pendente
Cavalete De Madeira;CAVALETE DE MADEIRA;10662;Anterior a 2019;DIBEM;;Pendente
Banco Individual De Madeira;BANCO INDIVIDUAL DE MADEIRA;10663;Anterior a 2019;DIBEM;;Pendente
Cadeira De Madeira Com Assento E Encosto Anatomico;CADEIRA DE MADEIRA COM ASSENTO E ENCOSTO ANATOMICO;10676;Anterior a 2019;DIBEM;;Pendente
Cadeira De Madeira Com Assento E Encosto Anatomico;CADEIRA DE MADEIRA COM ASSENTO E ENCOSTO ANATOMICO;10677;Anterior a 2019;DIBEM;;Pendente
Cadeira De Madeira Com Assento E Encosto Anatomico;CADEIRA DE MADEIRA COM ASSENTO E ENCOSTO ANATOMICO;10678;Anterior a 2019;DIBEM;Residencia 250;Bom
Cadeira De Madeira Com Assento E Encosto Anatomico;CADEIRA DE MADEIRA COM ASSENTO E ENCOSTO ANATOMICO;10679;Anterior a 2019;DIBEM;Residencia 250;Bom
Cadeira De Madeira Com Assento E Encosto Anatomico;CADEIRA DE MADEIRA COM ASSENTO E ENCOSTO ANATOMICO;10680;Anterior a 2019;DIBEM;;Pendente
Mesa ;MESA DE MADEIRA SEM GAVETA;10681;Anterior a 2019;DIBEM;Residencia 250;Bom
Cadeira De Madeira Com Assento E Encosto Anatomico;CADEIRA DE MADEIRA COM ASSENTO E ENCOSTO ANATOMICO;10739;Anterior a 2019;DIBEM;;Pendente
Cama De Madeira Para Solteiro;CAMA DE MADEIRA PARA SOLTEIRO;10771;Anterior a 2019;DIBEM;;Pendente
Estante De Aco Aberta Com Prateleiras;ESTANTE DE ACO ABERTA COM PRATELEIRAS;14098;Anterior a 2019;DIBEM;;Pendente
Carteira  Com Assento E Encosto Em Madeira;CARTEIRA  COM ASSENTO E ENCOSTO EM MADEIRA;16709;Anterior a 2019;DIBEM;;Pendente
Cadeira De Madeira Com Assento E Encosto Anatomico;CADEIRA DE MADEIRA COM ASSENTO E ENCOSTO ANATOMICO;16982;Anterior a 2019;DIBEM;;Pendente
Mesa 02;MESA DE MADEIRA COM 02 GAVETAS;19932;Anterior a 2019;DIBEM;;Pendente
Cadeira De Madeira Com Assento E Encosto Anatomico;CADEIRA DE MADEIRA COM ASSENTO E ENCOSTO ANATOMICO;27537;Anterior a 2019;DIBEM;;Pendente
Cadeira De Madeira Com Assento E Encosto Anatomico;CADEIRA DE MADEIRA COM ASSENTO E ENCOSTO ANATOMICO;34103;Anterior a 2019;DIBEM;Residencia 2133;Bom
Cadeira De Madeira Com Assento E Encosto Anatomico;CADEIRA DE MADEIRA COM ASSENTO E ENCOSTO ANATOMICO;35362;Anterior a 2019;DIBEM;;Pendente
Cadeira Com Assento E Encosto De Madeira Montada E;CADEIRA COM ASSENTO E ENCOSTO DE MADEIRA MONTADA E;36428;Anterior a 2019;DIBEM;;Pendente
Carteira  Com Assento E Encosto Em Madeira;CARTEIRA  COM ASSENTO E ENCOSTO EM MADEIRA;38199;Anterior a 2019;DIBEM;;Pendente
Mesa ;MESA DE MADEIRA PARA MAQUINA DE ESCREVER;39538;Anterior a 2019;CASE;Residencia 2133;Ruim
Mesa ;MESA DE MADEIRA SEM GAVETA;40159;Anterior a 2019;DIBEM;;Pendente
Cadeira De Madeira Com Assento E Encosto Anatomico;CADEIRA DE MADEIRA COM ASSENTO E ENCOSTO ANATOMICO;40276;Anterior a 2019;DIBEM;;Pendente
Mesa 02;MESA DE MADEIRA COM 02 GAVETAS;41088;Anterior a 2019;DIBEM;;Pendente
Arquivo De Aco Com Gavetas;ARQUIVO DE ACO COM GAVETAS;42896;Anterior a 2019;DIBEM;;Pendente
Mesa 02;MESA DE MADEIRA COM 02 GAVETAS;43079;Anterior a 2019;DIBEM;;Pendente
Armario De Madeira Com Portas Corredicas;ARMARIO DE MADEIRA COM PORTAS CORREDICAS;43194;Anterior a 2019;DIBEM;Residencia 2133;Bom
Mesa ;MESA DE MADEIRA PARA MAQUINA DE ESCREVER;44609;Anterior a 2019;DIBEM;;Pendente
Mesa 03;MESA DE MADEIRA COM 03 GAVETAS;47821;Anterior a 2019;DIBEM;Residência 148;Ruim
Mesa 03;MESA DE MADEIRA COM 03 GAVETAS;48583;Anterior a 2019;CASE;Residencia 2133;Ruim
Cadeira Fixa Com Assento E Encosto Estofados;CADEIRA FIXA COM ASSENTO E ENCOSTO ESTOFADOS;51445;Anterior a 2019;CASE;;Pendente
Ar Condicionado 14.000 BTUs;"APARELHO DE AR CONDICIONADO DE 14.000 BTU""S";51671;Anterior a 2019;DIBEM;;Pendente
Mesa 04;MESA DE MADEIRA COM 04 GAVETAS;51683;Anterior a 2019;PRAE;Residencia 2133;Bom
Cadeira De Madeira Com Assento E Encosto Anatomico;CADEIRA DE MADEIRA COM ASSENTO E ENCOSTO ANATOMICO;52388;Anterior a 2019;DIBEM;;Pendente
Mesa ;MESA DE MADEIRA PARA MAQUINA DE ESCREVER;54013;Anterior a 2019;DIBEM;;Pendente
Mesa ;MESA DE MADEIRA PARA TELEFONE;54019;Anterior a 2019;DIBEM;;Pendente
Armario De Madeira Com Portas Corredicas;ARMARIO DE MADEIRA COM PORTAS CORREDICAS;55752;Anterior a 2019;CAME;;Pendente
Mesa X;MESA AUXILIAR PARA CONSULTORIO DENTARIO;56860;Anterior a 2019;CAME;;Pendente
Mesa ;MESA PARA REFEITORIO EM MADEIRA PRENSADA REVESTIDO;59136;Anterior a 2019;DIBEM;;Pendente
Mesa ;MESA PARA REFEITORIO EM MADEIRA PRENSADA REVESTIDO;59153;Anterior a 2019;DIBEM;;Pendente
Mesa ;MESA DE MADEIRA SEM GAVETA;62412;Anterior a 2019;DIBEM;;Pendente
Mesa X;MESA HOSPITALAR AUXILIAR;65184;Anterior a 2019;CAME;;Pendente
Flanelografo;FLANELOGRAFO;66327;Anterior a 2019;PRAE;;Pendente
Flanelografo;FLANELOGRAFO;66331;Anterior a 2019;DIBEM;;Pendente
Flanelografo;FLANELOGRAFO;66335;Anterior a 2019;DIBEM;Residência 25;Bom
Mesa ;MESA PARA MICROCOMPUTADOR;66475;Anterior a 2019;DIBEM;;Pendente
Conjunto Estofado Composto De 01 Sofa E 02 Poltron;CONJUNTO ESTOFADO COMPOSTO DE 01 SOFA E 02 POLTRON;66629;Anterior a 2019;DIBEM;;Pendente
Mesa 04;MESA DE MADEIRA COM 04 GAVETAS;66690;Anterior a 2019;PRAE;;Pendente
Armario De Madeira Com Portas De Abrir;ARMARIO DE MADEIRA COM PORTAS DE ABRIR;67715;Anterior a 2019;DIBEM;;Pendente
Cadeira Com Assento E Encosto Em Polipropileno E E;CADEIRA COM ASSENTO E ENCOSTO EM POLIPROPILENO E E;68216;Anterior a 2019;DIBEM;;Pendente
Guarda-Roupa De Madeira Com Duas Portas;GUARDA-ROUPA DE MADEIRA COM DUAS PORTAS;68437;Anterior a 2019;DIBEM;;Pendente
Ventilador De Teto;VENTILADOR DE TETO;68932;Anterior a 2019;DIBEM;;Pendente
Beliche De Aco;BELICHE DE ACO;69035;Anterior a 2019;DIBEM;;Pendente
Beliche De Aco;BELICHE DE ACO;69036;Anterior a 2019;DIBEM;;Pendente
Beliche De Aco;BELICHE DE ACO;69037;Anterior a 2019;DIBEM;;Pendente
Beliche De Aco;BELICHE DE ACO;69050;Anterior a 2019;DIBEM;;Pendente
Cadeira Com Assento E Encosto Em Palhinha,Giratori;CADEIRA COM ASSENTO E ENCOSTO EM PALHINHA,GIRATORI;69073;Anterior a 2019;PRAE;;Pendente
Cama De Madeira Para Solteiro;CAMA DE MADEIRA PARA SOLTEIRO;69109;Anterior a 2019;DIBEM;;Pendente
Cadeira Fixa Com Assento E Encosto Em Palhinha;CADEIRA FIXA COM ASSENTO E ENCOSTO EM PALHINHA;73270;Anterior a 2019;PRAE;;Pendente
Cadeira Com Assento E Encosto Em Palhinha,Giratori;CADEIRA COM ASSENTO E ENCOSTO EM PALHINHA,GIRATORI;73276;Anterior a 2019;PRAE;;Pendente
Cadeira Com Assento E Encosto Em Palhinha,Giratori;CADEIRA COM ASSENTO E ENCOSTO EM PALHINHA,GIRATORI;73606;Anterior a 2019;PRAE;;Pendente
Mocho Odontologico;MOCHO ODONTOLOGICO;73851;Anterior a 2019;CAME;;Pendente
Armario De Aco;ARMARIO DE ACO;73853;Anterior a 2019;CAME;;Pendente
Mesa Angular ;MESA RETANGULAR DE MADEIRA PARA REUNIAO;73963;Anterior a 2019;DIBEM;Residência 148;Bom
Mesa X;MESA AUXILIAR PARA CONSULTORIO DENTARIO;74484;Anterior a 2019;CAME;;Pendente
Mesa 03;MESA DE MADEIRA COM 03 GAVETAS;75009;Anterior a 2019;DIBEM;;Pendente
Mesa ;MESA DE MADEIRA SEM GAVETA;75186;Anterior a 2019;DIBEM;;Pendente
Mesa ;MESA DE MADEIRA SEM GAVETA;75187;Anterior a 2019;DIBEM;;Pendente
Armario De Madeira Com Portas De Abrir;ARMARIO DE MADEIRA COM PORTAS DE ABRIR;75193;Anterior a 2019;DIBEM;;Pendente
Cama De Madeira Para Solteiro;CAMA DE MADEIRA PARA SOLTEIRO;75308;Anterior a 2019;DIBEM;;Pendente
Beliche De Madeira;BELICHE DE MADEIRA;75309;Anterior a 2019;DIBEM;Residencia 2133;Bom
Cadeira De Madeira Com Assento E Encosto Anatomico;CADEIRA DE MADEIRA COM ASSENTO E ENCOSTO ANATOMICO;78625;Anterior a 2019;DIBEM;;Pendente
Cadeira De Madeira Com Assento E Encosto Anatomico;CADEIRA DE MADEIRA COM ASSENTO E ENCOSTO ANATOMICO;79776;Anterior a 2019;DIBEM;;Pendente
Cadeira De Madeira Com Assento E Encosto Anatomico;CADEIRA DE MADEIRA COM ASSENTO E ENCOSTO ANATOMICO;79778;Anterior a 2019;DIBEM;Residencia 2216;Ruim
Escada De Ferro Com 02 Degraus Para Cama Hospitala;ESCADA DE FERRO COM 02 DEGRAUS PARA CAMA HOSPITALA;82993;Anterior a 2019;CAME;;Pendente
Arquivo De Aco Com Gavetas;ARQUIVO DE ACO COM GAVETAS;84348;Anterior a 2019;CAME;;Pendente
Armario De Madeira Com Portas De Abrir;ARMARIO DE MADEIRA COM PORTAS DE ABRIR;84349;Anterior a 2019;PRAE;;Pendente
Carteira  Com Assento E Encosto Em Madeira;CARTEIRA  COM ASSENTO E ENCOSTO EM MADEIRA;84578;Anterior a 2019;DIBEM;;Pendente
Carteira  Com Assento E Encosto Em Madeira;CARTEIRA  COM ASSENTO E ENCOSTO EM MADEIRA;84691;Anterior a 2019;DIBEM;;Pendente
Cadeira De Madeira Com Assento E Encosto Anatomico;CADEIRA DE MADEIRA COM ASSENTO E ENCOSTO ANATOMICO;85291;Anterior a 2019;DIBEM;;Pendente
Camara Escura Para Revelacao De Radiografia;CAMARA ESCURA PARA REVELACAO DE RADIOGRAFIA;85357;Anterior a 2019;CAME;;Pendente
Mesa ;MESA PARA MICROCOMPUTADOR;88979;Anterior a 2019;DIBEM;;Pendente
Mesa ;MESA PARA MICROCOMPUTADOR;88982;Anterior a 2019;DIBEM;;Pendente
Mesa ;MESA PARA MICROCOMPUTADOR;89006;Anterior a 2019;DIBEM;;Pendente
Mesa ;MESA PARA MICROCOMPUTADOR;89009;Anterior a 2019;DIBEM;;Pendente
Mesa ;MESA PARA MICROCOMPUTADOR;89013;Anterior a 2019;DIBEM;;Pendente
Mesa ;MESA PARA MICROCOMPUTADOR;89015;Anterior a 2019;DIBEM;;Pendente
Mesa ;MESA PARA MICROCOMPUTADOR;89023;Anterior a 2019;DIBEM;;Pendente
Mesa ;MESA PARA MICROCOMPUTADOR;89162;Anterior a 2019;DIBEM;;Pendente
Beliche De Madeira;BELICHE DE MADEIRA;90189;Anterior a 2019;DIBEM;;Pendente
Cadeira Fixa Com Assento E Encosto Em Palhinha;CADEIRA FIXA COM ASSENTO E ENCOSTO EM PALHINHA;96079;Anterior a 2019;DIBEM;;Pendente
Cureta - Consumo -;CURETA - CONSUMO -;126798;Anterior a 2019;CAME;;Pendente
Cureta - Consumo -;CURETA - CONSUMO -;126799;Anterior a 2019;CAME;;Pendente
Calculador De Hollemback;CALCULADOR DE HOLLEMBACK;126800;Anterior a 2019;CAME;;Pendente
Instrumental Odontologico Para Periondontia;INSTRUMENTAL ODONTOLOGICO PARA PERIONDONTIA;126801;Anterior a 2019;CAME;;Pendente
Oculos Protetor - Consumo -;OCULOS PROTETOR - CONSUMO -;126856;Anterior a 2019;CAME;;Pendente
Brunidor - Consumo;BRUNIDOR - CONSUMO;126859;Anterior a 2019;CAME;;Pendente
Esculpidor - Consumo -;ESCULPIDOR - CONSUMO -;126860;Anterior a 2019;CAME;;Pendente
Esculpidor - Consumo -;ESCULPIDOR - CONSUMO -;126861;Anterior a 2019;CAME;;Pendente
Esculpidor - Consumo -;ESCULPIDOR - CONSUMO -;126862;Anterior a 2019;CAME;;Pendente
Pinca - Consumo -;PINCA - CONSUMO -;126863;Anterior a 2019;CAME;;Pendente
Cabo De Bisturi - Consumo -;CABO DE BISTURI - CONSUMO -;126880;Anterior a 2019;CAME;;Pendente
Cabo De Bisturi - Consumo -;CABO DE BISTURI - CONSUMO -;126881;Anterior a 2019;CAME;;Pendente
Cabo De Bisturi - Consumo -;CABO DE BISTURI - CONSUMO -;126882;Anterior a 2019;CAME;;Pendente
Brunidor - Consumo;BRUNIDOR - CONSUMO;126883;Anterior a 2019;CAME;;Pendente
Espatula - Consumo -;ESPATULA - CONSUMO -;126884;Anterior a 2019;CAME;;Pendente
Espatula - Consumo -;ESPATULA - CONSUMO -;126885;Anterior a 2019;CAME;;Pendente
Espatula - Consumo -;ESPATULA - CONSUMO -;126886;Anterior a 2019;CAME;;Pendente
Espatula - Consumo -;ESPATULA - CONSUMO -;126887;Anterior a 2019;CAME;;Pendente
Espatula - Consumo -;ESPATULA - CONSUMO -;126888;Anterior a 2019;CAME;;Pendente
Espatula - Consumo -;ESPATULA - CONSUMO -;126889;Anterior a 2019;CAME;;Pendente
Lamparina - Consumo -;LAMPARINA - CONSUMO -;126890;Anterior a 2019;CAME;;Pendente
Bisturi Eletrico;BISTURI ELETRICO;126891;Anterior a 2019;CAME;;Pendente
Bisturi Eletrico;BISTURI ELETRICO;126892;Anterior a 2019;CAME;;Pendente
Estojo Forceps  - Consumo -;ESTOJO FORCEPS  - CONSUMO -;126893;Anterior a 2019;CAME;;Pendente
Estojo Forceps  - Consumo -;ESTOJO FORCEPS  - CONSUMO -;126894;Anterior a 2019;CAME;;Pendente
Estojo Forceps  - Consumo -;ESTOJO FORCEPS  - CONSUMO -;126895;Anterior a 2019;CAME;;Pendente
Estojo Forceps  - Consumo -;ESTOJO FORCEPS  - CONSUMO -;126896;Anterior a 2019;CAME;;Pendente
Bandeja De Aco Inox  - Consumo -;BANDEJA DE ACO INOX  - CONSUMO -;127797;Anterior a 2019;CAME;;Pendente
Bandeja De Aco Inox  - Consumo -;BANDEJA DE ACO INOX  - CONSUMO -;127798;Anterior a 2019;CAME;;Pendente
Bandeja De Aco Inox  - Consumo -;BANDEJA DE ACO INOX  - CONSUMO -;127799;Anterior a 2019;CAME;;Pendente
Cubetas - Consumo -;CUBETAS - CONSUMO -;134429;Anterior a 2019;CAME;;Pendente
Boticao - Consumo -;BOTICAO - CONSUMO -;134430;Anterior a 2019;CAME;;Pendente
Cuba De Aco Inox - Consumo -;CUBA DE ACO INOX - CONSUMO -;134753;Anterior a 2019;CAME;;Pendente
Cuba De Aco Inox - Consumo -;CUBA DE ACO INOX - CONSUMO -;134754;Anterior a 2019;CAME;;Pendente
Cuba De Aco Inox - Consumo -;CUBA DE ACO INOX - CONSUMO -;134755;Anterior a 2019;CAME;;Pendente
Cuba De Aco Inox - Consumo -;CUBA DE ACO INOX - CONSUMO -;134756;Anterior a 2019;CAME;;Pendente
"Televisão 16""";"TELEVISOR EM CORES 16""";150627;Anterior a 2019;DIBEM;;Pendente
Televisão;MESA PARA APARELHO DE TV E VIDEO;150656;Anterior a 2019;DIBEM;;Pendente
Cadeira De Madeira Com Assento E Encosto Anatomico;CADEIRA DE MADEIRA COM ASSENTO E ENCOSTO ANATOMICO;154814;Anterior a 2019;DIBEM;;Pendente
Cadeira De Madeira Com Assento E Encosto Anatomico;CADEIRA DE MADEIRA COM ASSENTO E ENCOSTO ANATOMICO;154904;Anterior a 2019;DIBEM;;Pendente
Cadeira De Madeira Com Assento E Encosto Anatomico;CADEIRA DE MADEIRA COM ASSENTO E ENCOSTO ANATOMICO;154906;Anterior a 2019;DIBEM;;Pendente
Cadeira De Madeira Com Assento E Encosto Anatomico;CADEIRA DE MADEIRA COM ASSENTO E ENCOSTO ANATOMICO;154946;Anterior a 2019;DIBEM;;Pendente
Cadeira De Madeira Com Assento E Encosto Anatomico;CADEIRA DE MADEIRA COM ASSENTO E ENCOSTO ANATOMICO;154947;Anterior a 2019;DIBEM;;Pendente
Cadeira De Madeira Com Assento E Encosto Anatomico;CADEIRA DE MADEIRA COM ASSENTO E ENCOSTO ANATOMICO;154950;Anterior a 2019;DIBEM;;Pendente
Modulo Em Compensado;MODULO EM COMPENSADO;155516;Anterior a 2019;DIBEM;;Pendente
Mesa 02;MESA DE MADEIRA COM 02 GAVETAS;155930;Anterior a 2019;PRAE;;Pendente
Escrivaninha De Madeira Com Gavetas;ESCRIVANINHA DE MADEIRA COM GAVETAS;156063;Anterior a 2019;DIBEM;;Pendente
Escrivaninha De Madeira Com Gavetas;ESCRIVANINHA DE MADEIRA COM GAVETAS;156094;Anterior a 2019;DIBEM;;Pendente
Escrivaninha De Madeira Com Gavetas;ESCRIVANINHA DE MADEIRA COM GAVETAS;156105;Anterior a 2019;DIBEM;;Pendente
Escrivaninha De Madeira Com Gavetas;ESCRIVANINHA DE MADEIRA COM GAVETAS;156114;Anterior a 2019;DIBEM;;Pendente
Escrivaninha De Madeira Com Gavetas;ESCRIVANINHA DE MADEIRA COM GAVETAS;156116;Anterior a 2019;DIBEM;Residencia 2133;Bom
Escrivaninha De Madeira Com Gavetas;ESCRIVANINHA DE MADEIRA COM GAVETAS;156119;Anterior a 2019;DIBEM;;Pendente
Escrivaninha De Madeira Com Gavetas;ESCRIVANINHA DE MADEIRA COM GAVETAS;156122;Anterior a 2019;DIBEM;Residencia 2133;Ruim
Escrivaninha De Madeira Com Gavetas;ESCRIVANINHA DE MADEIRA COM GAVETAS;156124;Anterior a 2019;DIBEM;;Pendente
Escrivaninha De Madeira Com Gavetas;ESCRIVANINHA DE MADEIRA COM GAVETAS;156138;Anterior a 2019;DIBEM;Residencia 433;Ruim
Escrivaninha De Madeira Com Gavetas;ESCRIVANINHA DE MADEIRA COM GAVETAS;156145;Anterior a 2019;DIBEM;Residencia 2133;Bom
Escrivaninha De Madeira Com Gavetas;ESCRIVANINHA DE MADEIRA COM GAVETAS;156149;Anterior a 2019;DIBEM;;Pendente
Estante De Aco Aberta Com Prateleiras;ESTANTE DE ACO ABERTA COM PRATELEIRAS;157223;Anterior a 2019;CAME;;Pendente
Estante De Aco Aberta Com Prateleiras;ESTANTE DE ACO ABERTA COM PRATELEIRAS;157232;Anterior a 2019;CAME;;Pendente
Perfurador - Consumo -;PERFURADOR - CONSUMO -;161313;Anterior a 2019;PRAE;;Pendente
Mesa ;MESA PARA MICROCOMPUTADOR;162748;Anterior a 2019;DIBEM;Residência 1601;Ruim
Guarda-Roupa De Madeira Com Duas Portas;GUARDA-ROUPA DE MADEIRA COM DUAS PORTAS;164350;Anterior a 2019;DIBEM;;Pendente
Cadeira De Madeira Com Assento E Encosto Anatomico;CADEIRA DE MADEIRA COM ASSENTO E ENCOSTO ANATOMICO;164552;Anterior a 2019;DIBEM;;Pendente
Guarda-Roupa De Madeira Com Duas Portas;GUARDA-ROUPA DE MADEIRA COM DUAS PORTAS;164570;Anterior a 2019;DIBEM;;Pendente
Cadeira De Madeira Com Assento E Encosto Anatomico;CADEIRA DE MADEIRA COM ASSENTO E ENCOSTO ANATOMICO;164606;Anterior a 2019;DIBEM;Residencia 2133;Bom
Flanelografo;FLANELOGRAFO;165284;Anterior a 2019;CAME;;Pendente
Cadeira Fixa Com Assento E Encosto Em Palhinha;CADEIRA FIXA COM ASSENTO E ENCOSTO EM PALHINHA;165464;Anterior a 2019;PRAE;;Pendente
Luminaria;LUMINARIA;170141;Anterior a 2019;PRAE;;Pendente
Mesa 03;MESA DE MADEIRA COM 03 GAVETAS;171447;Anterior a 2019;CASE;;Pendente
Guarda-Roupa De Madeira Com Duas Portas;GUARDA-ROUPA DE MADEIRA COM DUAS PORTAS;172752;Anterior a 2019;DIBEM;;Pendente
Guarda-Roupa De Madeira Com Duas Portas;GUARDA-ROUPA DE MADEIRA COM DUAS PORTAS;172762;Anterior a 2019;DIBEM;;Pendente
Guarda-Roupa De Madeira Com Duas Portas;GUARDA-ROUPA DE MADEIRA COM DUAS PORTAS;172763;Anterior a 2019;DIBEM;;Pendente
Guarda-Roupa De Madeira Com Duas Portas;GUARDA-ROUPA DE MADEIRA COM DUAS PORTAS;172767;Anterior a 2019;DIBEM;;Pendente
Guarda-Roupa De Madeira Com Duas Portas;GUARDA-ROUPA DE MADEIRA COM DUAS PORTAS;172789;Anterior a 2019;DIBEM;;Pendente
Cadeira De Madeira Com Assento E Encosto Anatomico;CADEIRA DE MADEIRA COM ASSENTO E ENCOSTO ANATOMICO;173067;Anterior a 2019;DIBEM;;Pendente
Cadeira De Madeira Com Assento E Encosto Anatomico;CADEIRA DE MADEIRA COM ASSENTO E ENCOSTO ANATOMICO;173088;Anterior a 2019;DIBEM;;Pendente
Cama De Madeira Para Solteiro;CAMA DE MADEIRA PARA SOLTEIRO;173172;Anterior a 2019;DIBEM;;Pendente
Cama De Madeira Para Solteiro;CAMA DE MADEIRA PARA SOLTEIRO;173179;Anterior a 2019;DIBEM;;Pendente
Cama De Madeira Para Solteiro;CAMA DE MADEIRA PARA SOLTEIRO;173183;Anterior a 2019;DIBEM;;Pendente
Beliche De Madeira;BELICHE DE MADEIRA;173186;Anterior a 2019;DIBEM;;Pendente
Cadeira Fixa Com Assento E Encosto Em Palhinha;CADEIRA FIXA COM ASSENTO E ENCOSTO EM PALHINHA;175443;Anterior a 2019;PRAE;;Pendente
Mesa ;MESA PARA IMPRESSORA;176738;Anterior a 2019;PRAE;;Pendente
Cadeira Com Assento E Encosto De Madeira Montada E;CADEIRA COM ASSENTO E ENCOSTO DE MADEIRA MONTADA E;184574;Anterior a 2019;DIBEM;Residência 1601;Ruim
Cadeira Com Assento E Encosto De Madeira Montada E;CADEIRA COM ASSENTO E ENCOSTO DE MADEIRA MONTADA E;184587;Anterior a 2019;DIBEM;Residencia 2133;Ruim
Mesa ;MESA PARA MICROCOMPUTADOR;184667;Anterior a 2019;DIBEM;;Pendente
Refrigerador;FREEZER VERTICAL;184799;Anterior a 2019;DIBEM;;Pendente
Mesa ;CARTEIRA ESCOLAR INDIVIDUAL COM MESA E CADEIRA CON;184840;Anterior a 2019;DIBEM;Residencia 2216;Ruim
Guarda-Roupa De Madeira Com Duas Portas;GUARDA-ROUPA DE MADEIRA COM DUAS PORTAS;185672;Anterior a 2019;DIBEM;;Pendente
Guarda-Roupa De Madeira Com Duas Portas;GUARDA-ROUPA DE MADEIRA COM DUAS PORTAS;185673;Anterior a 2019;DIBEM;;Pendente
Guarda-Roupa De Madeira Com Duas Portas;GUARDA-ROUPA DE MADEIRA COM DUAS PORTAS;185684;Anterior a 2019;DIBEM;Residencia 2133;Ruim
Guarda-Roupa De Madeira Com Duas Portas;GUARDA-ROUPA DE MADEIRA COM DUAS PORTAS;185685;Anterior a 2019;DIBEM;Residencia 2133;Ruim
Guarda-Roupa De Madeira Com Duas Portas;GUARDA-ROUPA DE MADEIRA COM DUAS PORTAS;185688;Anterior a 2019;DIBEM;;Pendente
Cama De Aco Para Solteiro;CAMA DE ACO PARA SOLTEIRO;187507;Anterior a 2019;DIBEM;;Pendente
Cama De Aco Para Solteiro;CAMA DE ACO PARA SOLTEIRO;187524;Anterior a 2019;DIBEM;;Pendente
Mesa ;MESA DE MADEIRA SEM GAVETA;187526;Anterior a 2019;DIBEM;;Pendente
Mesa ;MESA DE MADEIRA SEM GAVETA;187527;Anterior a 2019;DIBEM;Residência 25;Bom
Mesa ;MESA DE MADEIRA SEM GAVETA;187528;Anterior a 2019;DIBEM;Residencia 2216;Bom
Mesa ;MESA DE MADEIRA SEM GAVETA;187529;Anterior a 2019;DIBEM;;Pendente
Mesa ;MESA DE MADEIRA SEM GAVETA;187530;Anterior a 2019;DIBEM;Residencia 2133;Bom
Mesa ;MESA DE MADEIRA SEM GAVETA;187531;Anterior a 2019;DIBEM;;Pendente
Mesa ;MESA DE MADEIRA SEM GAVETA;187532;Anterior a 2019;DIBEM;;Pendente
Mesa ;MESA DE MADEIRA SEM GAVETA;187533;Anterior a 2019;DIBEM;Residencia 2216;Bom
Mesa ;MESA DE MADEIRA SEM GAVETA;187538;Anterior a 2019;DIBEM;;Pendente
Mesa ;MESA DE MADEIRA SEM GAVETA;187539;Anterior a 2019;DIBEM;Residencia 2216;Bom
Mesa ;MESA DE MADEIRA SEM GAVETA;187544;Anterior a 2019;DIBEM;Residencia 2216;Bom
Mesa ;MESA DE MADEIRA SEM GAVETA;187549;Anterior a 2019;DIBEM;Residência 1601;Bom
Mesa ;MESA DE MADEIRA SEM GAVETA;187550;Anterior a 2019;DIBEM;;Pendente
Mesa ;MESA DE MADEIRA SEM GAVETA;187553;Anterior a 2019;DIBEM;Residência 1601;Bom
Mesa ;MESA DE MADEIRA SEM GAVETA;187556;Anterior a 2019;DIBEM;Residencia 2216;Bom
Mesa ;MESA DE MADEIRA SEM GAVETA;187560;Anterior a 2019;DIBEM;;Pendente
Mesa ;MESA DE MADEIRA SEM GAVETA;187562;Anterior a 2019;DIBEM;Residencia 250;Bom
Mesa ;MESA DE MADEIRA SEM GAVETA;187565;Anterior a 2019;DIBEM;;Pendente
Mesa ;MESA DE MADEIRA SEM GAVETA;187569;Anterior a 2019;DIBEM;;Pendente
Mesa ;MESA DE MADEIRA SEM GAVETA;187571;Anterior a 2019;DIBEM;;Pendente
Mesa ;MESA DE MADEIRA SEM GAVETA;187572;Anterior a 2019;DIBEM;Residência 148;Bom
Beliche De Aco;BELICHE DE ACO;187878;Anterior a 2019;DIBEM;;Pendente
Guarda-Roupa De Madeira Com Duas Portas;GUARDA-ROUPA DE MADEIRA COM DUAS PORTAS;191285;Anterior a 2019;DIBEM;;Pendente
Armario De Madeira Com Portas Corredicas;ARMARIO DE MADEIRA COM PORTAS CORREDICAS;191330;Anterior a 2019;DIBEM;;Pendente
Mesa ;MESA DE MADEIRA SEM GAVETA;195944;Anterior a 2019;DIBEM;;Pendente
Mesa 02;MESA DE MADEIRA COM 02 GAVETAS;195966;Anterior a 2019;DIBEM;;Pendente
Impressora Matricial;IMPRESSORA MATRICIAL;196237;Anterior a 2019;DIBEM;;Pendente
Flanelografo;FLANELOGRAFO;196652;Anterior a 2019;DIBEM;;Pendente
Ventilador De Teto;VENTILADOR DE TETO;197423;Anterior a 2019;DIBEM;;Pendente
Carteira Escolar Universitaria De Polipropileno Mo;CARTEIRA ESCOLAR UNIVERSITARIA DE POLIPROPILENO MO;197572;Anterior a 2019;DIBEM;;Pendente
Mesa ;MESA DE CABECEIRA;197730;Anterior a 2019;DIBEM;;Pendente
Cama De Madeira Para Solteiro;CAMA DE MADEIRA PARA SOLTEIRO;198598;Anterior a 2019;DIBEM;;Pendente
Criado-Mudo;CRIADO-MUDO;198603;Anterior a 2019;DIBEM;;Pendente
Criado-Mudo;CRIADO-MUDO;198605;Anterior a 2019;PRAE;;Pendente
Liquidificador Domestico;LIQUIDIFICADOR DOMESTICO;199372;Anterior a 2019;DIBEM;;Pendente
Liquidificador Domestico;LIQUIDIFICADOR DOMESTICO;199373;Anterior a 2019;DIBEM;;Pendente
Liquidificador Domestico;LIQUIDIFICADOR DOMESTICO;199374;Anterior a 2019;DIBEM;;Pendente
Liquidificador Domestico;LIQUIDIFICADOR DOMESTICO;199376;Anterior a 2019;DIBEM;;Pendente
Liquidificador Domestico;LIQUIDIFICADOR DOMESTICO;199382;Anterior a 2019;DIBEM;;Pendente
Armario De Madeira Com Revestimento De Formica;ARMARIO DE MADEIRA COM REVESTIMENTO DE FORMICA;204128;Anterior a 2019;DIBEM;;Pendente
Estabilizador De Tensao;ESTABILIZADOR DE TENSAO;206378;Anterior a 2019;DIBEM;;Pendente
Estabilizador De Tensao;ESTABILIZADOR DE TENSAO;206415;Anterior a 2019;PRAE;;Pendente
Carteira  Com Assento E Encosto Em Madeira;CARTEIRA  COM ASSENTO E ENCOSTO EM MADEIRA;207298;Anterior a 2019;DIBEM;;Pendente
Estabilizador De Tensao;ESTABILIZADOR DE TENSAO;209544;Anterior a 2019;PRAE;;Pendente
Poltrona Lobby 610;POLTRONA LOBBY 610;214100;Anterior a 2019;PRAE;;Pendente
Refrigerador DE 300 A 399L;REFRIGERADOR DOMESTICO COM CAPACIDADE DE 300 A 399;214548;Anterior a 2019;DIBEM;;Pendente
Ar Condicionado 18.500 BTUs;APARELHO DE AR CONDICIONADO DE 18.500 BTU'S;214779;Anterior a 2019;PRAE;;Pendente
"Televisão 20""";"TELEVISOR EM CORES DE 20""";214982;Anterior a 2019;DIBEM;;Pendente
"Televisão 20""";"TELEVISOR EM CORES DE 20""";214983;Anterior a 2019;DIBEM;;Pendente
"Televisão 20""";"TELEVISOR EM CORES DE 20""";214985;Anterior a 2019;DIBEM;;Pendente
Mesa 02;MESA DE MADEIRA COM 02 GAVETAS;216300;Anterior a 2019;DIBEM;;Pendente
Mesa 02;MESA DE MADEIRA COM 02 GAVETAS;216314;Anterior a 2019;DIBEM;Residencia 2133;Bom
Mesa 02;MESA DE MADEIRA COM 02 GAVETAS;216321;Anterior a 2019;DIBEM;Residência 148;Bom
Mesa 02;MESA DE MADEIRA COM 02 GAVETAS;216323;Anterior a 2019;DIBEM;Residencia 2133;Ruim
Mesa 02;MESA DE MADEIRA COM 02 GAVETAS;216325;Anterior a 2019;DIBEM;;Pendente
Mesa 02;MESA DE MADEIRA COM 02 GAVETAS;216331;Anterior a 2019;DIBEM;;Pendente
Mesa 02;MESA DE MADEIRA COM 02 GAVETAS;216332;Anterior a 2019;DIBEM;;Pendente
Mesa 02;MESA DE MADEIRA COM 02 GAVETAS;216333;Anterior a 2019;DIBEM;;Pendente
Mesa 02;MESA DE MADEIRA COM 02 GAVETAS;216337;Anterior a 2019;DIBEM;;Pendente
Mesa 02;MESA DE MADEIRA COM 02 GAVETAS;216338;Anterior a 2019;DIBEM;;Pendente
Mesa 02;MESA DE MADEIRA COM 02 GAVETAS;216342;Anterior a 2019;DIBEM;Residência 148;Ruim
Mesa 02;MESA DE MADEIRA COM 02 GAVETAS;216343;Anterior a 2019;DIBEM;;Pendente
Mesa 02;MESA DE MADEIRA COM 02 GAVETAS;216344;Anterior a 2019;DIBEM;Residência 148;Ruim
Mesa 02;MESA DE MADEIRA COM 02 GAVETAS;216345;Anterior a 2019;DIBEM;;Pendente
Mesa 02;MESA DE MADEIRA COM 02 GAVETAS;216346;Anterior a 2019;DIBEM;;Pendente
Mesa 02;MESA DE MADEIRA COM 02 GAVETAS;216347;Anterior a 2019;DIBEM;;Pendente
Mesa 02;MESA DE MADEIRA COM 02 GAVETAS;216351;Anterior a 2019;DIBEM;Residencia 250;Inservível
Mesa 02;MESA DE MADEIRA COM 02 GAVETAS;216352;Anterior a 2019;DIBEM;Residencia 250;Inservível
Mesa 02;MESA DE MADEIRA COM 02 GAVETAS;216362;Anterior a 2019;DIBEM;;Pendente
Mesa 02;MESA DE MADEIRA COM 02 GAVETAS;216365;Anterior a 2019;DIBEM;;Pendente
Mesa 02;MESA DE MADEIRA COM 02 GAVETAS;216379;Anterior a 2019;DIBEM;Residência 1601;Ruim
Mesa 02;MESA DE MADEIRA COM 02 GAVETAS;216382;Anterior a 2019;DIBEM;;Pendente
Mesa 02;MESA DE MADEIRA COM 02 GAVETAS;216383;Anterior a 2019;DIBEM;;Pendente
Mesa 02;MESA DE MADEIRA COM 02 GAVETAS;216385;Anterior a 2019;DIBEM;;Pendente
Mesa 02;MESA DE MADEIRA COM 02 GAVETAS;216387;Anterior a 2019;DIBEM;Residencia 2133;Bom
Mesa 02;MESA DE MADEIRA COM 02 GAVETAS;216388;Anterior a 2019;DIBEM;;Pendente
Mesa 02;MESA DE MADEIRA COM 02 GAVETAS;216389;Anterior a 2019;DIBEM;Residencia 2133;Bom
Mesa 02;MESA DE MADEIRA COM 02 GAVETAS;216392;Anterior a 2019;DIBEM;Residencia 2133;Bom
Mesa 02;MESA DE MADEIRA COM 02 GAVETAS;216397;Anterior a 2019;DIBEM;;Pendente
Mesa 02;MESA DE MADEIRA COM 02 GAVETAS;216398;Anterior a 2019;DIBEM;Residencia 2133;Ruim
Mesa 02;MESA DE MADEIRA COM 02 GAVETAS;216399;Anterior a 2019;DIBEM;Residência 1601;Ruim
Mesa 02;MESA DE MADEIRA COM 02 GAVETAS;216409;Anterior a 2019;DIBEM;Residencia 2216;Bom
Mesa 02;MESA DE MADEIRA COM 02 GAVETAS;216410;Anterior a 2019;DIBEM;Residencia 2216;Bom
Mesa 02;MESA DE MADEIRA COM 02 GAVETAS;216412;Anterior a 2019;DIBEM;;Pendente
Mesa 02;MESA DE MADEIRA COM 02 GAVETAS;216414;Anterior a 2019;DIBEM;Residencia 2216;Ruim
Mesa 02;MESA DE MADEIRA COM 02 GAVETAS;216415;Anterior a 2019;DIBEM;Residencia 2216;Ruim
Mesa 02;MESA DE MADEIRA COM 02 GAVETAS;216416;Anterior a 2019;DIBEM;Residencia 2216;Bom
Mesa 02;MESA DE MADEIRA COM 02 GAVETAS;216417;Anterior a 2019;DIBEM;Residencia 2216;Bom
Mesa 02;MESA DE MADEIRA COM 02 GAVETAS;216418;Anterior a 2019;DIBEM;Residencia 2216;Bom
Mesa 02;MESA DE MADEIRA COM 02 GAVETAS;216420;Anterior a 2019;DIBEM;;Pendente
Mesa 02;MESA DE MADEIRA COM 02 GAVETAS;216422;Anterior a 2019;DIBEM;;Pendente
Mesa 02;MESA DE MADEIRA COM 02 GAVETAS;216423;Anterior a 2019;DIBEM;;Pendente
Mesa 02;MESA DE MADEIRA COM 02 GAVETAS;216426;Anterior a 2019;DIBEM;;Pendente
Mesa 02;MESA DE MADEIRA COM 02 GAVETAS;216427;Anterior a 2019;DIBEM;;Pendente
Mesa 02;MESA DE MADEIRA COM 02 GAVETAS;216428;Anterior a 2019;DIBEM;;Pendente
Mesa 02;MESA DE MADEIRA COM 02 GAVETAS;216430;Anterior a 2019;DIBEM;;Pendente
Mesa 02;MESA DE MADEIRA COM 02 GAVETAS;216431;Anterior a 2019;DIBEM;;Pendente
Mesa 02;MESA DE MADEIRA COM 02 GAVETAS;216433;Anterior a 2019;DIBEM;;Pendente
Quadro Branco Magnetizado;QUADRO BRANCO MAGNETIZADO;216479;Anterior a 2019;DIBEM;Residência 25;Inservível
Quadro Branco Magnetizado;QUADRO BRANCO MAGNETIZADO;216481;Anterior a 2019;DIBEM;;Pendente
Quadro Branco Magnetizado;QUADRO BRANCO MAGNETIZADO;216483;Anterior a 2019;DIBEM;;Pendente
Quadro Branco Magnetizado;QUADRO BRANCO MAGNETIZADO;216484;Anterior a 2019;DIBEM;;Pendente
Quadro Branco Magnetizado;QUADRO BRANCO MAGNETIZADO;216492;Anterior a 2019;DIBEM;;Pendente
Beliche De Madeira;BELICHE DE MADEIRA;218658;Anterior a 2019;DIBEM;;Pendente
Beliche De Madeira;BELICHE DE MADEIRA;218659;Anterior a 2019;DIBEM;;Pendente
Beliche De Madeira;BELICHE DE MADEIRA;218660;Anterior a 2019;DIBEM;;Pendente
Beliche De Madeira;BELICHE DE MADEIRA;218661;Anterior a 2019;DIBEM;;Pendente
Beliche De Madeira;BELICHE DE MADEIRA;218663;Anterior a 2019;DIBEM;Residencia 2216;Bom
Beliche De Madeira;BELICHE DE MADEIRA;218664;Anterior a 2019;DIBEM;;Pendente
Beliche De Madeira;BELICHE DE MADEIRA;218668;Anterior a 2019;DIBEM;Residencia 2133;Bom
Beliche De Madeira;BELICHE DE MADEIRA;218669;Anterior a 2019;DIBEM;Residencia 2133;Ruim
Beliche De Madeira;BELICHE DE MADEIRA;218670;Anterior a 2019;DIBEM;Residencia 2133;Ruim
Beliche De Madeira;BELICHE DE MADEIRA;218673;Anterior a 2019;DIBEM;Residencia 2133;Ruim
Beliche De Madeira;BELICHE DE MADEIRA;218676;Anterior a 2019;DIBEM;;Pendente
Beliche De Madeira;BELICHE DE MADEIRA;218679;Anterior a 2019;DIBEM;;Pendente
Beliche De Madeira;BELICHE DE MADEIRA;218681;Anterior a 2019;DIBEM;;Pendente
Beliche De Madeira;BELICHE DE MADEIRA;218683;Anterior a 2019;DIBEM;;Pendente
Beliche De Madeira;BELICHE DE MADEIRA;218684;Anterior a 2019;DIBEM;Residência 1601;Bom
Beliche De Madeira;BELICHE DE MADEIRA;218687;Anterior a 2019;DIBEM;Residencia 2216;Bom
Beliche De Madeira;BELICHE DE MADEIRA;218689;Anterior a 2019;DIBEM;Residencia 2216;Bom
Beliche De Madeira;BELICHE DE MADEIRA;218690;Anterior a 2019;DIBEM;Residencia 2216;Ruim
Beliche De Madeira;BELICHE DE MADEIRA;218692;Anterior a 2019;DIBEM;Residencia 2216;Bom
Beliche De Madeira;BELICHE DE MADEIRA;218695;Anterior a 2019;DIBEM;;Pendente
Beliche De Madeira;BELICHE DE MADEIRA;218696;Anterior a 2019;DIBEM;Residencia 2216;Bom
Beliche De Madeira;BELICHE DE MADEIRA;218699;Anterior a 2019;DIBEM;Residencia 2216;Bom
Beliche De Madeira;BELICHE DE MADEIRA;218700;Anterior a 2019;DIBEM;Residencia 2216;Bom
Beliche De Madeira;BELICHE DE MADEIRA;218701;Anterior a 2019;DIBEM;Residencia 2216;Bom
Beliche De Madeira;BELICHE DE MADEIRA;218703;Anterior a 2019;DIBEM;Residencia 2216;Bom
Beliche De Madeira;BELICHE DE MADEIRA;218705;Anterior a 2019;DIBEM;Residência 1601;Bom
Beliche De Madeira;BELICHE DE MADEIRA;218706;Anterior a 2019;DIBEM;Residencia 2133;Bom
Beliche De Madeira;BELICHE DE MADEIRA;218708;Anterior a 2019;DIBEM;;Pendente
Beliche De Madeira;BELICHE DE MADEIRA;218709;Anterior a 2019;DIBEM;;Pendente
Beliche De Madeira;BELICHE DE MADEIRA;218711;Anterior a 2019;DIBEM;;Pendente
Beliche De Madeira;BELICHE DE MADEIRA;218712;Anterior a 2019;DIBEM;;Pendente
Beliche De Madeira;BELICHE DE MADEIRA;218716;Anterior a 2019;DIBEM;;Pendente
Guarda-Roupa De Madeira Com Duas Portas;GUARDA-ROUPA DE MADEIRA COM DUAS PORTAS;218898;Anterior a 2019;DIBEM;;Pendente
Guarda-Roupa De Madeira Com Duas Portas;GUARDA-ROUPA DE MADEIRA COM DUAS PORTAS;218911;Anterior a 2019;DIBEM;;Pendente
Guarda-Roupa De Madeira Com Duas Portas;GUARDA-ROUPA DE MADEIRA COM DUAS PORTAS;218926;Anterior a 2019;DIBEM;;Pendente
Guarda-Roupa De Madeira Com Duas Portas;GUARDA-ROUPA DE MADEIRA COM DUAS PORTAS;218929;Anterior a 2019;DIBEM;;Pendente
Guarda-Roupa De Madeira Com Duas Portas;GUARDA-ROUPA DE MADEIRA COM DUAS PORTAS;218939;Anterior a 2019;DIBEM;;Pendente
Guarda-Roupa De Madeira Com Duas Portas;GUARDA-ROUPA DE MADEIRA COM DUAS PORTAS;218946;Anterior a 2019;DIBEM;;Pendente
Flanelografo;FLANELOGRAFO;219073;Anterior a 2019;DIBEM;;Pendente
Cadeira Com Assento E Encosto De Madeira Montada E;CADEIRA COM ASSENTO E ENCOSTO DE MADEIRA MONTADA E;219442;Anterior a 2019;DIBEM;;Pendente
Cadeira Com Assento E Encosto De Madeira Montada E;CADEIRA COM ASSENTO E ENCOSTO DE MADEIRA MONTADA E;219443;Anterior a 2019;DIBEM;Residência 25;Ruim
Cadeira Com Assento E Encosto De Madeira Montada E;CADEIRA COM ASSENTO E ENCOSTO DE MADEIRA MONTADA E;219448;Anterior a 2019;DIBEM;;Pendente
Cadeira Com Assento E Encosto De Madeira Montada E;CADEIRA COM ASSENTO E ENCOSTO DE MADEIRA MONTADA E;219450;Anterior a 2019;DIBEM;;Pendente
Cadeira Com Assento E Encosto De Madeira Montada E;CADEIRA COM ASSENTO E ENCOSTO DE MADEIRA MONTADA E;219455;Anterior a 2019;DIBEM;;Pendente
Cadeira Com Assento E Encosto De Madeira Montada E;CADEIRA COM ASSENTO E ENCOSTO DE MADEIRA MONTADA E;219458;Anterior a 2019;DIBEM;Residencia 2216;Bom
Cadeira Com Assento E Encosto De Madeira Montada E;CADEIRA COM ASSENTO E ENCOSTO DE MADEIRA MONTADA E;219459;Anterior a 2019;DIBEM;;Pendente
Cadeira Com Assento E Encosto De Madeira Montada E;CADEIRA COM ASSENTO E ENCOSTO DE MADEIRA MONTADA E;219462;Anterior a 2019;DIBEM;;Pendente
Cadeira Com Assento E Encosto De Madeira Montada E;CADEIRA COM ASSENTO E ENCOSTO DE MADEIRA MONTADA E;219463;Anterior a 2019;DIBEM;;Pendente
Cadeira Com Assento E Encosto De Madeira Montada E;CADEIRA COM ASSENTO E ENCOSTO DE MADEIRA MONTADA E;219466;Anterior a 2019;DIBEM;Residencia 125;Ruim
Cadeira Com Assento E Encosto De Madeira Montada E;CADEIRA COM ASSENTO E ENCOSTO DE MADEIRA MONTADA E;219467;Anterior a 2019;DIBEM;Residencia 2216;Ruim
Cadeira Com Assento E Encosto De Madeira Montada E;CADEIRA COM ASSENTO E ENCOSTO DE MADEIRA MONTADA E;219468;Anterior a 2019;DIBEM;;Pendente
Cadeira Com Assento E Encosto De Madeira Montada E;CADEIRA COM ASSENTO E ENCOSTO DE MADEIRA MONTADA E;219470;Anterior a 2019;DIBEM;Residencia 2216;Bom
Cadeira Com Assento E Encosto De Madeira Montada E;CADEIRA COM ASSENTO E ENCOSTO DE MADEIRA MONTADA E;219472;Anterior a 2019;DIBEM;Residência 148;Ruim
Cadeira Com Assento E Encosto De Madeira Montada E;CADEIRA COM ASSENTO E ENCOSTO DE MADEIRA MONTADA E;219474;Anterior a 2019;DIBEM;Residencia 2216;Bom
Cadeira Com Assento E Encosto De Madeira Montada E;CADEIRA COM ASSENTO E ENCOSTO DE MADEIRA MONTADA E;219475;Anterior a 2019;DIBEM;Residencia 2216;Bom
Cadeira Com Assento E Encosto De Madeira Montada E;CADEIRA COM ASSENTO E ENCOSTO DE MADEIRA MONTADA E;219476;Anterior a 2019;DIBEM;;Pendente
Cadeira Com Assento E Encosto De Madeira Montada E;CADEIRA COM ASSENTO E ENCOSTO DE MADEIRA MONTADA E;219477;Anterior a 2019;DIBEM;Residencia 2216;Bom
Cadeira Com Assento E Encosto De Madeira Montada E;CADEIRA COM ASSENTO E ENCOSTO DE MADEIRA MONTADA E;219482;Anterior a 2019;DIBEM;;Pendente
Cadeira Com Assento E Encosto De Madeira Montada E;CADEIRA COM ASSENTO E ENCOSTO DE MADEIRA MONTADA E;219483;Anterior a 2019;DIBEM;;Pendente
Cadeira Com Assento E Encosto De Madeira Montada E;CADEIRA COM ASSENTO E ENCOSTO DE MADEIRA MONTADA E;219487;Anterior a 2019;DIBEM;;Pendente
Cadeira Com Assento E Encosto De Madeira Montada E;CADEIRA COM ASSENTO E ENCOSTO DE MADEIRA MONTADA E;219488;Anterior a 2019;DIBEM;;Pendente
Cadeira Com Assento E Encosto De Madeira Montada E;CADEIRA COM ASSENTO E ENCOSTO DE MADEIRA MONTADA E;219491;Anterior a 2019;DIBEM;Residencia 2216;Bom
Cadeira Com Assento E Encosto De Madeira Montada E;CADEIRA COM ASSENTO E ENCOSTO DE MADEIRA MONTADA E;219494;Anterior a 2019;DIBEM;;Pendente
Cadeira Com Assento E Encosto De Madeira Montada E;CADEIRA COM ASSENTO E ENCOSTO DE MADEIRA MONTADA E;219496;Anterior a 2019;DIBEM;Residencia 250;Ruim
Cadeira Com Assento E Encosto De Madeira Montada E;CADEIRA COM ASSENTO E ENCOSTO DE MADEIRA MONTADA E;219497;Anterior a 2019;DIBEM;Residencia 250;Ruim
Cadeira Com Assento E Encosto De Madeira Montada E;CADEIRA COM ASSENTO E ENCOSTO DE MADEIRA MONTADA E;219499;Anterior a 2019;DIBEM;;Pendente
Cadeira Com Assento E Encosto De Madeira Montada E;CADEIRA COM ASSENTO E ENCOSTO DE MADEIRA MONTADA E;219501;Anterior a 2019;DIBEM;;Pendente
Cadeira Com Assento E Encosto De Madeira Montada E;CADEIRA COM ASSENTO E ENCOSTO DE MADEIRA MONTADA E;219505;Anterior a 2019;DIBEM;;Pendente
Cadeira Com Assento E Encosto De Madeira Montada E;CADEIRA COM ASSENTO E ENCOSTO DE MADEIRA MONTADA E;219517;Anterior a 2019;DIBEM;;Pendente
Cadeira Com Assento E Encosto De Madeira Montada E;CADEIRA COM ASSENTO E ENCOSTO DE MADEIRA MONTADA E;219518;Anterior a 2019;DIBEM;;Pendente
Cadeira Com Assento E Encosto De Madeira Montada E;CADEIRA COM ASSENTO E ENCOSTO DE MADEIRA MONTADA E;219524;Anterior a 2019;DIBEM;;Pendente
Cadeira Com Assento E Encosto De Madeira Montada E;CADEIRA COM ASSENTO E ENCOSTO DE MADEIRA MONTADA E;219529;Anterior a 2019;DIBEM;Residência 1601;Ruim
Cadeira Com Assento E Encosto De Madeira Montada E;CADEIRA COM ASSENTO E ENCOSTO DE MADEIRA MONTADA E;219532;Anterior a 2019;DIBEM;Residencia 2133;Ruim
Cadeira Com Assento E Encosto De Madeira Montada E;CADEIRA COM ASSENTO E ENCOSTO DE MADEIRA MONTADA E;219540;Anterior a 2019;DIBEM;;Pendente
Cadeira Com Assento E Encosto De Madeira Montada E;CADEIRA COM ASSENTO E ENCOSTO DE MADEIRA MONTADA E;219543;Anterior a 2019;DIBEM;;Pendente
Cadeira Com Assento E Encosto De Madeira Montada E;CADEIRA COM ASSENTO E ENCOSTO DE MADEIRA MONTADA E;219544;Anterior a 2019;DIBEM;Residencia 2133;Bom
Cadeira Com Assento E Encosto De Madeira Montada E;CADEIRA COM ASSENTO E ENCOSTO DE MADEIRA MONTADA E;219549;Anterior a 2019;DIBEM;;Pendente
Cadeira Com Assento E Encosto De Madeira Montada E;CADEIRA COM ASSENTO E ENCOSTO DE MADEIRA MONTADA E;219551;Anterior a 2019;DIBEM;;Pendente
Cadeira Com Assento E Encosto De Madeira Montada E;CADEIRA COM ASSENTO E ENCOSTO DE MADEIRA MONTADA E;219552;Anterior a 2019;DIBEM;;Pendente
Cadeira Com Assento E Encosto De Madeira Montada E;CADEIRA COM ASSENTO E ENCOSTO DE MADEIRA MONTADA E;219554;Anterior a 2019;DIBEM;Residencia 2216;Bom
Cadeira Com Assento E Encosto De Madeira Montada E;CADEIRA COM ASSENTO E ENCOSTO DE MADEIRA MONTADA E;219555;Anterior a 2019;DIBEM;;Pendente
Cadeira Com Assento E Encosto De Madeira Montada E;CADEIRA COM ASSENTO E ENCOSTO DE MADEIRA MONTADA E;219556;Anterior a 2019;DIBEM;Residencia 2216;Bom
Cadeira Com Assento E Encosto De Madeira Montada E;CADEIRA COM ASSENTO E ENCOSTO DE MADEIRA MONTADA E;219557;Anterior a 2019;DIBEM;Residencia 2216;Bom
Cadeira Com Assento E Encosto De Madeira Montada E;CADEIRA COM ASSENTO E ENCOSTO DE MADEIRA MONTADA E;219558;Anterior a 2019;DIBEM;;Pendente
Cadeira Com Assento E Encosto De Madeira Montada E;CADEIRA COM ASSENTO E ENCOSTO DE MADEIRA MONTADA E;219559;Anterior a 2019;DIBEM;Residencia 2216;Bom
Cadeira Com Assento E Encosto De Madeira Montada E;CADEIRA COM ASSENTO E ENCOSTO DE MADEIRA MONTADA E;219560;Anterior a 2019;DIBEM;Residencia 2216;Bom
Cadeira Com Assento E Encosto De Madeira Montada E;CADEIRA COM ASSENTO E ENCOSTO DE MADEIRA MONTADA E;219561;Anterior a 2019;DIBEM;;Pendente
Cadeira Com Assento E Encosto De Madeira Montada E;CADEIRA COM ASSENTO E ENCOSTO DE MADEIRA MONTADA E;219562;Anterior a 2019;DIBEM;Residencia 2216;Bom
Cadeira Com Assento E Encosto De Madeira Montada E;CADEIRA COM ASSENTO E ENCOSTO DE MADEIRA MONTADA E;219563;Anterior a 2019;DIBEM;Residencia 2216;Bom
Cadeira Com Assento E Encosto De Madeira Montada E;CADEIRA COM ASSENTO E ENCOSTO DE MADEIRA MONTADA E;219564;Anterior a 2019;DIBEM;Residencia 2216;Bom
Cadeira Com Assento E Encosto De Madeira Montada E;CADEIRA COM ASSENTO E ENCOSTO DE MADEIRA MONTADA E;219565;Anterior a 2019;DIBEM;Residencia 2216;Bom
Cadeira Com Assento E Encosto De Madeira Montada E;CADEIRA COM ASSENTO E ENCOSTO DE MADEIRA MONTADA E;219566;Anterior a 2019;DIBEM;;Pendente
Cadeira Com Assento E Encosto De Madeira Montada E;CADEIRA COM ASSENTO E ENCOSTO DE MADEIRA MONTADA E;219570;Anterior a 2019;DIBEM;;Pendente
Cadeira Com Assento E Encosto De Madeira Montada E;CADEIRA COM ASSENTO E ENCOSTO DE MADEIRA MONTADA E;219571;Anterior a 2019;DIBEM;;Pendente
Cadeira Com Assento E Encosto De Madeira Montada E;CADEIRA COM ASSENTO E ENCOSTO DE MADEIRA MONTADA E;219574;Anterior a 2019;DIBEM;;Pendente
Cadeira Com Assento E Encosto De Madeira Montada E;CADEIRA COM ASSENTO E ENCOSTO DE MADEIRA MONTADA E;219575;Anterior a 2019;DIBEM;;Pendente
Cadeira Com Assento E Encosto De Madeira Montada E;CADEIRA COM ASSENTO E ENCOSTO DE MADEIRA MONTADA E;219576;Anterior a 2019;DIBEM;;Pendente
Cadeira Com Assento E Encosto De Madeira Montada E;CADEIRA COM ASSENTO E ENCOSTO DE MADEIRA MONTADA E;219577;Anterior a 2019;DIBEM;;Pendente
Cadeira Com Assento E Encosto De Madeira Montada E;CADEIRA COM ASSENTO E ENCOSTO DE MADEIRA MONTADA E;219579;Anterior a 2019;DIBEM;;Pendente
Cadeira Com Assento E Encosto De Madeira Montada E;CADEIRA COM ASSENTO E ENCOSTO DE MADEIRA MONTADA E;219580;Anterior a 2019;DIBEM;;Pendente
Armario De Madeira Com Portas De Abrir;ARMARIO DE MADEIRA COM PORTAS DE ABRIR;219581;Anterior a 2019;DIBEM;;Pendente
Ventilador De Teto;VENTILADOR DE TETO;219915;Anterior a 2019;DIBEM;;Pendente
Ventilador De Teto;VENTILADOR DE TETO;219919;Anterior a 2019;DIBEM;;Pendente
Ventilador De Teto;VENTILADOR DE TETO;219920;Anterior a 2019;DIBEM;;Pendente
Ventilador De Teto;VENTILADOR DE TETO;219922;Anterior a 2019;DIBEM;;Pendente
Poltrona Lobby 610;POLTRONA LOBBY 610;219976;Anterior a 2019;PRAE;;Pendente
Bebedouro Eletrico Industrial;BEBEDOURO ELETRICO INDUSTRIAL;221102;Anterior a 2019;PRAE;;Pendente
Ar Condicionado 10.000 BTUs;"APARELHO DE AR CONDICIONADO DE 10.000 BTU""S";221202;Anterior a 2019;PRAE;;Pendente
Ar Condicionado 10.000 BTUs;"APARELHO DE AR CONDICIONADO DE 10.000 BTU""S";221203;Anterior a 2019;PRAE;;Pendente
Ar Condicionado 10.000 BTUs;"APARELHO DE AR CONDICIONADO DE 10.000 BTU""S";221204;Anterior a 2019;PRAE;;Pendente
Mesa ;MESA PARA MICROCOMPUTADOR;221375;Anterior a 2019;DIBEM;;Pendente
Gaveteiro;GAVETEIRO;221500;Anterior a 2019;PRAE;;Pendente
Gaveteiro;GAVETEIRO;221501;Anterior a 2019;PRAE;;Pendente
Gaveteiro;GAVETEIRO;221504;Anterior a 2019;PRAE;;Pendente
Gaveteiro;GAVETEIRO;221505;Anterior a 2019;PRAE;;Pendente
Gaveteiro;GAVETEIRO;221509;Anterior a 2019;PRAE;;Pendente
Gaveteiro;GAVETEIRO;221514;Anterior a 2019;PRAE;;Pendente
Cadeira Fixa Com Assento E Encosto Estofados;CADEIRA FIXA COM ASSENTO E ENCOSTO ESTOFADOS;221666;Anterior a 2019;PRAE;;Pendente
Cadeira Fixa Com Assento E Encosto Estofados;CADEIRA FIXA COM ASSENTO E ENCOSTO ESTOFADOS;221668;Anterior a 2019;PRAE;;Pendente
Cadeira Fixa Com Assento E Encosto Estofados;CADEIRA FIXA COM ASSENTO E ENCOSTO ESTOFADOS;221670;Anterior a 2019;PRAE;;Pendente
Cadeira Fixa Com Assento E Encosto Estofados;CADEIRA FIXA COM ASSENTO E ENCOSTO ESTOFADOS;221672;Anterior a 2019;PRAE;;Pendente
Mesa Angular ;MESA RETANGULAR DE MADEIRA PARA REUNIAO;221733;Anterior a 2019;PRAE;;Pendente
Cadeira Fixa Com Assento E Encosto Estofados;CADEIRA FIXA COM ASSENTO E ENCOSTO ESTOFADOS;221739;Anterior a 2019;PRAE;;Pendente
Cadeira Fixa Com Assento E Encosto Estofados;CADEIRA FIXA COM ASSENTO E ENCOSTO ESTOFADOS;221744;Anterior a 2019;PRAE;;Pendente
Cadeira Giratoria Com Rodizios, Assento E Encosto;CADEIRA GIRATORIA COM RODIZIOS, ASSENTO E ENCOSTO;221762;Anterior a 2019;DIBEM;;Pendente
Cadeira Giratoria Com Rodizios, Assento E Encosto;CADEIRA GIRATORIA COM RODIZIOS, ASSENTO E ENCOSTO;221765;Anterior a 2019;PRAE;;Pendente
Mesa 03;MESA DE MADEIRA COM 03 GAVETAS;221769;Anterior a 2019;PRAE;;Pendente
Mesa 03;MESA DE MADEIRA COM 03 GAVETAS;221773;Anterior a 2019;PRAE;;Pendente
Mesa 03;MESA DE MADEIRA COM 03 GAVETAS;221775;Anterior a 2019;PRAE;;Pendente
Cadeira Giratoria Com Rodizios, Assento E Encosto;CADEIRA GIRATORIA COM RODIZIOS, ASSENTO E ENCOSTO;221781;Anterior a 2019;PRAE;;Pendente
Mesa ;MESA PARA MICROCOMPUTADOR;221797;Anterior a 2019;PRAE;;Pendente
Balcao De Madeira;BALCAO DE MADEIRA;221799;Anterior a 2019;PRAE;;Pendente
Armario De Madeira Com Portas De Abrir;ARMARIO DE MADEIRA COM PORTAS DE ABRIR;221800;Anterior a 2019;DIBEM;Residencia 2133;Bom
Mesa 03;MESA DE MADEIRA COM 03 GAVETAS;221926;Anterior a 2019;PRAE;Residencia 433;Ruim
Mesa 03;MESA DE MADEIRA COM 03 GAVETAS;221928;Anterior a 2019;PRAE;Residencia 250;Bom
Mesa 03;MESA DE MADEIRA COM 03 GAVETAS;221929;Anterior a 2019;PRAE;Residencia 2133;Bom
Cadeira Fixa Com Assento E Encosto Estofados;CADEIRA FIXA COM ASSENTO E ENCOSTO ESTOFADOS;221959;Anterior a 2019;PRAE;;Pendente
Poltrona Lobby 610;POLTRONA LOBBY 610;222223;Anterior a 2019;PRAE;;Pendente
Poltrona Lobby 610;POLTRONA LOBBY 610;222224;Anterior a 2019;PRAE;;Pendente
Sofa Com Capacidade Para 03 Lugares;SOFA COM CAPACIDADE PARA 03 LUGARES;222225;Anterior a 2019;PRAE;;Pendente
Sofa Com Capacidade Para 03 Lugares;SOFA COM CAPACIDADE PARA 03 LUGARES;222226;Anterior a 2019;PRAE;;Pendente
"Televisão 20""";"TELEVISOR EM CORES DE 20""";222266;Anterior a 2019;DIBEM;;Pendente
Eletrobomba Injetora;ELETROBOMBA INJETORA;223090;Anterior a 2019;DIBEM;;Pendente
Cadeira Giratoria Com Rodizios, Assento E Encosto;CADEIRA GIRATORIA COM RODIZIOS, ASSENTO E ENCOSTO;224957;Anterior a 2019;CASE;;Pendente
Cadeira Fixa Com Assento E Encosto Estofados;CADEIRA FIXA COM ASSENTO E ENCOSTO ESTOFADOS;227411;Anterior a 2019;PRAE;;Pendente
Cadeira Fixa Com Assento E Encosto Estofados;CADEIRA FIXA COM ASSENTO E ENCOSTO ESTOFADOS;227412;Anterior a 2019;PRAE;;Pendente
Cadeira Fixa Com Assento E Encosto Estofados;CADEIRA FIXA COM ASSENTO E ENCOSTO ESTOFADOS;227413;Anterior a 2019;PRAE;;Pendente
Cadeira Fixa Com Assento E Encosto Estofados;CADEIRA FIXA COM ASSENTO E ENCOSTO ESTOFADOS;227419;Anterior a 2019;PRAE;;Pendente
Cadeira Fixa Com Assento E Encosto Estofados;CADEIRA FIXA COM ASSENTO E ENCOSTO ESTOFADOS;227429;Anterior a 2019;DIBEM;;Pendente
Cadeira Fixa Com Assento E Encosto Estofados;CADEIRA FIXA COM ASSENTO E ENCOSTO ESTOFADOS;227436;Anterior a 2019;DIBEM;;Pendente
Cadeira Fixa Com Assento E Encosto Estofados;CADEIRA FIXA COM ASSENTO E ENCOSTO ESTOFADOS;227438;Anterior a 2019;DIBEM;;Pendente
Mesa ;MESA PARA MICROCOMPUTADOR;227716;Anterior a 2019;PRAE;;Pendente
Mesa ;MESA PARA MICROCOMPUTADOR;227720;Anterior a 2019;PRAE;Residência 148;Bom
Mesa ;MESA PARA MICROCOMPUTADOR;227721;Anterior a 2019;PRAE;;Pendente
Mesa ;MESA PARA MICROCOMPUTADOR;227727;Anterior a 2019;DIBEM;;Pendente
Mesa ;MESA PARA MICROCOMPUTADOR;227734;Anterior a 2019;DIBEM;;Pendente
Mesa ;MESA PARA MICROCOMPUTADOR;227738;Anterior a 2019;DIBEM;;Pendente
Rack Para Som;RACK PARA SOM;230514;Anterior a 2019;DIBEM;Residencia 250;Inservível
Impressora A Jato De Tinta;IMPRESSORA A JATO DE TINTA;231471;Anterior a 2019;DIBEM;;Pendente
Impressora A Jato De Tinta;IMPRESSORA A JATO DE TINTA;231653;Anterior a 2019;DIBEM;;Pendente
Beliche De Aco;BELICHE DE ACO;231917;Anterior a 2019;DIBEM;Residencia 2133;Ruim
Armario De Madeira Com Portas De Abrir;ARMARIO DE MADEIRA COM PORTAS DE ABRIR;231979;Anterior a 2019;DIBEM;;Pendente
Mesa ;MESA DE MADEIRA SEM GAVETA;232267;Anterior a 2019;PRAE;;Pendente
Estabilizador De Tensao;ESTABILIZADOR DE TENSAO;233094;Anterior a 2019;PRAE;;Pendente
Estabilizador De Tensao;ESTABILIZADOR DE TENSAO;233096;Anterior a 2019;PRAE;;Pendente
Estabilizador De Tensao;ESTABILIZADOR DE TENSAO;233104;Anterior a 2019;DIBEM;;Pendente
Estabilizador De Tensao;ESTABILIZADOR DE TENSAO;233115;Anterior a 2019;DIBEM;;Pendente
Estabilizador De Tensao;ESTABILIZADOR DE TENSAO;233116;Anterior a 2019;DIBEM;;Pendente
Estabilizador De Tensao;ESTABILIZADOR DE TENSAO;233117;Anterior a 2019;DIBEM;;Pendente
Estabilizador De Tensao;ESTABILIZADOR DE TENSAO;233734;Anterior a 2019;DIBEM;;Pendente
Arca De Madeira Para Sala De Jantar;ARCA DE MADEIRA PARA SALA DE JANTAR;235275;Anterior a 2019;DIBEM;;Pendente
Arca De Madeira Para Sala De Jantar;ARCA DE MADEIRA PARA SALA DE JANTAR;235276;Anterior a 2019;DIBEM;;Pendente
"Televisão 20""";"TELEVISOR EM CORES DE 20""";235293;Anterior a 2019;DIBEM;;Pendente
Guarda Roupa;GUARDA ROUPA;235512;Anterior a 2019;DIBEM;Residencia 2133;Ruim
Guarda Roupa;GUARDA ROUPA;235519;Anterior a 2019;DIBEM;;Pendente
Guarda Roupa;GUARDA ROUPA;235524;Anterior a 2019;DIBEM;;Pendente
Guarda Roupa;GUARDA ROUPA;235534;Anterior a 2019;DIBEM;;Pendente
Beliche De Aco;BELICHE DE ACO;235569;Anterior a 2019;DIBEM;;Pendente
Beliche De Aco;BELICHE DE ACO;235571;Anterior a 2019;DIBEM;;Pendente
Beliche De Aco;BELICHE DE ACO;235573;Anterior a 2019;DIBEM;;Pendente
Beliche De Aco;BELICHE DE ACO;235574;Anterior a 2019;DIBEM;;Pendente
Beliche De Aco;BELICHE DE ACO;235578;Anterior a 2019;DIBEM;;Pendente
Beliche De Aco;BELICHE DE ACO;235580;Anterior a 2019;DIBEM;Residência 1601;Bom
Botijao Para Gas Butano Capacidade De 13Kg;BOTIJAO PARA GAS BUTANO CAPACIDADE DE 13KG;235621;Anterior a 2019;DIBEM;;Pendente
Cadeira Fixa Com Assento E Encosto Estofados;CADEIRA FIXA COM ASSENTO E ENCOSTO ESTOFADOS;236081;Anterior a 2019;PRAE;;Pendente
Cadeira Fixa Com Assento E Encosto Estofados;CADEIRA FIXA COM ASSENTO E ENCOSTO ESTOFADOS;236082;Anterior a 2019;PRAE;;Pendente
Cadeira Fixa Com Assento E Encosto Estofados;CADEIRA FIXA COM ASSENTO E ENCOSTO ESTOFADOS;236083;Anterior a 2019;PRAE;;Pendente
Cadeira Fixa Com Assento E Encosto Estofados;CADEIRA FIXA COM ASSENTO E ENCOSTO ESTOFADOS;236084;Anterior a 2019;PRAE;;Pendente
Cadeira Fixa Com Assento E Encosto Estofados;CADEIRA FIXA COM ASSENTO E ENCOSTO ESTOFADOS;236085;Anterior a 2019;PRAE;;Pendente
Cadeira Fixa Com Assento E Encosto Estofados;CADEIRA FIXA COM ASSENTO E ENCOSTO ESTOFADOS;236087;Anterior a 2019;PRAE;;Pendente
Cadeira Fixa Com Assento E Encosto Estofados;CADEIRA FIXA COM ASSENTO E ENCOSTO ESTOFADOS;236088;Anterior a 2019;PRAE;;Pendente
Amplificador De Som;AMPLIFICADOR DE SOM;236104;Anterior a 2019;PRAE;;Pendente
Beliche De Aco;BELICHE DE ACO;237226;Anterior a 2019;DIBEM;Residência 1601;Bom
Beliche De Aco;BELICHE DE ACO;237227;Anterior a 2019;DIBEM;;Pendente
Beliche De Aco;BELICHE DE ACO;237228;Anterior a 2019;DIBEM;;Pendente
Beliche De Aco;BELICHE DE ACO;237229;Anterior a 2019;DIBEM;Residencia 2216;Bom
Beliche De Aco;BELICHE DE ACO;237234;Anterior a 2019;DIBEM;;Pendente
Beliche De Aco;BELICHE DE ACO;237238;Anterior a 2019;DIBEM;;Pendente
Beliche De Aco;BELICHE DE ACO;237239;Anterior a 2019;DIBEM;;Pendente
Beliche De Aco;BELICHE DE ACO;237241;Anterior a 2019;DIBEM;;Pendente
Beliche De Aco;BELICHE DE ACO;237243;Anterior a 2019;DIBEM;;Pendente
Beliche De Aco;BELICHE DE ACO;237244;Anterior a 2019;DIBEM;;Pendente
Dvd Digital Player Sd-4034;DVD DIGITAL PLAYER SD-4034;237328;Anterior a 2019;DIBEM;;Pendente
Estabilizador De Tensao;ESTABILIZADOR DE TENSAO;237440;Anterior a 2019;DIBEM;;Pendente
Estabilizador De Tensao;ESTABILIZADOR DE TENSAO;237876;Anterior a 2019;DIBEM;;Pendente
Guarda Roupa;GUARDA ROUPA;238402;Anterior a 2019;DIBEM;;Pendente
Guarda Roupa;GUARDA ROUPA;238403;Anterior a 2019;DIBEM;;Pendente
Guarda Roupa;GUARDA ROUPA;238404;Anterior a 2019;DIBEM;;Pendente
Guarda Roupa;GUARDA ROUPA;238405;Anterior a 2019;DIBEM;;Pendente
Guarda Roupa;GUARDA ROUPA;238406;Anterior a 2019;DIBEM;Residencia 433;Ruim
Guarda Roupa;GUARDA ROUPA;238411;Anterior a 2019;DIBEM;;Pendente
Guarda Roupa;GUARDA ROUPA;238412;Anterior a 2019;DIBEM;Residência 148;Ruim
Guarda Roupa;GUARDA ROUPA;238413;Anterior a 2019;DIBEM;Residência 148;Ruim
Guarda Roupa;GUARDA ROUPA;238414;Anterior a 2019;DIBEM;Residência 148;Ruim
Guarda Roupa;GUARDA ROUPA;238419;Anterior a 2019;DIBEM;Residencia 2133;Bom
Guarda Roupa;GUARDA ROUPA;238420;Anterior a 2019;DIBEM;;Pendente
Guarda Roupa;GUARDA ROUPA;238421;Anterior a 2019;DIBEM;Residencia 2133;Bom
Guarda Roupa;GUARDA ROUPA;238426;Anterior a 2019;DIBEM;Residencia 2216;Bom
Guarda Roupa;GUARDA ROUPA;238427;Anterior a 2019;DIBEM;Residencia 2216;Bom
Guarda Roupa;GUARDA ROUPA;238428;Anterior a 2019;DIBEM;Residencia 2216;Bom
Guarda Roupa;GUARDA ROUPA;238429;Anterior a 2019;DIBEM;Residencia 2216;Bom
Guarda Roupa;GUARDA ROUPA;238431;Anterior a 2019;DIBEM;;Pendente
Ar Condicionado 7.500 BTUs;SPLIT DE 7.500 BTUS;240355;Anterior a 2019;DIBEM;;Pendente
Ilha Estação De Trabalho Em Madeira;ILHA ESTAÇÃO DE TRABALHO EM MADEIRA;240712;Anterior a 2019;PRAE;;Pendente
Armario De Madeira Com Portas De Abrir;ARMARIO DE MADEIRA COM PORTAS DE ABRIR;240720;Anterior a 2019;PRAE;;Pendente
Liquidificador Domestico;LIQUIDIFICADOR DOMESTICO;240864;Anterior a 2019;DIBEM;;Pendente
Liquidificador Domestico;LIQUIDIFICADOR DOMESTICO;240865;Anterior a 2019;DIBEM;;Pendente
Liquidificador Industrial;LIQUIDIFICADOR INDUSTRIAL;240867;Anterior a 2019;DIBEM;;Pendente
Ventilador De Teto;VENTILADOR DE TETO;240869;Anterior a 2019;DIBEM;;Pendente
Roupeiro De Aco;ROUPEIRO DE ACO;240876;Anterior a 2019;PRAE;;Pendente
Radio Gravador;RADIO GRAVADOR;240895;Anterior a 2019;PRAE;;Pendente
"Televisão 20""";"TELEVISOR EM CORES DE 20""";242711;Anterior a 2019;DIBEM;;Pendente
"Televisão 33""";TELEVISOR COLORIDO 33 POLEGADAS;242733;Anterior a 2019;DIBEM;;Pendente
Ventilador De Teto;VENTILADOR DE TETO;242771;Anterior a 2019;DIBEM;;Pendente
Guarda-Roupa De Madeira Com Duas Portas;GUARDA-ROUPA DE MADEIRA COM DUAS PORTAS;245029;Anterior a 2019;DIBEM;Residencia 433;Ruim
Guarda-Roupa De Madeira Com Duas Portas;GUARDA-ROUPA DE MADEIRA COM DUAS PORTAS;245032;Anterior a 2019;DIBEM;Residencia 433;Ruim
Guarda-Roupa De Madeira Com Duas Portas;GUARDA-ROUPA DE MADEIRA COM DUAS PORTAS;245033;Anterior a 2019;DIBEM;Residencia 433;Bom
Guarda-Roupa De Madeira Com Duas Portas;GUARDA-ROUPA DE MADEIRA COM DUAS PORTAS;245034;Anterior a 2019;DIBEM;Residencia 2133;Ruim
Guarda-Roupa De Madeira Com Duas Portas;GUARDA-ROUPA DE MADEIRA COM DUAS PORTAS;245036;Anterior a 2019;DIBEM;Residencia 2216;Bom
Guarda-Roupa De Madeira Com Duas Portas;GUARDA-ROUPA DE MADEIRA COM DUAS PORTAS;245039;Anterior a 2019;DIBEM;Residencia 2216;Bom
Guarda-Roupa De Madeira Com Duas Portas;GUARDA-ROUPA DE MADEIRA COM DUAS PORTAS;245040;Anterior a 2019;DIBEM;Residencia 2133;Bom
Guarda-Roupa De Madeira Com Duas Portas;GUARDA-ROUPA DE MADEIRA COM DUAS PORTAS;245042;Anterior a 2019;DIBEM;Residencia 2133;Bom
Guarda-Roupa De Madeira Com Duas Portas;GUARDA-ROUPA DE MADEIRA COM DUAS PORTAS;245044;Anterior a 2019;DIBEM;;Pendente
Guarda-Roupa De Madeira Com Duas Portas;GUARDA-ROUPA DE MADEIRA COM DUAS PORTAS;245045;Anterior a 2019;DIBEM;Residencia 250;Bom
Guarda-Roupa De Madeira Com Duas Portas;GUARDA-ROUPA DE MADEIRA COM DUAS PORTAS;245048;Anterior a 2019;DIBEM;;Pendente
Guarda-Roupa De Madeira Com Duas Portas;GUARDA-ROUPA DE MADEIRA COM DUAS PORTAS;245051;Anterior a 2019;DIBEM;;Pendente
Guarda-Roupa De Madeira Com Duas Portas;GUARDA-ROUPA DE MADEIRA COM DUAS PORTAS;245053;Anterior a 2019;DIBEM;Residencia 2133;Bom
Guarda-Roupa De Madeira Com Duas Portas;GUARDA-ROUPA DE MADEIRA COM DUAS PORTAS;245054;Anterior a 2019;DIBEM;;Pendente
Guarda-Roupa De Madeira Com Duas Portas;GUARDA-ROUPA DE MADEIRA COM DUAS PORTAS;245055;Anterior a 2019;DIBEM;Residência 25;Inservível
Mesa 03;MESA DE MADEIRA COM 03 GAVETAS;246595;Anterior a 2019;DIBEM;;Pendente
Impressora A Jato De Tinta;IMPRESSORA A JATO DE TINTA;247034;Anterior a 2019;DIBEM;;Pendente
Refrigerador DE 300 A 399L;REFRIGERADOR DOMESTICO COM CAPACIDADE DE 300 A 399;249124;Anterior a 2019;DIBEM;;Pendente
Estabilizador De Tensao;ESTABILIZADOR DE TENSAO;249134;Anterior a 2019;DIBEM;;Pendente
Estabilizador De Tensao;ESTABILIZADOR DE TENSAO;249137;Anterior a 2019;DIBEM;;Pendente
Estabilizador De Tensao;ESTABILIZADOR DE TENSAO;249140;Anterior a 2019;DIBEM;;Pendente
Estabilizador De Tensao;ESTABILIZADOR DE TENSAO;249142;Anterior a 2019;PRAE;;Pendente
Estabilizador De Tensao;ESTABILIZADOR DE TENSAO;249145;Anterior a 2019;PRAE;;Pendente
Beliche De Aco;BELICHE DE ACO;249639;Anterior a 2019;DIBEM;Residência 148;Ruim
Beliche De Aco;BELICHE DE ACO;249640;Anterior a 2019;DIBEM;;Pendente
Beliche De Aco;BELICHE DE ACO;249642;Anterior a 2019;DIBEM;;Pendente
Beliche De Aco;BELICHE DE ACO;249646;Anterior a 2019;DIBEM;;Pendente
Beliche De Aco;BELICHE DE ACO;249649;Anterior a 2019;DIBEM;Residencia 433;Ruim
Beliche De Aco;BELICHE DE ACO;249650;Anterior a 2019;DIBEM;Residencia 433;Ruim
Beliche De Aco;BELICHE DE ACO;249651;Anterior a 2019;DIBEM;;Pendente
Beliche De Aco;BELICHE DE ACO;249653;Anterior a 2019;DIBEM;Residencia 433;Ruim
Beliche De Aco;BELICHE DE ACO;249658;Anterior a 2019;DIBEM;Residencia 433;Ruim
Beliche De Aco;BELICHE DE ACO;249660;Anterior a 2019;DIBEM;Residencia 433;Bom
Beliche De Aco;BELICHE DE ACO;249663;Anterior a 2019;DIBEM;;Pendente
Refrigerador DE 160 A 299L;REFRIGERADOR DOMESTICO COM CAPACIDADE DE 160 A 299;250965;Anterior a 2019;PRAE;;Pendente
"Televisão 21""";"TELEVISOR EM CORES DE 21""";250972;Anterior a 2019;DIBEM;;Pendente
Mesa ;MESA COM ESTRUTURA EM FERRO COM TAMPO EM MARMORE;250976;Anterior a 2019;DIBEM;Residencia 433;Bom
Mesa ;MESA COM ESTRUTURA EM FERRO COM TAMPO EM MARMORE;250977;Anterior a 2019;DIBEM;;Pendente
Mesa ;MESA COM ESTRUTURA EM FERRO COM TAMPO EM MARMORE;250978;Anterior a 2019;DIBEM;Residencia 2216;Bom
Mesa ;MESA COM ESTRUTURA EM FERRO COM TAMPO EM MARMORE;250980;Anterior a 2019;DIBEM;;Pendente
Mesa ;MESA COM ESTRUTURA EM FERRO COM TAMPO EM MARMORE;250981;Anterior a 2019;DIBEM;Residencia 433;Bom
Guarda Roupa;GUARDA ROUPA;252319;Anterior a 2019;DIBEM;Residencia 2216;Bom
Guarda Roupa;GUARDA ROUPA;252320;Anterior a 2019;DIBEM;Residencia 2216;Bom
Guarda Roupa;GUARDA ROUPA;252321;Anterior a 2019;DIBEM;Residencia 250;Inservível
Guarda Roupa;GUARDA ROUPA;252322;Anterior a 2019;DIBEM;Residencia 2216;Bom
Guarda Roupa;GUARDA ROUPA;252323;Anterior a 2019;DIBEM;Residencia 2216;Bom
Guarda Roupa;GUARDA ROUPA;252324;Anterior a 2019;DIBEM;Residencia 2216;Bom
Guarda Roupa;GUARDA ROUPA;252327;Anterior a 2019;DIBEM;;Pendente
Mocho Odontologico;MOCHO ODONTOLOGICO;253138;Anterior a 2019;CAME;;Pendente
Mocho Odontologico;MOCHO ODONTOLOGICO;253139;Anterior a 2019;CAME;;Pendente
Mocho Odontologico;MOCHO ODONTOLOGICO;253140;Anterior a 2019;CAME;;Pendente
Aparelho Para Profilaxia;APARELHO PARA PROFILAXIA;253141;Anterior a 2019;CAME;;Pendente
Aparelho Para Profilaxia;APARELHO PARA PROFILAXIA;253143;Anterior a 2019;CAME;;Pendente
Bomba A Vacuo Para Uso Odontologico;BOMBA A VACUO PARA USO ODONTOLOGICO;253144;Anterior a 2019;CAME;;Pendente
Amalgamador;AMALGAMADOR;253145;Anterior a 2019;CAME;;Pendente
Cadeira De Plastico;CADEIRA DE PLASTICO;254726;Anterior a 2019;PRAE;Residencia 433;Bom
Cadeira De Plastico;CADEIRA DE PLASTICO;254728;Anterior a 2019;PRAE;Residencia 433;Bom
Cadeira De Plastico;CADEIRA DE PLASTICO;254729;Anterior a 2019;PRAE;Residencia 433;Bom
Compressor De Ar;COMPRESSOR DE AR;254833;Anterior a 2019;CAME;;Pendente
Estante De Aco Aberta Com Prateleiras;ESTANTE DE ACO ABERTA COM PRATELEIRAS;258473;Anterior a 2019;CAME;;Pendente
Aparelho Para Tratamento Natural De Agua - Purific;APARELHO PARA TRATAMENTO NATURAL DE AGUA - PURIFIC;260226;Anterior a 2019;DIBEM;;Pendente
Aparelho Para Tratamento Natural De Agua - Purific;APARELHO PARA TRATAMENTO NATURAL DE AGUA - PURIFIC;260230;Anterior a 2019;DIBEM;;Pendente
Modulo De Madeira Para Discurso - Pulpito -;MODULO DE MADEIRA PARA DISCURSO - PULPITO -;260616;Anterior a 2019;PRAE;;Pendente
Armario De Madeira Com Revestimento De Formica;ARMARIO DE MADEIRA COM REVESTIMENTO DE FORMICA;260835;Anterior a 2019;PRAE;;Pendente
Cadeira De Plastico;CADEIRA DE PLASTICO;261316;Anterior a 2019;PRAE;Residencia 433;Bom
Cadeira De Plastico;CADEIRA DE PLASTICO;261319;Anterior a 2019;PRAE;Residencia 433;Bom
Cadeira De Plastico;CADEIRA DE PLASTICO;261332;Anterior a 2019;PRAE;Residencia 433;Bom
"Televisão 40""";"TELEVISOR 40"" LCD";264081;Anterior a 2019;DIBEM;;Pendente
Cadeira Para Auditorio Com Assento E Encosto Em Po;CADEIRA PARA AUDITORIO COM ASSENTO E ENCOSTO EM PO;265720;Anterior a 2019;DIBEM;;Pendente
Mesa Redonda ;MESA DE MADEIRA REDONDA;265870;Anterior a 2019;PRAE;;Pendente
Mesa 03;MESA DE MADEIRA COM 03 GAVETAS;267300;Anterior a 2019;DIBEM;;Pendente
Gaveteiro;GAVETEIRO;268508;Anterior a 2019;DIBEM;;Pendente
Mesa Angular ;MESA RETANGULAR DE MADEIRA PARA REUNIAO;268514;Anterior a 2019;PRAE;;Pendente
Mesa Angular ;MESA RETANGULAR DE MADEIRA PARA REUNIAO;270302;Anterior a 2019;PRAE;;Pendente
Armario De Madeira Com Portas De Abrir;ARMARIO DE MADEIRA COM PORTAS DE ABRIR;270310;Anterior a 2019;PRAE;;Pendente
Armario De Madeira Com Portas De Abrir;ARMARIO DE MADEIRA COM PORTAS DE ABRIR;270311;Anterior a 2019;DIBEM;;Pendente
Cadeira Giratoria Com Rodizios, Assento E Encosto;CADEIRA GIRATORIA COM RODIZIOS, ASSENTO E ENCOSTO;270312;Anterior a 2019;PRAE;;Pendente
Refrigerador DE 160 A 299L;REFRIGERADOR DOMESTICO COM CAPACIDADE DE 160 A 299;271052;Anterior a 2019;DIBEM;;Pendente
Fogao Domestico A Gas Liquefeito De Petroleo Com 0;FOGAO DOMESTICO A GAS LIQUEFEITO DE PETROLEO COM 0;271059;Anterior a 2019;DIBEM;;Pendente
"Televisão 21""";"TELEVISOR EM CORES DE 21""";274626;Anterior a 2019;DIBEM;;Pendente
Maquina De Lavar Roupa (Uso Domestico);MAQUINA DE LAVAR ROUPA (USO DOMESTICO);275500;Anterior a 2019;DIBEM;;Pendente
Maquina De Lavar Roupa (Uso Domestico);MAQUINA DE LAVAR ROUPA (USO DOMESTICO);275501;Anterior a 2019;DIBEM;;Pendente
Maquina De Lavar Roupa (Uso Domestico);MAQUINA DE LAVAR ROUPA (USO DOMESTICO);275502;Anterior a 2019;DIBEM;;Pendente
Maquina De Lavar Roupa (Uso Domestico);MAQUINA DE LAVAR ROUPA (USO DOMESTICO);275505;Anterior a 2019;DIBEM;;Pendente
Maquina De Lavar Roupa (Uso Domestico);MAQUINA DE LAVAR ROUPA (USO DOMESTICO);275506;Anterior a 2019;DIBEM;;Pendente
Maquina De Lavar Roupa (Uso Domestico);MAQUINA DE LAVAR ROUPA (USO DOMESTICO);275507;Anterior a 2019;DIBEM;;Pendente
Maquina De Lavar Roupa (Uso Domestico);MAQUINA DE LAVAR ROUPA (USO DOMESTICO);275508;Anterior a 2019;DIBEM;;Pendente
Maquina De Lavar Roupa (Uso Domestico);MAQUINA DE LAVAR ROUPA (USO DOMESTICO);275512;Anterior a 2019;DIBEM;;Pendente
Armario De Aco;ARMARIO DE ACO;277484;Anterior a 2019;PRAE;;Pendente
Computador (Desktop);MICROCOMPUTADOR;277521;Anterior a 2019;DIBEM;;Pendente
Computador (Desktop);MICROCOMPUTADOR;277523;Anterior a 2019;DIBEM;;Pendente
Impressora A Laser;IMPRESSORA A LASER;278606;Anterior a 2019;DIBEM;;Pendente
Impressora A Laser;IMPRESSORA A LASER;278607;Anterior a 2019;DIBEM;;Pendente
Impressora A Laser;IMPRESSORA A LASER;278608;Anterior a 2019;PRAE;;Pendente
Impressora A Laser;IMPRESSORA A LASER;278612;Anterior a 2019;DIBEM;;Pendente
Carteira Escolar Universitaria Com Assento E Encos;CARTEIRA ESCOLAR UNIVERSITARIA COM ASSENTO E ENCOS;281979;Anterior a 2019;DIBEM;;Pendente
Modulo De Linha - Informatica;MODULO DE LINHA - INFORMATICA;283252;Anterior a 2019;DIBEM;;Pendente
Modulo De Linha - Informatica;MODULO DE LINHA - INFORMATICA;283258;Anterior a 2019;DIBEM;;Pendente
Computador (Desktop);MICROCOMPUTADOR;285465;Anterior a 2019;CAF;;Pendente
Computador (Desktop);MICROCOMPUTADOR;285469;Anterior a 2019;CAF;;Pendente
Computador (Desktop);MICROCOMPUTADOR;285471;Anterior a 2019;CAF;;Pendente
Estabilizador De Tensao;ESTABILIZADOR DE TENSAO;285860;Anterior a 2019;DIBEM;;Pendente
Estabilizador De Tensao;ESTABILIZADOR DE TENSAO;285861;Anterior a 2019;DIBEM;;Pendente
Computador (Desktop);MICROCOMPUTADOR;286642;Anterior a 2019;PRAE;;Pendente
Computador (Desktop);MICROCOMPUTADOR;286643;Anterior a 2019;DIBEM;;Pendente
Computador (Desktop);MICROCOMPUTADOR;286644;Anterior a 2019;DIBEM;;Pendente
Hacker - Rack;HACKER - RACK;286873;Anterior a 2019;DIBEM;;Pendente
Switch;SWITCH;288355;Anterior a 2019;PRAE;;Pendente
Data Show - Projetor De Multimidia;DATA SHOW - PROJETOR DE MULTIMIDIA;289781;Anterior a 2019;PRAE;;Pendente
Computador (Desktop);MICROCOMPUTADOR;290203;Anterior a 2019;CAME;;Pendente
Computador (Desktop);MICROCOMPUTADOR;290210;Anterior a 2019;DIBEM;;Pendente
Computador (Desktop);MICROCOMPUTADOR;290230;Anterior a 2019;PRAE;;Pendente
Notebook;NOTEBOOK;290928;Anterior a 2019;PRAE;;Pendente
Mesa ;CONJUNTO DE MESA COM CADEIRAS TUBULAR;291333;Anterior a 2019;DIBEM;;Pendente
Mesa ;CONJUNTO DE MESA COM CADEIRAS TUBULAR;291334;Anterior a 2019;DIBEM;Residencia 2216;Bom
Ar Condicionado 30.000 BTUs;AIR SPLIT DE 30.000 BTUS;291806;Anterior a 2019;PRAE;;Pendente
Ar Condicionado 24.000 BTUs;AIR SPLI DE 24.000 BTUS;292109;Anterior a 2019;DIBEM;;Pendente
Lousa Interativa;LOUSA INTERATIVA;292223;Anterior a 2019;PRAE;;Pendente
Ilha Estação De Trabalho Em Madeira;ILHA ESTAÇÃO DE TRABALHO EM MADEIRA;294199;Anterior a 2019;DIBEM;;Pendente
Ilha Estação De Trabalho Em Madeira;ILHA ESTAÇÃO DE TRABALHO EM MADEIRA;294204;Anterior a 2019;DIBEM;;Pendente
Ilha Estação De Trabalho Em Madeira;ILHA ESTAÇÃO DE TRABALHO EM MADEIRA;294206;Anterior a 2019;DIBEM;;Pendente
Ilha Estação De Trabalho Em Madeira;ILHA ESTAÇÃO DE TRABALHO EM MADEIRA;294207;Anterior a 2019;DIBEM;;Pendente
Ilha Estação De Trabalho Em Madeira;ILHA ESTAÇÃO DE TRABALHO EM MADEIRA;294208;Anterior a 2019;DIBEM;;Pendente
Ilha Estação De Trabalho Em Madeira;ILHA ESTAÇÃO DE TRABALHO EM MADEIRA;294209;Anterior a 2019;DIBEM;;Pendente
Ilha Estação De Trabalho Em Madeira;ILHA ESTAÇÃO DE TRABALHO EM MADEIRA;294210;Anterior a 2019;DIBEM;;Pendente
Ilha Estação De Trabalho Em Madeira;ILHA ESTAÇÃO DE TRABALHO EM MADEIRA;294211;Anterior a 2019;DIBEM;;Pendente
Ilha Estação De Trabalho Em Madeira;ILHA ESTAÇÃO DE TRABALHO EM MADEIRA;294212;Anterior a 2019;DIBEM;;Pendente
Ilha Estação De Trabalho Em Madeira;ILHA ESTAÇÃO DE TRABALHO EM MADEIRA;294213;Anterior a 2019;DIBEM;;Pendente
Mesa Angular ;MESA RETANGULAR DE MADEIRA PARA REUNIAO;294216;Anterior a 2019;PRAE;Residencia 125;Bom
Mesa Angular ;MESA RETANGULAR DE MADEIRA PARA REUNIAO;294217;Anterior a 2019;DIBEM;;Pendente
Mesa ;MESA PARA REFEITORIO EM MADEIRA PRENSADA REVESTIDO;294220;Anterior a 2019;DIBEM;;Pendente
Mesa ;MESA PARA REFEITORIO EM MADEIRA PRENSADA REVESTIDO;294221;Anterior a 2019;DIBEM;;Pendente
Mesa ;MESA PARA REFEITORIO EM MADEIRA PRENSADA REVESTIDO;294222;Anterior a 2019;DIBEM;;Pendente
Mesa ;MESA PARA REFEITORIO EM MADEIRA PRENSADA REVESTIDO;294224;Anterior a 2019;DIBEM;;Pendente
Mesa ;MESA PARA REFEITORIO EM MADEIRA PRENSADA REVESTIDO;294226;Anterior a 2019;DIBEM;;Pendente
Mesa ;MESA PARA REFEITORIO EM MADEIRA PRENSADA REVESTIDO;294227;Anterior a 2019;DIBEM;;Pendente
Mesa ;MESA PARA REFEITORIO EM MADEIRA PRENSADA REVESTIDO;294229;Anterior a 2019;DIBEM;;Pendente
Mesa ;MESA PARA REFEITORIO EM MADEIRA PRENSADA REVESTIDO;294230;Anterior a 2019;DIBEM;;Pendente
Mesa ;MESA PARA REFEITORIO EM MADEIRA PRENSADA REVESTIDO;294231;Anterior a 2019;DIBEM;;Pendente
Mesa ;MESA PARA REFEITORIO EM MADEIRA PRENSADA REVESTIDO;294233;Anterior a 2019;DIBEM;Residencia 125;Bom
Mesa ;MESA PARA REFEITORIO EM MADEIRA PRENSADA REVESTIDO;294234;Anterior a 2019;DIBEM;Residencia 125;Bom
Mesa ;MESA PARA REFEITORIO EM MADEIRA PRENSADA REVESTIDO;294235;Anterior a 2019;DIBEM;Residencia 125;Bom
Mesa ;MESA PARA REFEITORIO EM MADEIRA PRENSADA REVESTIDO;294236;Anterior a 2019;DIBEM;Residencia 125;Bom
Mesa ;MESA PARA REFEITORIO EM MADEIRA PRENSADA REVESTIDO;294237;Anterior a 2019;DIBEM;;Pendente
Mesa ;MESA PARA REFEITORIO EM MADEIRA PRENSADA REVESTIDO;294238;Anterior a 2019;DIBEM;Residencia 125;Bom
Mesa ;MESA PARA ESTODO;294239;Anterior a 2019;DIBEM;;Pendente
Mesa ;MESA PARA ESTODO;294241;Anterior a 2019;DIBEM;;Pendente
Mesa ;MESA PARA ESTODO;294243;Anterior a 2019;DIBEM;;Pendente
Mesa ;MESA PARA ESTODO;294244;Anterior a 2019;DIBEM;;Pendente
Mesa ;MESA PARA ESTODO;294245;Anterior a 2019;DIBEM;;Pendente
Mesa ;MESA PARA ESTODO;294246;Anterior a 2019;DIBEM;;Pendente
Mesa ;MESA PARA ESTODO;294248;Anterior a 2019;DIBEM;;Pendente
Mesa ;MESA PARA ESTODO;294249;Anterior a 2019;DIBEM;;Pendente
Mesa ;MESA PARA ESTODO;294250;Anterior a 2019;DIBEM;;Pendente
Mesa ;MESA PARA ESTODO;294251;Anterior a 2019;DIBEM;;Pendente
Mesa ;MESA PARA ESTODO;294252;Anterior a 2019;DIBEM;Residencia 125;Bom
Mesa ;MESA PARA ESTODO;294253;Anterior a 2019;DIBEM;Residencia 125;Bom
Mesa ;MESA PARA ESTODO;294254;Anterior a 2019;DIBEM;Residencia 125;Bom
Mesa ;MESA PARA ESTODO;294255;Anterior a 2019;DIBEM;Residencia 125;Bom
Mesa ;MESA PARA ESTODO;294256;Anterior a 2019;DIBEM;;Pendente
Mesa ;MESA PARA ESTODO;294257;Anterior a 2019;DIBEM;Residencia 125;Bom
Mesa ;MESA PARA ESTODO;294258;Anterior a 2019;DIBEM;Residencia 125;Ruim
Mesa ;MESA PARA ESTODO;294259;Anterior a 2019;DIBEM;Residencia 125;Bom
Mesa ;MESA PARA ESTODO;294260;Anterior a 2019;DIBEM;Residencia 125;Bom
Mesa ;MESA PARA ESTODO;294261;Anterior a 2019;DIBEM;Residencia 125;Bom
Mesa Redonda ;MESA DE MADEIRA REDONDA;294266;Anterior a 2019;DIBEM;;Pendente
Mesa Redonda ;MESA DE MADEIRA REDONDA;294269;Anterior a 2019;DIBEM;;Pendente
Mesa Redonda ;MESA DE MADEIRA REDONDA;294271;Anterior a 2019;DIBEM;;Pendente
Mesa Redonda ;MESA DE MADEIRA REDONDA;294272;Anterior a 2019;DIBEM;Residencia 125;Bom
Mesa Redonda ;MESA DE MADEIRA REDONDA;294273;Anterior a 2019;DIBEM;Residencia 125;Bom
Mesa Redonda ;MESA DE MADEIRA REDONDA;294274;Anterior a 2019;DIBEM;;Pendente
Mesa ;MESA DE MADEIRA DE CENTRO;294279;Anterior a 2019;DIBEM;;Pendente
Armario De Madeira Com Portas De Abrir;ARMARIO DE MADEIRA COM PORTAS DE ABRIR;294283;Anterior a 2019;DIBEM;;Pendente
Armario De Madeira Com Portas De Abrir;ARMARIO DE MADEIRA COM PORTAS DE ABRIR;294284;Anterior a 2019;DIBEM;;Pendente
Armario De Madeira Com Portas De Abrir;ARMARIO DE MADEIRA COM PORTAS DE ABRIR;294285;Anterior a 2019;DIBEM;;Pendente
Armario De Madeira Com Portas De Abrir;ARMARIO DE MADEIRA COM PORTAS DE ABRIR;294286;Anterior a 2019;DIBEM;;Pendente
Armario De Madeira Com Portas De Abrir;ARMARIO DE MADEIRA COM PORTAS DE ABRIR;294287;Anterior a 2019;DIBEM;;Pendente
Armario De Madeira Com Portas De Abrir;ARMARIO DE MADEIRA COM PORTAS DE ABRIR;294292;Anterior a 2019;DIBEM;;Pendente
Armario De Madeira Com Portas De Abrir;ARMARIO DE MADEIRA COM PORTAS DE ABRIR;294293;Anterior a 2019;DIBEM;;Pendente
Armario De Madeira Com Portas De Abrir;ARMARIO DE MADEIRA COM PORTAS DE ABRIR;294294;Anterior a 2019;DIBEM;;Pendente
Estante De Aco Aberta Com Prateleiras;ESTANTE DE ACO ABERTA COM PRATELEIRAS;294300;Anterior a 2019;DIBEM;;Pendente
Estante De Aco Aberta Com Prateleiras;ESTANTE DE ACO ABERTA COM PRATELEIRAS;294301;Anterior a 2019;DIBEM;;Pendente
Estante De Aco Aberta Com Prateleiras;ESTANTE DE ACO ABERTA COM PRATELEIRAS;294303;Anterior a 2019;DIBEM;;Pendente
Estante De Aco Aberta Com Prateleiras;ESTANTE DE ACO ABERTA COM PRATELEIRAS;294305;Anterior a 2019;DIBEM;;Pendente
Estante De Aco Aberta Com Prateleiras;ESTANTE DE ACO ABERTA COM PRATELEIRAS;294307;Anterior a 2019;DIBEM;;Pendente
Armario De Aco;ARMARIO DE ACO;294313;Anterior a 2019;DIBEM;;Pendente
Quadro Branco Magnetizado;QUADRO BRANCO MAGNETIZADO;294315;Anterior a 2019;DIBEM;;Pendente
Quadro Branco Magnetizado;QUADRO BRANCO MAGNETIZADO;294316;Anterior a 2019;DIBEM;;Pendente
Quadro Branco Magnetizado;QUADRO BRANCO MAGNETIZADO;294317;Anterior a 2019;DIBEM;Residencia 125;Inservível
Quadro Branco Magnetizado;QUADRO BRANCO MAGNETIZADO;294324;Anterior a 2019;CRU;;Pendente
Cadeira Estofada Modelo Diretor Com Braços;CADEIRA ESTOFADA MODELO DIRETOR COM BRAÇOS;294337;Anterior a 2019;DIBEM;;Pendente
Escrivaninha De Madeira Com Gavetas;ESCRIVANINHA DE MADEIRA COM GAVETAS;294339;Anterior a 2019;DIBEM;;Pendente
Escrivaninha De Madeira Com Gavetas;ESCRIVANINHA DE MADEIRA COM GAVETAS;294340;Anterior a 2019;DIBEM;;Pendente
Escrivaninha De Madeira Com Gavetas;ESCRIVANINHA DE MADEIRA COM GAVETAS;294341;Anterior a 2019;PRAE;;Pendente
Escrivaninha De Madeira Com Gavetas;ESCRIVANINHA DE MADEIRA COM GAVETAS;294342;Anterior a 2019;PRAE;;Pendente
Escrivaninha De Madeira Com Gavetas;ESCRIVANINHA DE MADEIRA COM GAVETAS;294343;Anterior a 2019;PRAE;;Pendente
Escrivaninha De Madeira Com Gavetas;ESCRIVANINHA DE MADEIRA COM GAVETAS;294344;Anterior a 2019;PRAE;;Pendente
Escrivaninha De Madeira Com Gavetas;ESCRIVANINHA DE MADEIRA COM GAVETAS;294345;Anterior a 2019;PRAE;;Pendente
Escrivaninha De Madeira Com Gavetas;ESCRIVANINHA DE MADEIRA COM GAVETAS;294346;Anterior a 2019;PRAE;;Pendente
Cama De Madeira Para Solteiro;CAMA DE MADEIRA PARA SOLTEIRO;294651;Anterior a 2019;DIBEM;;Pendente
Cama De Madeira Para Solteiro;CAMA DE MADEIRA PARA SOLTEIRO;294653;Anterior a 2019;DIBEM;;Pendente
Mesa ;MESA DE MADEIRA SEM GAVETA;294654;Anterior a 2019;DIBEM;Residencia 433;Bom
Mesa ;MESA DE MADEIRA SEM GAVETA;294655;Anterior a 2019;DIBEM;;Pendente
Armario De Madeira Com Portas De Abrir;ARMARIO DE MADEIRA COM PORTAS DE ABRIR;294810;Anterior a 2019;DIBEM;Residencia 2133;Ruim
Armario De Madeira Com Portas De Abrir;ARMARIO DE MADEIRA COM PORTAS DE ABRIR;294811;Anterior a 2019;DIBEM;Residencia 2133;Ruim
Armario De Madeira Com Portas De Abrir;ARMARIO DE MADEIRA COM PORTAS DE ABRIR;294822;Anterior a 2019;DIBEM;Residência 1601;Ruim
Armario De Madeira Com Portas De Abrir;ARMARIO DE MADEIRA COM PORTAS DE ABRIR;294832;Anterior a 2019;DIBEM;;Pendente
Armario De Madeira Com Portas De Abrir;ARMARIO DE MADEIRA COM PORTAS DE ABRIR;294833;Anterior a 2019;DIBEM;Residência 1601;Ruim
Estabilizador De Tensao;ESTABILIZADOR DE TENSAO;294878;Anterior a 2019;DIBEM;;Pendente
Estabilizador De Tensao;ESTABILIZADOR DE TENSAO;294879;Anterior a 2019;DIBEM;;Pendente
Estabilizador De Tensao;ESTABILIZADOR DE TENSAO;294881;Anterior a 2019;PRAE;;Pendente
Estabilizador De Tensao;ESTABILIZADOR DE TENSAO;294886;Anterior a 2019;DIBEM;;Pendente
Estabilizador De Tensao;ESTABILIZADOR DE TENSAO;294887;Anterior a 2019;DIBEM;;Pendente
Estabilizador De Tensao;ESTABILIZADOR DE TENSAO;294888;Anterior a 2019;DIBEM;;Pendente
Estabilizador De Tensao;ESTABILIZADOR DE TENSAO;294889;Anterior a 2019;DIBEM;;Pendente
Estabilizador De Tensao;ESTABILIZADOR DE TENSAO;294892;Anterior a 2019;DIBEM;;Pendente
Estabilizador De Tensao;ESTABILIZADOR DE TENSAO;294896;Anterior a 2019;PRAE;;Pendente
Estabilizador De Tensao;ESTABILIZADOR DE TENSAO;294901;Anterior a 2019;DIBEM;;Pendente
Switch;SWITCH;294943;Anterior a 2019;DIBEM;;Pendente
Cadeira Estofada Modelo Diretor Com Braços;CADEIRA ESTOFADA MODELO DIRETOR COM BRAÇOS;295280;Anterior a 2019;PRAE;;Pendente
Cadeira Estofada Modelo Diretor Com Braços;CADEIRA ESTOFADA MODELO DIRETOR COM BRAÇOS;295281;Anterior a 2019;PRAE;;Pendente
Cadeira Estofada Modelo Diretor Com Braços;CADEIRA ESTOFADA MODELO DIRETOR COM BRAÇOS;295283;Anterior a 2019;PRAE;;Pendente
Cadeira Estofada Modelo Diretor Com Braços;CADEIRA ESTOFADA MODELO DIRETOR COM BRAÇOS;295285;Anterior a 2019;PRAE;;Pendente
Cadeira Estofada Modelo Diretor Com Braços;CADEIRA ESTOFADA MODELO DIRETOR COM BRAÇOS;295287;Anterior a 2019;DIBEM;;Pendente
Cadeira Estofada Modelo Diretor Com Braços;CADEIRA ESTOFADA MODELO DIRETOR COM BRAÇOS;295288;Anterior a 2019;PRAE;;Pendente
Cadeira Estofada Modelo Diretor Com Braços;CADEIRA ESTOFADA MODELO DIRETOR COM BRAÇOS;295290;Anterior a 2019;PRAE;;Pendente
Cadeira Estofada Modelo Diretor Com Braços;CADEIRA ESTOFADA MODELO DIRETOR COM BRAÇOS;295291;Anterior a 2019;PRAE;;Pendente
Cadeira Estofada Modelo Diretor Com Braços;CADEIRA ESTOFADA MODELO DIRETOR COM BRAÇOS;295292;Anterior a 2019;PRAE;;Pendente
Cadeira Estofada Modelo Diretor Com Braços;CADEIRA ESTOFADA MODELO DIRETOR COM BRAÇOS;295294;Anterior a 2019;DIBEM;;Pendente
Cadeira Estofada Modelo Diretor Com Braços;CADEIRA ESTOFADA MODELO DIRETOR COM BRAÇOS;295295;Anterior a 2019;PRAE;;Pendente
Cadeira Estofada Modelo Diretor Com Braços;CADEIRA ESTOFADA MODELO DIRETOR COM BRAÇOS;295296;Anterior a 2019;PRAE;;Pendente
Cadeira Estofada Modelo Diretor Com Braços;CADEIRA ESTOFADA MODELO DIRETOR COM BRAÇOS;295297;Anterior a 2019;PRAE;;Pendente
Cadeira Fixa Com Assento E Encosto Estofados;CADEIRA FIXA COM ASSENTO E ENCOSTO ESTOFADOS;295298;Anterior a 2019;DIBEM;;Pendente
Cadeira Fixa Com Assento E Encosto Estofados;CADEIRA FIXA COM ASSENTO E ENCOSTO ESTOFADOS;295299;Anterior a 2019;DIBEM;;Pendente
Cadeira Fixa Com Assento E Encosto Estofados;CADEIRA FIXA COM ASSENTO E ENCOSTO ESTOFADOS;295302;Anterior a 2019;DIBEM;;Pendente
Cadeira Fixa Com Assento E Encosto Estofados;CADEIRA FIXA COM ASSENTO E ENCOSTO ESTOFADOS;295303;Anterior a 2019;CRU;;Pendente
Cadeira Fixa Com Assento E Encosto Estofados;CADEIRA FIXA COM ASSENTO E ENCOSTO ESTOFADOS;295304;Anterior a 2019;PRAE;;Pendente
Cadeira Fixa Com Assento E Encosto Estofados;CADEIRA FIXA COM ASSENTO E ENCOSTO ESTOFADOS;295305;Anterior a 2019;DIBEM;;Pendente
Cadeira Fixa Com Assento E Encosto Estofados;CADEIRA FIXA COM ASSENTO E ENCOSTO ESTOFADOS;295308;Anterior a 2019;PRAE;;Pendente
Cadeira Fixa Com Assento E Encosto Estofados;CADEIRA FIXA COM ASSENTO E ENCOSTO ESTOFADOS;295310;Anterior a 2019;DIBEM;;Pendente
Cadeira Fixa Com Assento E Encosto Estofados;CADEIRA FIXA COM ASSENTO E ENCOSTO ESTOFADOS;295311;Anterior a 2019;DIBEM;;Pendente
Cadeira Fixa Com Assento E Encosto Estofados;CADEIRA FIXA COM ASSENTO E ENCOSTO ESTOFADOS;295313;Anterior a 2019;CRU;;Pendente
Cadeira Fixa Com Assento E Encosto Estofados;CADEIRA FIXA COM ASSENTO E ENCOSTO ESTOFADOS;295317;Anterior a 2019;DIBEM;;Pendente
Cadeira Fixa Com Assento E Encosto Estofados;CADEIRA FIXA COM ASSENTO E ENCOSTO ESTOFADOS;295319;Anterior a 2019;DIBEM;;Pendente
Cadeira Fixa Com Assento E Encosto Estofados;CADEIRA FIXA COM ASSENTO E ENCOSTO ESTOFADOS;295320;Anterior a 2019;DIBEM;;Pendente
Cadeira Fixa Com Assento E Encosto Estofados;CADEIRA FIXA COM ASSENTO E ENCOSTO ESTOFADOS;295327;Anterior a 2019;DIBEM;;Pendente
Cadeira Fixa Com Assento E Encosto Estofados;CADEIRA FIXA COM ASSENTO E ENCOSTO ESTOFADOS;295330;Anterior a 2019;DIBEM;;Pendente
Cadeira Fixa Com Assento E Encosto Estofados;CADEIRA FIXA COM ASSENTO E ENCOSTO ESTOFADOS;295331;Anterior a 2019;DIBEM;;Pendente
Cadeira Fixa Com Assento E Encosto Estofados;CADEIRA FIXA COM ASSENTO E ENCOSTO ESTOFADOS;295336;Anterior a 2019;DIBEM;;Pendente
Cadeira Fixa Com Assento E Encosto Estofados;CADEIRA FIXA COM ASSENTO E ENCOSTO ESTOFADOS;295337;Anterior a 2019;DIBEM;;Pendente
Cadeira Fixa Com Assento E Encosto Estofados;CADEIRA FIXA COM ASSENTO E ENCOSTO ESTOFADOS;295346;Anterior a 2019;DIBEM;;Pendente
Cadeira Fixa Com Assento E Encosto Estofados;CADEIRA FIXA COM ASSENTO E ENCOSTO ESTOFADOS;295348;Anterior a 2019;DIBEM;;Pendente
Cadeira Fixa Com Assento E Encosto Estofados;CADEIRA FIXA COM ASSENTO E ENCOSTO ESTOFADOS;295349;Anterior a 2019;DIBEM;;Pendente
Cadeira Fixa Com Assento E Encosto Estofados;CADEIRA FIXA COM ASSENTO E ENCOSTO ESTOFADOS;295355;Anterior a 2019;DIBEM;;Pendente
Cadeira Fixa Com Assento E Encosto Estofados;CADEIRA FIXA COM ASSENTO E ENCOSTO ESTOFADOS;295356;Anterior a 2019;DIBEM;;Pendente
Cadeira Fixa Com Assento E Encosto Estofados;CADEIRA FIXA COM ASSENTO E ENCOSTO ESTOFADOS;295367;Anterior a 2019;DIBEM;;Pendente
Cadeira Fixa Com Assento E Encosto Estofados;CADEIRA FIXA COM ASSENTO E ENCOSTO ESTOFADOS;295368;Anterior a 2019;DIBEM;;Pendente
Cadeira Fixa Com Assento E Encosto Estofados;CADEIRA FIXA COM ASSENTO E ENCOSTO ESTOFADOS;295371;Anterior a 2019;DIBEM;;Pendente
Cadeira Fixa Com Assento E Encosto Estofados;CADEIRA FIXA COM ASSENTO E ENCOSTO ESTOFADOS;295372;Anterior a 2019;DIBEM;;Pendente
Cadeira Fixa Com Assento E Encosto Estofados;CADEIRA FIXA COM ASSENTO E ENCOSTO ESTOFADOS;295374;Anterior a 2019;DIBEM;;Pendente
Cadeira Fixa Com Assento E Encosto Estofados;CADEIRA FIXA COM ASSENTO E ENCOSTO ESTOFADOS;295375;Anterior a 2019;DIBEM;;Pendente
Cadeira Fixa Com Assento E Encosto Estofados;CADEIRA FIXA COM ASSENTO E ENCOSTO ESTOFADOS;295379;Anterior a 2019;DIBEM;;Pendente
Cadeira Fixa Com Assento E Encosto Estofados;CADEIRA FIXA COM ASSENTO E ENCOSTO ESTOFADOS;295381;Anterior a 2019;DIBEM;;Pendente
Cadeira Fixa Com Assento E Encosto Estofados;CADEIRA FIXA COM ASSENTO E ENCOSTO ESTOFADOS;295382;Anterior a 2019;DIBEM;;Pendente
Cadeira Fixa Com Assento E Encosto Estofados;CADEIRA FIXA COM ASSENTO E ENCOSTO ESTOFADOS;295384;Anterior a 2019;DIBEM;;Pendente
Cadeira Fixa Com Assento E Encosto Estofados;CADEIRA FIXA COM ASSENTO E ENCOSTO ESTOFADOS;295385;Anterior a 2019;DIBEM;;Pendente
Cadeira Fixa Com Assento E Encosto Estofados;CADEIRA FIXA COM ASSENTO E ENCOSTO ESTOFADOS;295387;Anterior a 2019;DIBEM;;Pendente
Cadeira Fixa Com Assento E Encosto Estofados;CADEIRA FIXA COM ASSENTO E ENCOSTO ESTOFADOS;295392;Anterior a 2019;DIBEM;;Pendente
Cadeira Fixa Com Assento E Encosto Estofados;CADEIRA FIXA COM ASSENTO E ENCOSTO ESTOFADOS;295395;Anterior a 2019;DIBEM;;Pendente
Cadeira Fixa Com Assento E Encosto Estofados;CADEIRA FIXA COM ASSENTO E ENCOSTO ESTOFADOS;295397;Anterior a 2019;DIBEM;;Pendente
Cadeira Fixa Com Assento E Encosto Estofados;CADEIRA FIXA COM ASSENTO E ENCOSTO ESTOFADOS;295399;Anterior a 2019;DIBEM;;Pendente
Cadeira Fixa Com Assento E Encosto Estofados;CADEIRA FIXA COM ASSENTO E ENCOSTO ESTOFADOS;295400;Anterior a 2019;CRU;;Pendente
Cadeira Fixa Com Assento E Encosto Estofados;CADEIRA FIXA COM ASSENTO E ENCOSTO ESTOFADOS;295401;Anterior a 2019;CRU;;Pendente
Cadeira Fixa Com Assento E Encosto Estofados;CADEIRA FIXA COM ASSENTO E ENCOSTO ESTOFADOS;295415;Anterior a 2019;DIBEM;;Pendente
Cadeira Fixa Com Assento E Encosto Estofados;CADEIRA FIXA COM ASSENTO E ENCOSTO ESTOFADOS;295416;Anterior a 2019;DIBEM;;Pendente
Cadeira Fixa Com Assento E Encosto Estofados;CADEIRA FIXA COM ASSENTO E ENCOSTO ESTOFADOS;295435;Anterior a 2019;DIBEM;;Pendente
Cadeira Fixa Com Assento E Encosto Estofados;CADEIRA FIXA COM ASSENTO E ENCOSTO ESTOFADOS;295451;Anterior a 2019;DIBEM;;Pendente
Cadeira Fixa Com Assento E Encosto Estofados;CADEIRA FIXA COM ASSENTO E ENCOSTO ESTOFADOS;295465;Anterior a 2019;DIBEM;;Pendente
Cadeira Fixa Com Assento E Encosto Estofados;CADEIRA FIXA COM ASSENTO E ENCOSTO ESTOFADOS;295474;Anterior a 2019;DIBEM;;Pendente
Cadeira Fixa Com Assento E Encosto Estofados;CADEIRA FIXA COM ASSENTO E ENCOSTO ESTOFADOS;295475;Anterior a 2019;DIBEM;;Pendente
Cadeira Fixa Com Assento E Encosto Estofados;CADEIRA FIXA COM ASSENTO E ENCOSTO ESTOFADOS;295479;Anterior a 2019;DIBEM;;Pendente
Cadeira Fixa Com Assento E Encosto Estofados;CADEIRA FIXA COM ASSENTO E ENCOSTO ESTOFADOS;295480;Anterior a 2019;DIBEM;;Pendente
Cadeira Fixa Com Assento E Encosto Estofados;CADEIRA FIXA COM ASSENTO E ENCOSTO ESTOFADOS;295481;Anterior a 2019;DIBEM;;Pendente
Cadeira Fixa Com Assento E Encosto Estofados;CADEIRA FIXA COM ASSENTO E ENCOSTO ESTOFADOS;295484;Anterior a 2019;DIBEM;;Pendente
Cadeira Fixa Com Assento E Encosto Estofados;CADEIRA FIXA COM ASSENTO E ENCOSTO ESTOFADOS;295487;Anterior a 2019;DIBEM;;Pendente
Cadeira Fixa Com Assento E Encosto Estofados;CADEIRA FIXA COM ASSENTO E ENCOSTO ESTOFADOS;295491;Anterior a 2019;DIBEM;;Pendente
Cadeira Fixa Com Assento E Encosto Estofados;CADEIRA FIXA COM ASSENTO E ENCOSTO ESTOFADOS;295498;Anterior a 2019;DIBEM;;Pendente
Cadeira Fixa Com Assento E Encosto Estofados;CADEIRA FIXA COM ASSENTO E ENCOSTO ESTOFADOS;295499;Anterior a 2019;DIBEM;;Pendente
Cadeira Fixa Com Assento E Encosto Estofados;CADEIRA FIXA COM ASSENTO E ENCOSTO ESTOFADOS;295500;Anterior a 2019;DIBEM;;Pendente
Cadeira Fixa Com Assento E Encosto Estofados;CADEIRA FIXA COM ASSENTO E ENCOSTO ESTOFADOS;295502;Anterior a 2019;DIBEM;;Pendente
Cadeira Fixa Com Assento E Encosto Estofados;CADEIRA FIXA COM ASSENTO E ENCOSTO ESTOFADOS;295504;Anterior a 2019;DIBEM;;Pendente
Cadeira Fixa Com Assento E Encosto Estofados;CADEIRA FIXA COM ASSENTO E ENCOSTO ESTOFADOS;295509;Anterior a 2019;PRAE;;Pendente
Cadeira Fixa Com Assento E Encosto Estofados;CADEIRA FIXA COM ASSENTO E ENCOSTO ESTOFADOS;295510;Anterior a 2019;PRAE;;Pendente
Cadeira Fixa Com Assento E Encosto Estofados;CADEIRA FIXA COM ASSENTO E ENCOSTO ESTOFADOS;295513;Anterior a 2019;DIBEM;;Pendente
Cadeira Fixa Com Assento E Encosto Estofados;CADEIRA FIXA COM ASSENTO E ENCOSTO ESTOFADOS;295514;Anterior a 2019;DIBEM;;Pendente
Cadeira Fixa Com Assento E Encosto Estofados;CADEIRA FIXA COM ASSENTO E ENCOSTO ESTOFADOS;295518;Anterior a 2019;DIBEM;;Pendente
Cadeira Fixa Com Assento E Encosto Estofados;CADEIRA FIXA COM ASSENTO E ENCOSTO ESTOFADOS;295521;Anterior a 2019;DIBEM;;Pendente
Cadeira Fixa Com Assento E Encosto Estofados;CADEIRA FIXA COM ASSENTO E ENCOSTO ESTOFADOS;295522;Anterior a 2019;DIBEM;;Pendente
Cadeira Fixa Com Assento E Encosto Estofados;CADEIRA FIXA COM ASSENTO E ENCOSTO ESTOFADOS;295523;Anterior a 2019;DIBEM;;Pendente
Cadeira Fixa Com Assento E Encosto Estofados;CADEIRA FIXA COM ASSENTO E ENCOSTO ESTOFADOS;295524;Anterior a 2019;DIBEM;;Pendente
Cadeira Fixa Com Assento E Encosto Estofados;CADEIRA FIXA COM ASSENTO E ENCOSTO ESTOFADOS;295526;Anterior a 2019;PRAE;;Pendente
Cadeira Fixa Com Assento E Encosto Estofados;CADEIRA FIXA COM ASSENTO E ENCOSTO ESTOFADOS;295527;Anterior a 2019;DIBEM;;Pendente
Cadeira Fixa Com Assento E Encosto Estofados;CADEIRA FIXA COM ASSENTO E ENCOSTO ESTOFADOS;295529;Anterior a 2019;DIBEM;;Pendente
Cadeira Fixa Com Assento E Encosto Estofados;CADEIRA FIXA COM ASSENTO E ENCOSTO ESTOFADOS;295531;Anterior a 2019;DIBEM;;Pendente
Cadeira Fixa Com Assento E Encosto Estofados;CADEIRA FIXA COM ASSENTO E ENCOSTO ESTOFADOS;295533;Anterior a 2019;DIBEM;;Pendente
Cadeira Fixa Com Assento E Encosto Estofados;CADEIRA FIXA COM ASSENTO E ENCOSTO ESTOFADOS;295534;Anterior a 2019;DIBEM;;Pendente
Cadeira Fixa Com Assento E Encosto Estofados;CADEIRA FIXA COM ASSENTO E ENCOSTO ESTOFADOS;295535;Anterior a 2019;DIBEM;;Pendente
Cadeira Fixa Com Assento E Encosto Estofados;CADEIRA FIXA COM ASSENTO E ENCOSTO ESTOFADOS;295536;Anterior a 2019;DIBEM;;Pendente
Cadeira Fixa Com Assento E Encosto Estofados;CADEIRA FIXA COM ASSENTO E ENCOSTO ESTOFADOS;295537;Anterior a 2019;DIBEM;;Pendente
Cadeira Fixa Com Assento E Encosto Estofados;CADEIRA FIXA COM ASSENTO E ENCOSTO ESTOFADOS;295538;Anterior a 2019;PRAE;;Pendente
Cadeira Fixa Com Assento E Encosto Estofados;CADEIRA FIXA COM ASSENTO E ENCOSTO ESTOFADOS;295540;Anterior a 2019;DIBEM;;Pendente
Cadeira Fixa Com Assento E Encosto Estofados;CADEIRA FIXA COM ASSENTO E ENCOSTO ESTOFADOS;295541;Anterior a 2019;PRAE;;Pendente
Cadeira Fixa Com Assento E Encosto Estofados;CADEIRA FIXA COM ASSENTO E ENCOSTO ESTOFADOS;295542;Anterior a 2019;DIBEM;;Pendente
Cadeira Fixa Com Assento E Encosto Estofados;CADEIRA FIXA COM ASSENTO E ENCOSTO ESTOFADOS;295544;Anterior a 2019;DIBEM;;Pendente
Cadeira Fixa Com Assento E Encosto Estofados;CADEIRA FIXA COM ASSENTO E ENCOSTO ESTOFADOS;295545;Anterior a 2019;DIBEM;;Pendente
Cadeira Fixa Com Assento E Encosto Estofados;CADEIRA FIXA COM ASSENTO E ENCOSTO ESTOFADOS;295552;Anterior a 2019;DIBEM;;Pendente
Cadeira Fixa Com Assento E Encosto Estofados;CADEIRA FIXA COM ASSENTO E ENCOSTO ESTOFADOS;295554;Anterior a 2019;DIBEM;;Pendente
Cadeira Fixa Com Assento E Encosto Estofados;CADEIRA FIXA COM ASSENTO E ENCOSTO ESTOFADOS;295555;Anterior a 2019;DIBEM;;Pendente
Cadeira Fixa Com Assento E Encosto Estofados;CADEIRA FIXA COM ASSENTO E ENCOSTO ESTOFADOS;295556;Anterior a 2019;DIBEM;;Pendente
Cadeira Fixa Com Assento E Encosto Estofados;CADEIRA FIXA COM ASSENTO E ENCOSTO ESTOFADOS;295557;Anterior a 2019;DIBEM;;Pendente
Cadeira Fixa Com Assento E Encosto Estofados;CADEIRA FIXA COM ASSENTO E ENCOSTO ESTOFADOS;295558;Anterior a 2019;DIBEM;;Pendente
Cadeira Fixa Com Assento E Encosto Estofados;CADEIRA FIXA COM ASSENTO E ENCOSTO ESTOFADOS;295560;Anterior a 2019;DIBEM;;Pendente
Cadeira Fixa Com Assento E Encosto Estofados;CADEIRA FIXA COM ASSENTO E ENCOSTO ESTOFADOS;295562;Anterior a 2019;DIBEM;;Pendente
Cadeira Fixa Com Assento E Encosto Estofados;CADEIRA FIXA COM ASSENTO E ENCOSTO ESTOFADOS;295565;Anterior a 2019;DIBEM;;Pendente
Cadeira Fixa Com Assento E Encosto Estofados;CADEIRA FIXA COM ASSENTO E ENCOSTO ESTOFADOS;295567;Anterior a 2019;DIBEM;;Pendente
Cadeira Fixa Com Assento E Encosto Estofados;CADEIRA FIXA COM ASSENTO E ENCOSTO ESTOFADOS;295568;Anterior a 2019;DIBEM;;Pendente
Cadeira Fixa Com Assento E Encosto Estofados;CADEIRA FIXA COM ASSENTO E ENCOSTO ESTOFADOS;295569;Anterior a 2019;DIBEM;;Pendente
Cadeira Fixa Com Assento E Encosto Estofados;CADEIRA FIXA COM ASSENTO E ENCOSTO ESTOFADOS;295570;Anterior a 2019;DIBEM;;Pendente
Cadeira Fixa Com Assento E Encosto Estofados;CADEIRA FIXA COM ASSENTO E ENCOSTO ESTOFADOS;295572;Anterior a 2019;DIBEM;;Pendente
Cadeira Fixa Com Assento E Encosto Estofados;CADEIRA FIXA COM ASSENTO E ENCOSTO ESTOFADOS;295573;Anterior a 2019;DIBEM;;Pendente
Cadeira Fixa Com Assento E Encosto Estofados;CADEIRA FIXA COM ASSENTO E ENCOSTO ESTOFADOS;295574;Anterior a 2019;DIBEM;;Pendente
Cadeira Fixa Com Assento E Encosto Estofados;CADEIRA FIXA COM ASSENTO E ENCOSTO ESTOFADOS;295576;Anterior a 2019;DIBEM;;Pendente
Cadeira Fixa Com Assento E Encosto Estofados;CADEIRA FIXA COM ASSENTO E ENCOSTO ESTOFADOS;295591;Anterior a 2019;DIBEM;;Pendente
Cadeira Fixa Com Assento E Encosto Estofados;CADEIRA FIXA COM ASSENTO E ENCOSTO ESTOFADOS;295603;Anterior a 2019;DIBEM;;Pendente
Cadeira Fixa Com Assento E Encosto Estofados;CADEIRA FIXA COM ASSENTO E ENCOSTO ESTOFADOS;295604;Anterior a 2019;DIBEM;;Pendente
Cadeira Fixa Com Assento E Encosto Estofados;CADEIRA FIXA COM ASSENTO E ENCOSTO ESTOFADOS;295608;Anterior a 2019;DIBEM;Residencia 125;Ruim
Cadeira Fixa Com Assento E Encosto Estofados;CADEIRA FIXA COM ASSENTO E ENCOSTO ESTOFADOS;295619;Anterior a 2019;DIBEM;;Pendente
Cadeira Fixa Com Assento E Encosto Estofados;CADEIRA FIXA COM ASSENTO E ENCOSTO ESTOFADOS;295623;Anterior a 2019;DIBEM;;Pendente
Cadeira Fixa Com Assento E Encosto Estofados;CADEIRA FIXA COM ASSENTO E ENCOSTO ESTOFADOS;295624;Anterior a 2019;DIBEM;Residencia 125;Bom
Cadeira Fixa Com Assento E Encosto Estofados;CADEIRA FIXA COM ASSENTO E ENCOSTO ESTOFADOS;295627;Anterior a 2019;DIBEM;;Pendente
Cadeira Fixa Com Assento E Encosto Estofados;CADEIRA FIXA COM ASSENTO E ENCOSTO ESTOFADOS;295629;Anterior a 2019;DIBEM;;Pendente
Cadeira Fixa Com Assento E Encosto Estofados;CADEIRA FIXA COM ASSENTO E ENCOSTO ESTOFADOS;295630;Anterior a 2019;DIBEM;;Pendente
Cadeira Fixa Com Assento E Encosto Estofados;CADEIRA FIXA COM ASSENTO E ENCOSTO ESTOFADOS;295634;Anterior a 2019;DIBEM;Residencia 125;Ruim
Cadeira Fixa Com Assento E Encosto Estofados;CADEIRA FIXA COM ASSENTO E ENCOSTO ESTOFADOS;295637;Anterior a 2019;DIBEM;;Pendente
Cadeira Fixa Com Assento E Encosto Estofados;CADEIRA FIXA COM ASSENTO E ENCOSTO ESTOFADOS;295638;Anterior a 2019;DIBEM;;Pendente
Cadeira Fixa Com Assento E Encosto Estofados;CADEIRA FIXA COM ASSENTO E ENCOSTO ESTOFADOS;295640;Anterior a 2019;DIBEM;;Pendente
Cadeira Fixa Com Assento E Encosto Estofados;CADEIRA FIXA COM ASSENTO E ENCOSTO ESTOFADOS;295641;Anterior a 2019;DIBEM;;Pendente
Cadeira Fixa Com Assento E Encosto Estofados;CADEIRA FIXA COM ASSENTO E ENCOSTO ESTOFADOS;295642;Anterior a 2019;DIBEM;;Pendente
Cadeira Fixa Com Assento E Encosto Estofados;CADEIRA FIXA COM ASSENTO E ENCOSTO ESTOFADOS;295644;Anterior a 2019;DIBEM;;Pendente
Cadeira Fixa Com Assento E Encosto Estofados;CADEIRA FIXA COM ASSENTO E ENCOSTO ESTOFADOS;295646;Anterior a 2019;DIBEM;;Pendente
Cadeira Fixa Com Assento E Encosto Estofados;CADEIRA FIXA COM ASSENTO E ENCOSTO ESTOFADOS;295647;Anterior a 2019;DIBEM;;Pendente
Cadeira Fixa Com Assento E Encosto Estofados;CADEIRA FIXA COM ASSENTO E ENCOSTO ESTOFADOS;295648;Anterior a 2019;DIBEM;;Pendente
Cadeira Fixa Com Assento E Encosto Estofados;CADEIRA FIXA COM ASSENTO E ENCOSTO ESTOFADOS;295650;Anterior a 2019;DIBEM;;Pendente
Cadeira Fixa Com Assento E Encosto Estofados;CADEIRA FIXA COM ASSENTO E ENCOSTO ESTOFADOS;295656;Anterior a 2019;DIBEM;;Pendente
Cadeira Fixa Com Assento E Encosto Estofados;CADEIRA FIXA COM ASSENTO E ENCOSTO ESTOFADOS;295658;Anterior a 2019;DIBEM;;Pendente
Cadeira Fixa Com Assento E Encosto Estofados;CADEIRA FIXA COM ASSENTO E ENCOSTO ESTOFADOS;295670;Anterior a 2019;DIBEM;;Pendente
Cadeira Fixa Com Assento E Encosto Estofados;CADEIRA FIXA COM ASSENTO E ENCOSTO ESTOFADOS;295671;Anterior a 2019;DIBEM;;Pendente
Cadeira Fixa Com Assento E Encosto Estofados;CADEIRA FIXA COM ASSENTO E ENCOSTO ESTOFADOS;295673;Anterior a 2019;DIBEM;;Pendente
Cadeira Fixa Com Assento E Encosto Estofados;CADEIRA FIXA COM ASSENTO E ENCOSTO ESTOFADOS;295674;Anterior a 2019;DIBEM;;Pendente
Cadeira Fixa Com Assento E Encosto Estofados;CADEIRA FIXA COM ASSENTO E ENCOSTO ESTOFADOS;295675;Anterior a 2019;DIBEM;;Pendente
Cadeira Fixa Com Assento E Encosto Estofados;CADEIRA FIXA COM ASSENTO E ENCOSTO ESTOFADOS;295685;Anterior a 2019;DIBEM;;Pendente
Cadeira Fixa Com Assento E Encosto Estofados;CADEIRA FIXA COM ASSENTO E ENCOSTO ESTOFADOS;295686;Anterior a 2019;DIBEM;;Pendente
Cadeira Fixa Com Assento E Encosto Estofados;CADEIRA FIXA COM ASSENTO E ENCOSTO ESTOFADOS;295688;Anterior a 2019;DIBEM;;Pendente
Cadeira Fixa Com Assento E Encosto Estofados;CADEIRA FIXA COM ASSENTO E ENCOSTO ESTOFADOS;295693;Anterior a 2019;DIBEM;;Pendente
Cadeira Fixa Com Assento E Encosto Estofados;CADEIRA FIXA COM ASSENTO E ENCOSTO ESTOFADOS;295694;Anterior a 2019;PRAE;;Pendente
Cadeira Fixa Com Assento E Encosto Estofados;CADEIRA FIXA COM ASSENTO E ENCOSTO ESTOFADOS;295695;Anterior a 2019;PRAE;;Pendente
Cadeira Fixa Com Assento E Encosto Estofados;CADEIRA FIXA COM ASSENTO E ENCOSTO ESTOFADOS;295698;Anterior a 2019;DIBEM;;Pendente
Cadeira Fixa Com Assento E Encosto Estofados;CADEIRA FIXA COM ASSENTO E ENCOSTO ESTOFADOS;295699;Anterior a 2019;DIBEM;;Pendente
Cadeira Fixa Com Assento E Encosto Estofados;CADEIRA FIXA COM ASSENTO E ENCOSTO ESTOFADOS;295702;Anterior a 2019;DIBEM;;Pendente
Cadeira Fixa Com Assento E Encosto Estofados;CADEIRA FIXA COM ASSENTO E ENCOSTO ESTOFADOS;295703;Anterior a 2019;DIBEM;;Pendente
Cadeira Fixa Com Assento E Encosto Estofados;CADEIRA FIXA COM ASSENTO E ENCOSTO ESTOFADOS;295705;Anterior a 2019;DIBEM;;Pendente
Cadeira Fixa Com Assento E Encosto Estofados;CADEIRA FIXA COM ASSENTO E ENCOSTO ESTOFADOS;295706;Anterior a 2019;DIBEM;;Pendente
Cadeira Fixa Com Assento E Encosto Estofados;CADEIRA FIXA COM ASSENTO E ENCOSTO ESTOFADOS;295708;Anterior a 2019;PRAE;;Pendente
Cadeira Fixa Com Assento E Encosto Estofados;CADEIRA FIXA COM ASSENTO E ENCOSTO ESTOFADOS;295709;Anterior a 2019;PRAE;;Pendente
Cadeira Fixa Com Assento E Encosto Estofados;CADEIRA FIXA COM ASSENTO E ENCOSTO ESTOFADOS;295710;Anterior a 2019;PRAE;;Pendente
Cadeira Fixa Com Assento E Encosto Estofados;CADEIRA FIXA COM ASSENTO E ENCOSTO ESTOFADOS;295714;Anterior a 2019;DIBEM;;Pendente
Cadeira Fixa Com Assento E Encosto Estofados;CADEIRA FIXA COM ASSENTO E ENCOSTO ESTOFADOS;295716;Anterior a 2019;DIBEM;;Pendente
Cadeira Fixa Com Assento E Encosto Estofados;CADEIRA FIXA COM ASSENTO E ENCOSTO ESTOFADOS;295717;Anterior a 2019;DIBEM;;Pendente
Cadeira Fixa Com Assento E Encosto Estofados;CADEIRA FIXA COM ASSENTO E ENCOSTO ESTOFADOS;295720;Anterior a 2019;DIBEM;;Pendente
Cadeira Fixa Com Assento E Encosto Estofados;CADEIRA FIXA COM ASSENTO E ENCOSTO ESTOFADOS;295721;Anterior a 2019;DIBEM;;Pendente
Cadeira Fixa Com Assento E Encosto Estofados;CADEIRA FIXA COM ASSENTO E ENCOSTO ESTOFADOS;295722;Anterior a 2019;DIBEM;;Pendente
Cadeira Fixa Com Assento E Encosto Estofados;CADEIRA FIXA COM ASSENTO E ENCOSTO ESTOFADOS;295723;Anterior a 2019;DIBEM;;Pendente
Cadeira Fixa Com Assento E Encosto Estofados;CADEIRA FIXA COM ASSENTO E ENCOSTO ESTOFADOS;295724;Anterior a 2019;DIBEM;;Pendente
Cadeira Fixa Com Assento E Encosto Estofados;CADEIRA FIXA COM ASSENTO E ENCOSTO ESTOFADOS;295725;Anterior a 2019;DIBEM;;Pendente
Cadeira Fixa Com Assento E Encosto Estofados;CADEIRA FIXA COM ASSENTO E ENCOSTO ESTOFADOS;295730;Anterior a 2019;DIBEM;;Pendente
Cadeira Fixa Com Assento E Encosto Estofados;CADEIRA FIXA COM ASSENTO E ENCOSTO ESTOFADOS;295734;Anterior a 2019;DIBEM;;Pendente
Cadeira Fixa Com Assento E Encosto Estofados;CADEIRA FIXA COM ASSENTO E ENCOSTO ESTOFADOS;295735;Anterior a 2019;DIBEM;;Pendente
Cadeira Fixa Com Assento E Encosto Estofados;CADEIRA FIXA COM ASSENTO E ENCOSTO ESTOFADOS;295736;Anterior a 2019;DIBEM;;Pendente
Cadeira Fixa Com Assento E Encosto Estofados;CADEIRA FIXA COM ASSENTO E ENCOSTO ESTOFADOS;295737;Anterior a 2019;DIBEM;;Pendente
Cadeira Fixa Com Assento E Encosto Estofados;CADEIRA FIXA COM ASSENTO E ENCOSTO ESTOFADOS;295738;Anterior a 2019;DIBEM;;Pendente
Cadeira Fixa Com Assento E Encosto Estofados;CADEIRA FIXA COM ASSENTO E ENCOSTO ESTOFADOS;295739;Anterior a 2019;DIBEM;;Pendente
Cadeira Fixa Com Assento E Encosto Estofados;CADEIRA FIXA COM ASSENTO E ENCOSTO ESTOFADOS;295740;Anterior a 2019;DIBEM;;Pendente
Cadeira Fixa Com Assento E Encosto Estofados;CADEIRA FIXA COM ASSENTO E ENCOSTO ESTOFADOS;295742;Anterior a 2019;DIBEM;;Pendente
Cadeira Fixa Com Assento E Encosto Estofados;CADEIRA FIXA COM ASSENTO E ENCOSTO ESTOFADOS;295744;Anterior a 2019;DIBEM;;Pendente
Cadeira Fixa Com Assento E Encosto Estofados;CADEIRA FIXA COM ASSENTO E ENCOSTO ESTOFADOS;295745;Anterior a 2019;DIBEM;;Pendente
Cadeira Fixa Com Assento E Encosto Estofados;CADEIRA FIXA COM ASSENTO E ENCOSTO ESTOFADOS;295746;Anterior a 2019;PRAE;;Pendente
Cadeira Fixa Com Assento E Encosto Estofados;CADEIRA FIXA COM ASSENTO E ENCOSTO ESTOFADOS;295747;Anterior a 2019;PRAE;;Pendente
Cadeira Fixa Com Assento E Encosto Estofados;CADEIRA FIXA COM ASSENTO E ENCOSTO ESTOFADOS;295751;Anterior a 2019;DIBEM;;Pendente
Cadeira Fixa Com Assento E Encosto Estofados;CADEIRA FIXA COM ASSENTO E ENCOSTO ESTOFADOS;295753;Anterior a 2019;DIBEM;;Pendente
Cadeira Fixa Com Assento E Encosto Estofados;CADEIRA FIXA COM ASSENTO E ENCOSTO ESTOFADOS;295754;Anterior a 2019;DIBEM;;Pendente
Cadeira Fixa Com Assento E Encosto Estofados;CADEIRA FIXA COM ASSENTO E ENCOSTO ESTOFADOS;295755;Anterior a 2019;DIBEM;;Pendente
Cadeira Fixa Com Assento E Encosto Estofados;CADEIRA FIXA COM ASSENTO E ENCOSTO ESTOFADOS;295759;Anterior a 2019;DIBEM;;Pendente
Cadeira Fixa Com Assento E Encosto Estofados;CADEIRA FIXA COM ASSENTO E ENCOSTO ESTOFADOS;295760;Anterior a 2019;DIBEM;;Pendente
Cadeira Fixa Com Assento E Encosto Estofados;CADEIRA FIXA COM ASSENTO E ENCOSTO ESTOFADOS;295763;Anterior a 2019;DIBEM;;Pendente
Cadeira Fixa Com Assento E Encosto Estofados;CADEIRA FIXA COM ASSENTO E ENCOSTO ESTOFADOS;295764;Anterior a 2019;DIBEM;;Pendente
Cadeira Fixa Com Assento E Encosto Estofados;CADEIRA FIXA COM ASSENTO E ENCOSTO ESTOFADOS;295765;Anterior a 2019;DIBEM;;Pendente
Cadeira Fixa Com Assento E Encosto Estofados;CADEIRA FIXA COM ASSENTO E ENCOSTO ESTOFADOS;295795;Anterior a 2019;DIBEM;;Pendente
Cadeira Fixa Com Assento E Encosto Estofados;CADEIRA FIXA COM ASSENTO E ENCOSTO ESTOFADOS;295797;Anterior a 2019;DIBEM;;Pendente
Cadeira Fixa Com Assento E Encosto Estofados;CADEIRA FIXA COM ASSENTO E ENCOSTO ESTOFADOS;295798;Anterior a 2019;DIBEM;;Pendente
Cadeira Fixa Com Assento E Encosto Estofados;CADEIRA FIXA COM ASSENTO E ENCOSTO ESTOFADOS;295800;Anterior a 2019;DIBEM;;Pendente
Cadeira Fixa Com Assento E Encosto Estofados;CADEIRA FIXA COM ASSENTO E ENCOSTO ESTOFADOS;295803;Anterior a 2019;DIBEM;;Pendente
Cadeira Fixa Com Assento E Encosto Estofados;CADEIRA FIXA COM ASSENTO E ENCOSTO ESTOFADOS;295805;Anterior a 2019;DIBEM;;Pendente
Cadeira Fixa Com Assento E Encosto Estofados;CADEIRA FIXA COM ASSENTO E ENCOSTO ESTOFADOS;295806;Anterior a 2019;DIBEM;;Pendente
Cadeira Fixa Com Assento E Encosto Estofados;CADEIRA FIXA COM ASSENTO E ENCOSTO ESTOFADOS;295807;Anterior a 2019;DIBEM;;Pendente
Cadeira Fixa Com Assento E Encosto Estofados;CADEIRA FIXA COM ASSENTO E ENCOSTO ESTOFADOS;295835;Anterior a 2019;DIBEM;;Pendente
Cadeira Fixa Com Assento E Encosto Estofados;CADEIRA FIXA COM ASSENTO E ENCOSTO ESTOFADOS;295836;Anterior a 2019;DIBEM;;Pendente
Cadeira Fixa Com Assento E Encosto Estofados;CADEIRA FIXA COM ASSENTO E ENCOSTO ESTOFADOS;295841;Anterior a 2019;DIBEM;;Pendente
Cadeira Fixa Com Assento E Encosto Estofados;CADEIRA FIXA COM ASSENTO E ENCOSTO ESTOFADOS;295842;Anterior a 2019;PRAE;;Pendente
Cadeira Fixa Com Assento E Encosto Estofados;CADEIRA FIXA COM ASSENTO E ENCOSTO ESTOFADOS;295843;Anterior a 2019;PRAE;;Pendente
Cadeira Fixa Com Assento E Encosto Estofados;CADEIRA FIXA COM ASSENTO E ENCOSTO ESTOFADOS;295845;Anterior a 2019;DIBEM;;Pendente
Cadeira Fixa Com Assento E Encosto Estofados;CADEIRA FIXA COM ASSENTO E ENCOSTO ESTOFADOS;295848;Anterior a 2019;DIBEM;;Pendente
Cadeira Fixa Com Assento E Encosto Estofados;CADEIRA FIXA COM ASSENTO E ENCOSTO ESTOFADOS;295850;Anterior a 2019;DIBEM;;Pendente
Cadeira Fixa Com Assento E Encosto Estofados;CADEIRA FIXA COM ASSENTO E ENCOSTO ESTOFADOS;295852;Anterior a 2019;DIBEM;;Pendente
Cadeira Fixa Com Assento E Encosto Estofados;CADEIRA FIXA COM ASSENTO E ENCOSTO ESTOFADOS;295854;Anterior a 2019;DIBEM;;Pendente
Cadeira Fixa Com Assento E Encosto Estofados;CADEIRA FIXA COM ASSENTO E ENCOSTO ESTOFADOS;295856;Anterior a 2019;DIBEM;;Pendente
Cadeira Fixa Com Assento E Encosto Estofados;CADEIRA FIXA COM ASSENTO E ENCOSTO ESTOFADOS;295860;Anterior a 2019;DIBEM;;Pendente
Cadeira Fixa Com Assento E Encosto Estofados;CADEIRA FIXA COM ASSENTO E ENCOSTO ESTOFADOS;295862;Anterior a 2019;DIBEM;;Pendente
Cadeira Fixa Com Assento E Encosto Estofados;CADEIRA FIXA COM ASSENTO E ENCOSTO ESTOFADOS;295864;Anterior a 2019;DIBEM;;Pendente
Cadeira Fixa Com Assento E Encosto Estofados;CADEIRA FIXA COM ASSENTO E ENCOSTO ESTOFADOS;295868;Anterior a 2019;PRAE;;Pendente
Cadeira Fixa Com Assento E Encosto Estofados;CADEIRA FIXA COM ASSENTO E ENCOSTO ESTOFADOS;295869;Anterior a 2019;PRAE;;Pendente
Cadeira Fixa Com Assento E Encosto Estofados;CADEIRA FIXA COM ASSENTO E ENCOSTO ESTOFADOS;295871;Anterior a 2019;DIBEM;;Pendente
Cadeira Fixa Com Assento E Encosto Estofados;CADEIRA FIXA COM ASSENTO E ENCOSTO ESTOFADOS;295872;Anterior a 2019;DIBEM;;Pendente
Cadeira Fixa Com Assento E Encosto Estofados;CADEIRA FIXA COM ASSENTO E ENCOSTO ESTOFADOS;295873;Anterior a 2019;PRAE;;Pendente
Cadeira Fixa Com Assento E Encosto Estofados;CADEIRA FIXA COM ASSENTO E ENCOSTO ESTOFADOS;295874;Anterior a 2019;PRAE;;Pendente
Cadeira Fixa Com Assento E Encosto Estofados;CADEIRA FIXA COM ASSENTO E ENCOSTO ESTOFADOS;295875;Anterior a 2019;PRAE;;Pendente
Cadeira Fixa Com Assento E Encosto Estofados;CADEIRA FIXA COM ASSENTO E ENCOSTO ESTOFADOS;295908;Anterior a 2019;DIBEM;;Pendente
Cadeira Fixa Com Assento E Encosto Estofados;CADEIRA FIXA COM ASSENTO E ENCOSTO ESTOFADOS;295912;Anterior a 2019;DIBEM;;Pendente
Cadeira Fixa Com Assento E Encosto Estofados;CADEIRA FIXA COM ASSENTO E ENCOSTO ESTOFADOS;295917;Anterior a 2019;DIBEM;;Pendente
Cadeira Fixa Com Assento E Encosto Estofados;CADEIRA FIXA COM ASSENTO E ENCOSTO ESTOFADOS;295919;Anterior a 2019;DIBEM;;Pendente
Cadeira Fixa Com Assento E Encosto Estofados;CADEIRA FIXA COM ASSENTO E ENCOSTO ESTOFADOS;295920;Anterior a 2019;DIBEM;;Pendente
Cadeira Fixa Com Assento E Encosto Estofados;CADEIRA FIXA COM ASSENTO E ENCOSTO ESTOFADOS;295921;Anterior a 2019;DIBEM;;Pendente
Cadeira Fixa Com Assento E Encosto Estofados;CADEIRA FIXA COM ASSENTO E ENCOSTO ESTOFADOS;295923;Anterior a 2019;DIBEM;;Pendente
Cadeira Fixa Com Assento E Encosto Estofados;CADEIRA FIXA COM ASSENTO E ENCOSTO ESTOFADOS;295927;Anterior a 2019;DIBEM;;Pendente
Cadeira Fixa Com Assento E Encosto Estofados;CADEIRA FIXA COM ASSENTO E ENCOSTO ESTOFADOS;295935;Anterior a 2019;DIBEM;;Pendente
Cadeira Fixa Com Assento E Encosto Estofados;CADEIRA FIXA COM ASSENTO E ENCOSTO ESTOFADOS;295939;Anterior a 2019;DIBEM;;Pendente
Cadeira Fixa Com Assento E Encosto Estofados;CADEIRA FIXA COM ASSENTO E ENCOSTO ESTOFADOS;295941;Anterior a 2019;DIBEM;;Pendente
Cadeira Fixa Com Assento E Encosto Estofados;CADEIRA FIXA COM ASSENTO E ENCOSTO ESTOFADOS;295942;Anterior a 2019;DIBEM;;Pendente
Cadeira Fixa Com Assento E Encosto Estofados;CADEIRA FIXA COM ASSENTO E ENCOSTO ESTOFADOS;295943;Anterior a 2019;DIBEM;;Pendente
Cadeira Fixa Com Assento E Encosto Estofados;CADEIRA FIXA COM ASSENTO E ENCOSTO ESTOFADOS;295954;Anterior a 2019;DIBEM;;Pendente
Cadeira Fixa Com Assento E Encosto Estofados;CADEIRA FIXA COM ASSENTO E ENCOSTO ESTOFADOS;295964;Anterior a 2019;DIBEM;;Pendente
Cadeira Fixa Com Assento E Encosto Estofados;CADEIRA FIXA COM ASSENTO E ENCOSTO ESTOFADOS;295967;Anterior a 2019;PRAE;;Pendente
Cadeira Fixa Com Assento E Encosto Estofados;CADEIRA FIXA COM ASSENTO E ENCOSTO ESTOFADOS;295968;Anterior a 2019;PRAE;;Pendente
Cadeira Fixa Com Assento E Encosto Estofados;CADEIRA FIXA COM ASSENTO E ENCOSTO ESTOFADOS;295969;Anterior a 2019;PRAE;;Pendente
Cadeira Fixa Com Assento E Encosto Estofados;CADEIRA FIXA COM ASSENTO E ENCOSTO ESTOFADOS;295970;Anterior a 2019;PRAE;;Pendente
Cadeira Fixa Com Assento E Encosto Estofados;CADEIRA FIXA COM ASSENTO E ENCOSTO ESTOFADOS;295971;Anterior a 2019;PRAE;;Pendente
Cadeira Fixa Com Assento E Encosto Estofados;CADEIRA FIXA COM ASSENTO E ENCOSTO ESTOFADOS;295972;Anterior a 2019;PRAE;;Pendente
Cadeira Fixa Com Assento E Encosto Estofados;CADEIRA FIXA COM ASSENTO E ENCOSTO ESTOFADOS;295973;Anterior a 2019;PRAE;;Pendente
Cadeira Fixa Com Assento E Encosto Estofados;CADEIRA FIXA COM ASSENTO E ENCOSTO ESTOFADOS;295974;Anterior a 2019;PRAE;;Pendente
Cadeira Fixa Com Assento E Encosto Estofados;CADEIRA FIXA COM ASSENTO E ENCOSTO ESTOFADOS;295976;Anterior a 2019;PRAE;;Pendente
Cadeira Fixa Com Assento E Encosto Estofados;CADEIRA FIXA COM ASSENTO E ENCOSTO ESTOFADOS;295977;Anterior a 2019;PRAE;;Pendente
Liquidificador Domestico;LIQUIDIFICADOR DOMESTICO;295994;Anterior a 2019;DIBEM;;Pendente
Liquidificador Domestico;LIQUIDIFICADOR DOMESTICO;295996;Anterior a 2019;DIBEM;;Pendente
Ferro Eletrico Para Engomar;FERRO ELETRICO PARA ENGOMAR;295998;Anterior a 2019;DIBEM;;Pendente
Ferro Eletrico Para Engomar;FERRO ELETRICO PARA ENGOMAR;295999;Anterior a 2019;DIBEM;;Pendente
Ferro Eletrico Para Engomar;FERRO ELETRICO PARA ENGOMAR;296000;Anterior a 2019;PRAE;;Pendente
Ferro Eletrico Para Engomar;FERRO ELETRICO PARA ENGOMAR;296001;Anterior a 2019;PRAE;;Pendente
Ferro Eletrico Para Engomar;FERRO ELETRICO PARA ENGOMAR;296002;Anterior a 2019;DIBEM;;Pendente
Ferro Eletrico Para Engomar;FERRO ELETRICO PARA ENGOMAR;296003;Anterior a 2019;DIBEM;;Pendente
"Televisão 47""";TELEVISOR APARELHO DE TV 47'';296177;Anterior a 2019;DIBEM;;Pendente
Wirelles;WIRELLES;296208;Anterior a 2019;CASE;;Pendente
Wirelles;WIRELLES;296212;Anterior a 2019;CASE;;Pendente
Wirelles;WIRELLES;296213;Anterior a 2019;CASE;;Pendente
Wirelles;WIRELLES;296214;Anterior a 2019;CASE;;Pendente
Wirelles;WIRELLES;296380;Anterior a 2019;PRAE;;Pendente
Wirelles;WIRELLES;296384;Anterior a 2019;DIBEM;;Pendente
Wirelles;WIRELLES;296392;Anterior a 2019;DIBEM;;Pendente
Wirelles;WIRELLES;296393;Anterior a 2019;DIBEM;;Pendente
Wirelles;WIRELLES;296394;Anterior a 2019;DIBEM;;Pendente
Wirelles;WIRELLES;296399;Anterior a 2019;DIBEM;;Pendente
Wirelles;WIRELLES;296418;Anterior a 2019;DIBEM;;Pendente
Wirelles;WIRELLES;296434;Anterior a 2019;PRAE;;Pendente
Wirelles;WIRELLES;296438;Anterior a 2019;CASE;;Pendente
Ar Condicionado 48.000 BTUs;AIR SPLIT DE 48.000 BTUS;296526;Anterior a 2019;PRAE;;Pendente
Ar Condicionado 48.000 BTUs;AIR SPLIT DE 48.000 BTUS;296527;Anterior a 2019;PRAE;;Pendente
Ar Condicionado 48.000 BTUs;AIR SPLIT DE 48.000 BTUS;296528;Anterior a 2019;PRAE;;Pendente
Conjunto Estofado Composto De Sofa Para 03 Lugares;CONJUNTO ESTOFADO COMPOSTO DE SOFA PARA 03 LUGARES;298188;Anterior a 2019;DIBEM;;Pendente
Banco Individual De Madeira;BANCO INDIVIDUAL DE MADEIRA;298195;Anterior a 2019;DIBEM;;Pendente
Banco Individual De Madeira;BANCO INDIVIDUAL DE MADEIRA;298197;Anterior a 2019;DIBEM;;Pendente
Banco Individual De Madeira;BANCO INDIVIDUAL DE MADEIRA;298198;Anterior a 2019;DIBEM;;Pendente
Escrivaninha De Madeira Com Gavetas;ESCRIVANINHA DE MADEIRA COM GAVETAS;298199;Anterior a 2019;DIBEM;;Pendente
Estabilizador De Tensao;ESTABILIZADOR DE TENSAO;298242;Anterior a 2019;PRAE;;Pendente
Maquina Para Fazer Sanduiche (Grill);MAQUINA PARA FAZER SANDUICHE (GRILL);298491;Anterior a 2019;DIBEM;;Pendente
Maquina Para Fazer Sanduiche (Grill);MAQUINA PARA FAZER SANDUICHE (GRILL);298492;Anterior a 2019;DIBEM;;Pendente
Maquina Para Fazer Sanduiche (Grill);MAQUINA PARA FAZER SANDUICHE (GRILL);298493;Anterior a 2019;DIBEM;;Pendente
Maquina Para Fazer Sanduiche (Grill);MAQUINA PARA FAZER SANDUICHE (GRILL);298494;Anterior a 2019;DIBEM;;Pendente
Maquina Para Fazer Sanduiche (Grill);MAQUINA PARA FAZER SANDUICHE (GRILL);298497;Anterior a 2019;DIBEM;;Pendente
Maquina Para Fazer Sanduiche (Grill);MAQUINA PARA FAZER SANDUICHE (GRILL);298498;Anterior a 2019;DIBEM;;Pendente
Maquina Para Fazer Sanduiche (Grill);MAQUINA PARA FAZER SANDUICHE (GRILL);298499;Anterior a 2019;DIBEM;;Pendente
Maquina Para Fazer Sanduiche (Grill);MAQUINA PARA FAZER SANDUICHE (GRILL);298500;Anterior a 2019;DIBEM;;Pendente
Maquina Para Fazer Sanduiche (Grill);MAQUINA PARA FAZER SANDUICHE (GRILL);298501;Anterior a 2019;DIBEM;;Pendente
Filtro Em Aco Inox Para Tratamento De Agua;FILTRO EM ACO INOX PARA TRATAMENTO DE AGUA;298565;Anterior a 2019;DIBEM;;Pendente
Filtro Em Aco Inox Para Tratamento De Agua;FILTRO EM ACO INOX PARA TRATAMENTO DE AGUA;298600;Anterior a 2019;DIBEM;;Pendente
Filtro Em Aco Inox Para Tratamento De Agua;FILTRO EM ACO INOX PARA TRATAMENTO DE AGUA;298605;Anterior a 2019;DIBEM;;Pendente
Filtro Em Aco Inox Para Tratamento De Agua;FILTRO EM ACO INOX PARA TRATAMENTO DE AGUA;298639;Anterior a 2019;DIBEM;;Pendente
Wirelles;WIRELLES;298692;Anterior a 2019;DIBEM;;Pendente
Estabilizador No-Break;ESTABILIZADOR NO-BREAK;299203;Anterior a 2019;CRU;;Pendente
Receiver;RECEIVER;299898;Anterior a 2019;PRAE;;Pendente
Estante Em Inox Com Prateleitas;ESTANTE EM INOX COM PRATELEITAS;300248;Anterior a 2019;PRAE;;Pendente
Mesa ;MESA DE AUDIO - SOM;300866;Anterior a 2019;PRAE;;Pendente
Forno Microondas;FORNO MICROONDAS;301103;Anterior a 2019;DIBEM;;Pendente
Liquidificador Domestico;LIQUIDIFICADOR DOMESTICO;301104;Anterior a 2019;DIBEM;;Pendente
Liquidificador Domestico;LIQUIDIFICADOR DOMESTICO;301105;Anterior a 2019;DIBEM;;Pendente
Refrigerador DE 40 ATL;REFRIGERADOR TIPO FRIGOBAR COM CAPACIDADE DE 40 AT;301332;Anterior a 2019;DIBEM;;Pendente
Refrigerador DE 40 ATL;REFRIGERADOR TIPO FRIGOBAR COM CAPACIDADE DE 40 AT;301334;Anterior a 2019;PRAE;;Pendente
Refrigerador DE 40 ATL;REFRIGERADOR TIPO FRIGOBAR COM CAPACIDADE DE 40 AT;301335;Anterior a 2019;CRU;;Pendente
Cadeira Estofada Modelo Diretor Com Braços;CADEIRA ESTOFADA MODELO DIRETOR COM BRAÇOS;301817;Anterior a 2019;PRAE;;Pendente
Mesa Angular ;MESA RETANGULAR DE MADEIRA PARA REUNIAO;301823;Anterior a 2019;PRAE;;Pendente
Mesa ;MESA DE ACO;303818;Anterior a 2019;PRAE;;Pendente
Mesa ;MESA DE ACO;303820;Anterior a 2019;PRAE;;Pendente
"Televisão 47""";"TELEVISOR APARELHO DE TV 47""";303867;Anterior a 2019;DIBEM;;Pendente
"Televisão 47""";"TELEVISOR APARELHO DE TV 47""";303868;Anterior a 2019;DIBEM;Residência 148;Ruim
"Televisão 47""";"TELEVISOR APARELHO DE TV 47""";303869;Anterior a 2019;DIBEM;;Pendente
Mesa ;MESA PARA SINUCA;303958;Anterior a 2019;DIBEM;;Pendente
Mesa ;MESA PARA SINUCA;303959;Anterior a 2019;DIBEM;;Pendente
Mesa ;MESA PARA SINUCA;303960;Anterior a 2019;DIBEM;;Pendente
Poltrona Lobby 610;POLTRONA LOBBY 610;304051;Anterior a 2019;PRAE;;Pendente
Poltrona Lobby 610;POLTRONA LOBBY 610;304052;Anterior a 2019;PRAE;;Pendente
Poltrona Lobby 610;POLTRONA LOBBY 610;304053;Anterior a 2019;PRAE;;Pendente
Poltrona Lobby 610;POLTRONA LOBBY 610;304054;Anterior a 2019;PRAE;;Pendente
Gaveteiro;GAVETEIRO;304517;Anterior a 2019;PRAE;;Pendente
Cadeira De Madeira Conjugada Para Auditorio;CADEIRA DE MADEIRA CONJUGADA PARA AUDITORIO;304672;Anterior a 2019;PRAE;;Pendente
Cadeira De Madeira Conjugada Para Auditorio;CADEIRA DE MADEIRA CONJUGADA PARA AUDITORIO;304674;Anterior a 2019;PRAE;;Pendente
Cadeira De Madeira Conjugada Para Auditorio;CADEIRA DE MADEIRA CONJUGADA PARA AUDITORIO;304675;Anterior a 2019;PRAE;;Pendente
Cadeira De Madeira Conjugada Para Auditorio;CADEIRA DE MADEIRA CONJUGADA PARA AUDITORIO;304676;Anterior a 2019;PRAE;;Pendente
Cadeira De Madeira Conjugada Para Auditorio;CADEIRA DE MADEIRA CONJUGADA PARA AUDITORIO;304677;Anterior a 2019;PRAE;;Pendente
Cadeira De Madeira Conjugada Para Auditorio;CADEIRA DE MADEIRA CONJUGADA PARA AUDITORIO;304678;Anterior a 2019;PRAE;;Pendente
Cadeira De Madeira Conjugada Para Auditorio;CADEIRA DE MADEIRA CONJUGADA PARA AUDITORIO;304680;Anterior a 2019;PRAE;;Pendente
Cadeira De Madeira Conjugada Para Auditorio;CADEIRA DE MADEIRA CONJUGADA PARA AUDITORIO;304681;Anterior a 2019;PRAE;;Pendente
Cadeira De Madeira Conjugada Para Auditorio;CADEIRA DE MADEIRA CONJUGADA PARA AUDITORIO;304682;Anterior a 2019;PRAE;;Pendente
Cadeira De Madeira Conjugada Para Auditorio;CADEIRA DE MADEIRA CONJUGADA PARA AUDITORIO;304683;Anterior a 2019;PRAE;;Pendente
Cadeira De Madeira Conjugada Para Auditorio;CADEIRA DE MADEIRA CONJUGADA PARA AUDITORIO;304684;Anterior a 2019;PRAE;;Pendente
Cadeira De Madeira Conjugada Para Auditorio;CADEIRA DE MADEIRA CONJUGADA PARA AUDITORIO;304685;Anterior a 2019;PRAE;;Pendente
Cadeira De Madeira Conjugada Para Auditorio;CADEIRA DE MADEIRA CONJUGADA PARA AUDITORIO;304686;Anterior a 2019;PRAE;;Pendente
Cadeira De Madeira Conjugada Para Auditorio;CADEIRA DE MADEIRA CONJUGADA PARA AUDITORIO;304687;Anterior a 2019;PRAE;;Pendente
Cadeira De Madeira Conjugada Para Auditorio;CADEIRA DE MADEIRA CONJUGADA PARA AUDITORIO;304688;Anterior a 2019;PRAE;;Pendente
Cadeira De Madeira Conjugada Para Auditorio;CADEIRA DE MADEIRA CONJUGADA PARA AUDITORIO;304689;Anterior a 2019;PRAE;;Pendente
Cadeira De Madeira Conjugada Para Auditorio;CADEIRA DE MADEIRA CONJUGADA PARA AUDITORIO;304690;Anterior a 2019;PRAE;;Pendente
Cadeira De Madeira Conjugada Para Auditorio;CADEIRA DE MADEIRA CONJUGADA PARA AUDITORIO;304691;Anterior a 2019;PRAE;;Pendente
Cadeira De Madeira Conjugada Para Auditorio;CADEIRA DE MADEIRA CONJUGADA PARA AUDITORIO;304692;Anterior a 2019;PRAE;;Pendente
Cadeira De Madeira Conjugada Para Auditorio;CADEIRA DE MADEIRA CONJUGADA PARA AUDITORIO;304693;Anterior a 2019;PRAE;;Pendente
Cadeira De Madeira Conjugada Para Auditorio;CADEIRA DE MADEIRA CONJUGADA PARA AUDITORIO;304694;Anterior a 2019;PRAE;;Pendente
Cadeira De Madeira Conjugada Para Auditorio;CADEIRA DE MADEIRA CONJUGADA PARA AUDITORIO;304695;Anterior a 2019;PRAE;;Pendente
Cadeira De Madeira Conjugada Para Auditorio;CADEIRA DE MADEIRA CONJUGADA PARA AUDITORIO;304696;Anterior a 2019;PRAE;;Pendente
Cadeira De Madeira Conjugada Para Auditorio;CADEIRA DE MADEIRA CONJUGADA PARA AUDITORIO;304697;Anterior a 2019;PRAE;;Pendente
Cadeira De Madeira Conjugada Para Auditorio;CADEIRA DE MADEIRA CONJUGADA PARA AUDITORIO;304698;Anterior a 2019;PRAE;;Pendente
Cadeira De Madeira Conjugada Para Auditorio;CADEIRA DE MADEIRA CONJUGADA PARA AUDITORIO;304699;Anterior a 2019;PRAE;;Pendente
Cadeira De Madeira Conjugada Para Auditorio;CADEIRA DE MADEIRA CONJUGADA PARA AUDITORIO;304700;Anterior a 2019;PRAE;;Pendente
Cadeira De Madeira Conjugada Para Auditorio;CADEIRA DE MADEIRA CONJUGADA PARA AUDITORIO;304701;Anterior a 2019;PRAE;;Pendente
Cadeira De Madeira Conjugada Para Auditorio;CADEIRA DE MADEIRA CONJUGADA PARA AUDITORIO;304702;Anterior a 2019;PRAE;;Pendente
Cadeira De Madeira Conjugada Para Auditorio;CADEIRA DE MADEIRA CONJUGADA PARA AUDITORIO;304703;Anterior a 2019;PRAE;;Pendente
Cadeira De Madeira Conjugada Para Auditorio;CADEIRA DE MADEIRA CONJUGADA PARA AUDITORIO;304705;Anterior a 2019;PRAE;;Pendente
Cadeira De Madeira Conjugada Para Auditorio;CADEIRA DE MADEIRA CONJUGADA PARA AUDITORIO;304706;Anterior a 2019;PRAE;;Pendente
Cadeira De Madeira Conjugada Para Auditorio;CADEIRA DE MADEIRA CONJUGADA PARA AUDITORIO;304707;Anterior a 2019;PRAE;;Pendente
Cadeira De Madeira Conjugada Para Auditorio;CADEIRA DE MADEIRA CONJUGADA PARA AUDITORIO;304708;Anterior a 2019;PRAE;;Pendente
Cadeira De Madeira Conjugada Para Auditorio;CADEIRA DE MADEIRA CONJUGADA PARA AUDITORIO;304709;Anterior a 2019;PRAE;;Pendente
Cadeira De Madeira Conjugada Para Auditorio;CADEIRA DE MADEIRA CONJUGADA PARA AUDITORIO;304710;Anterior a 2019;PRAE;;Pendente
Cadeira De Madeira Conjugada Para Auditorio;CADEIRA DE MADEIRA CONJUGADA PARA AUDITORIO;304711;Anterior a 2019;PRAE;;Pendente
Cadeira De Madeira Conjugada Para Auditorio;CADEIRA DE MADEIRA CONJUGADA PARA AUDITORIO;304712;Anterior a 2019;PRAE;;Pendente
Cadeira De Madeira Conjugada Para Auditorio;CADEIRA DE MADEIRA CONJUGADA PARA AUDITORIO;304713;Anterior a 2019;PRAE;;Pendente
Cadeira De Madeira Conjugada Para Auditorio;CADEIRA DE MADEIRA CONJUGADA PARA AUDITORIO;304714;Anterior a 2019;PRAE;;Pendente
Cadeira De Madeira Conjugada Para Auditorio;CADEIRA DE MADEIRA CONJUGADA PARA AUDITORIO;304715;Anterior a 2019;PRAE;;Pendente
Cadeira De Madeira Conjugada Para Auditorio;CADEIRA DE MADEIRA CONJUGADA PARA AUDITORIO;304716;Anterior a 2019;PRAE;;Pendente
Cadeira De Madeira Conjugada Para Auditorio;CADEIRA DE MADEIRA CONJUGADA PARA AUDITORIO;304718;Anterior a 2019;PRAE;;Pendente
Cadeira De Madeira Conjugada Para Auditorio;CADEIRA DE MADEIRA CONJUGADA PARA AUDITORIO;304719;Anterior a 2019;PRAE;;Pendente
Cadeira De Madeira Conjugada Para Auditorio;CADEIRA DE MADEIRA CONJUGADA PARA AUDITORIO;304720;Anterior a 2019;PRAE;;Pendente
Cadeira De Madeira Conjugada Para Auditorio;CADEIRA DE MADEIRA CONJUGADA PARA AUDITORIO;304721;Anterior a 2019;PRAE;;Pendente
Cadeira De Madeira Conjugada Para Auditorio;CADEIRA DE MADEIRA CONJUGADA PARA AUDITORIO;304722;Anterior a 2019;PRAE;;Pendente
Cadeira De Madeira Conjugada Para Auditorio;CADEIRA DE MADEIRA CONJUGADA PARA AUDITORIO;304723;Anterior a 2019;PRAE;;Pendente
Cadeira De Madeira Conjugada Para Auditorio;CADEIRA DE MADEIRA CONJUGADA PARA AUDITORIO;304724;Anterior a 2019;PRAE;;Pendente
Cadeira De Madeira Conjugada Para Auditorio;CADEIRA DE MADEIRA CONJUGADA PARA AUDITORIO;304725;Anterior a 2019;PRAE;;Pendente
Cadeira De Madeira Conjugada Para Auditorio;CADEIRA DE MADEIRA CONJUGADA PARA AUDITORIO;304726;Anterior a 2019;PRAE;;Pendente
Cadeira De Madeira Conjugada Para Auditorio;CADEIRA DE MADEIRA CONJUGADA PARA AUDITORIO;304727;Anterior a 2019;PRAE;;Pendente
Cadeira De Madeira Conjugada Para Auditorio;CADEIRA DE MADEIRA CONJUGADA PARA AUDITORIO;304728;Anterior a 2019;PRAE;;Pendente
Cadeira De Madeira Conjugada Para Auditorio;CADEIRA DE MADEIRA CONJUGADA PARA AUDITORIO;304729;Anterior a 2019;PRAE;;Pendente
Cadeira De Madeira Conjugada Para Auditorio;CADEIRA DE MADEIRA CONJUGADA PARA AUDITORIO;304730;Anterior a 2019;PRAE;;Pendente
Cadeira De Madeira Conjugada Para Auditorio;CADEIRA DE MADEIRA CONJUGADA PARA AUDITORIO;304731;Anterior a 2019;PRAE;;Pendente
Cadeira De Madeira Conjugada Para Auditorio;CADEIRA DE MADEIRA CONJUGADA PARA AUDITORIO;304732;Anterior a 2019;PRAE;;Pendente
Cadeira De Madeira Conjugada Para Auditorio;CADEIRA DE MADEIRA CONJUGADA PARA AUDITORIO;304733;Anterior a 2019;PRAE;;Pendente
Cadeira De Madeira Conjugada Para Auditorio;CADEIRA DE MADEIRA CONJUGADA PARA AUDITORIO;304734;Anterior a 2019;PRAE;;Pendente
Cadeira De Madeira Conjugada Para Auditorio;CADEIRA DE MADEIRA CONJUGADA PARA AUDITORIO;304735;Anterior a 2019;PRAE;;Pendente
Cadeira De Madeira Conjugada Para Auditorio;CADEIRA DE MADEIRA CONJUGADA PARA AUDITORIO;304736;Anterior a 2019;PRAE;;Pendente
Cadeira De Madeira Conjugada Para Auditorio;CADEIRA DE MADEIRA CONJUGADA PARA AUDITORIO;304737;Anterior a 2019;PRAE;;Pendente
Cadeira De Madeira Conjugada Para Auditorio;CADEIRA DE MADEIRA CONJUGADA PARA AUDITORIO;304738;Anterior a 2019;PRAE;;Pendente
Cadeira De Madeira Conjugada Para Auditorio;CADEIRA DE MADEIRA CONJUGADA PARA AUDITORIO;304739;Anterior a 2019;PRAE;;Pendente
Cadeira De Madeira Conjugada Para Auditorio;CADEIRA DE MADEIRA CONJUGADA PARA AUDITORIO;304740;Anterior a 2019;PRAE;;Pendente
Cadeira De Madeira Conjugada Para Auditorio;CADEIRA DE MADEIRA CONJUGADA PARA AUDITORIO;304741;Anterior a 2019;PRAE;;Pendente
Cadeira De Madeira Conjugada Para Auditorio;CADEIRA DE MADEIRA CONJUGADA PARA AUDITORIO;304742;Anterior a 2019;PRAE;;Pendente
Cadeira De Madeira Conjugada Para Auditorio;CADEIRA DE MADEIRA CONJUGADA PARA AUDITORIO;304743;Anterior a 2019;PRAE;;Pendente
Cadeira De Madeira Conjugada Para Auditorio;CADEIRA DE MADEIRA CONJUGADA PARA AUDITORIO;304744;Anterior a 2019;PRAE;;Pendente
Cadeira De Madeira Conjugada Para Auditorio;CADEIRA DE MADEIRA CONJUGADA PARA AUDITORIO;304745;Anterior a 2019;PRAE;;Pendente
Cadeira De Madeira Conjugada Para Auditorio;CADEIRA DE MADEIRA CONJUGADA PARA AUDITORIO;304746;Anterior a 2019;PRAE;;Pendente
Cadeira De Madeira Conjugada Para Auditorio;CADEIRA DE MADEIRA CONJUGADA PARA AUDITORIO;304747;Anterior a 2019;PRAE;;Pendente
Cadeira De Madeira Conjugada Para Auditorio;CADEIRA DE MADEIRA CONJUGADA PARA AUDITORIO;304748;Anterior a 2019;PRAE;;Pendente
Cadeira De Madeira Conjugada Para Auditorio;CADEIRA DE MADEIRA CONJUGADA PARA AUDITORIO;304749;Anterior a 2019;PRAE;;Pendente
Cadeira De Madeira Conjugada Para Auditorio;CADEIRA DE MADEIRA CONJUGADA PARA AUDITORIO;304750;Anterior a 2019;PRAE;;Pendente
Cadeira De Madeira Conjugada Para Auditorio;CADEIRA DE MADEIRA CONJUGADA PARA AUDITORIO;304751;Anterior a 2019;PRAE;;Pendente
Cadeira De Madeira Conjugada Para Auditorio;CADEIRA DE MADEIRA CONJUGADA PARA AUDITORIO;304752;Anterior a 2019;PRAE;;Pendente
Cadeira De Madeira Conjugada Para Auditorio;CADEIRA DE MADEIRA CONJUGADA PARA AUDITORIO;304753;Anterior a 2019;PRAE;;Pendente
Cadeira De Madeira Conjugada Para Auditorio;CADEIRA DE MADEIRA CONJUGADA PARA AUDITORIO;304754;Anterior a 2019;PRAE;;Pendente
Cadeira De Madeira Conjugada Para Auditorio;CADEIRA DE MADEIRA CONJUGADA PARA AUDITORIO;304755;Anterior a 2019;PRAE;;Pendente
Cadeira De Madeira Conjugada Para Auditorio;CADEIRA DE MADEIRA CONJUGADA PARA AUDITORIO;304756;Anterior a 2019;PRAE;;Pendente
Cadeira De Madeira Conjugada Para Auditorio;CADEIRA DE MADEIRA CONJUGADA PARA AUDITORIO;304757;Anterior a 2019;PRAE;;Pendente
Cadeira De Madeira Conjugada Para Auditorio;CADEIRA DE MADEIRA CONJUGADA PARA AUDITORIO;304758;Anterior a 2019;PRAE;;Pendente
Cadeira De Madeira Conjugada Para Auditorio;CADEIRA DE MADEIRA CONJUGADA PARA AUDITORIO;304759;Anterior a 2019;PRAE;;Pendente
Cadeira De Madeira Conjugada Para Auditorio;CADEIRA DE MADEIRA CONJUGADA PARA AUDITORIO;304760;Anterior a 2019;PRAE;;Pendente
Cadeira De Madeira Conjugada Para Auditorio;CADEIRA DE MADEIRA CONJUGADA PARA AUDITORIO;304761;Anterior a 2019;PRAE;;Pendente
Cadeira De Madeira Conjugada Para Auditorio;CADEIRA DE MADEIRA CONJUGADA PARA AUDITORIO;304762;Anterior a 2019;PRAE;;Pendente
Cadeira De Madeira Conjugada Para Auditorio;CADEIRA DE MADEIRA CONJUGADA PARA AUDITORIO;304763;Anterior a 2019;PRAE;;Pendente
Cadeira De Madeira Conjugada Para Auditorio;CADEIRA DE MADEIRA CONJUGADA PARA AUDITORIO;304764;Anterior a 2019;PRAE;;Pendente
Cadeira De Madeira Conjugada Para Auditorio;CADEIRA DE MADEIRA CONJUGADA PARA AUDITORIO;304765;Anterior a 2019;PRAE;;Pendente
Cadeira De Madeira Conjugada Para Auditorio;CADEIRA DE MADEIRA CONJUGADA PARA AUDITORIO;304766;Anterior a 2019;PRAE;;Pendente
Cadeira De Madeira Conjugada Para Auditorio;CADEIRA DE MADEIRA CONJUGADA PARA AUDITORIO;304767;Anterior a 2019;PRAE;;Pendente
Cadeira De Madeira Conjugada Para Auditorio;CADEIRA DE MADEIRA CONJUGADA PARA AUDITORIO;304768;Anterior a 2019;PRAE;;Pendente
Cadeira De Madeira Conjugada Para Auditorio;CADEIRA DE MADEIRA CONJUGADA PARA AUDITORIO;304769;Anterior a 2019;PRAE;;Pendente
Cadeira De Madeira Conjugada Para Auditorio;CADEIRA DE MADEIRA CONJUGADA PARA AUDITORIO;304770;Anterior a 2019;PRAE;;Pendente
Cadeira De Madeira Conjugada Para Auditorio;CADEIRA DE MADEIRA CONJUGADA PARA AUDITORIO;304771;Anterior a 2019;PRAE;;Pendente
Cadeira De Madeira Conjugada Para Auditorio;CADEIRA DE MADEIRA CONJUGADA PARA AUDITORIO;304772;Anterior a 2019;PRAE;;Pendente
Cadeira De Madeira Conjugada Para Auditorio;CADEIRA DE MADEIRA CONJUGADA PARA AUDITORIO;304773;Anterior a 2019;PRAE;;Pendente
Cadeira De Madeira Conjugada Para Auditorio;CADEIRA DE MADEIRA CONJUGADA PARA AUDITORIO;304774;Anterior a 2019;PRAE;;Pendente
Cadeira De Madeira Conjugada Para Auditorio;CADEIRA DE MADEIRA CONJUGADA PARA AUDITORIO;304775;Anterior a 2019;PRAE;;Pendente
Cadeira De Madeira Conjugada Para Auditorio;CADEIRA DE MADEIRA CONJUGADA PARA AUDITORIO;304776;Anterior a 2019;PRAE;;Pendente
Cadeira De Madeira Conjugada Para Auditorio;CADEIRA DE MADEIRA CONJUGADA PARA AUDITORIO;304777;Anterior a 2019;PRAE;;Pendente
Cadeira De Madeira Conjugada Para Auditorio;CADEIRA DE MADEIRA CONJUGADA PARA AUDITORIO;304778;Anterior a 2019;PRAE;;Pendente
Cadeira De Madeira Conjugada Para Auditorio;CADEIRA DE MADEIRA CONJUGADA PARA AUDITORIO;304780;Anterior a 2019;PRAE;;Pendente
Cadeira De Madeira Conjugada Para Auditorio;CADEIRA DE MADEIRA CONJUGADA PARA AUDITORIO;304781;Anterior a 2019;PRAE;;Pendente
Cadeira De Madeira Conjugada Para Auditorio;CADEIRA DE MADEIRA CONJUGADA PARA AUDITORIO;304782;Anterior a 2019;PRAE;;Pendente
Cadeira De Madeira Conjugada Para Auditorio;CADEIRA DE MADEIRA CONJUGADA PARA AUDITORIO;304783;Anterior a 2019;PRAE;;Pendente
Cadeira De Madeira Conjugada Para Auditorio;CADEIRA DE MADEIRA CONJUGADA PARA AUDITORIO;304784;Anterior a 2019;PRAE;;Pendente
Cadeira De Madeira Conjugada Para Auditorio;CADEIRA DE MADEIRA CONJUGADA PARA AUDITORIO;304785;Anterior a 2019;PRAE;;Pendente
Cadeira De Madeira Conjugada Para Auditorio;CADEIRA DE MADEIRA CONJUGADA PARA AUDITORIO;304786;Anterior a 2019;PRAE;;Pendente
Cadeira De Madeira Conjugada Para Auditorio;CADEIRA DE MADEIRA CONJUGADA PARA AUDITORIO;304787;Anterior a 2019;PRAE;;Pendente
Cadeira De Madeira Conjugada Para Auditorio;CADEIRA DE MADEIRA CONJUGADA PARA AUDITORIO;304788;Anterior a 2019;PRAE;;Pendente
Cadeira De Madeira Conjugada Para Auditorio;CADEIRA DE MADEIRA CONJUGADA PARA AUDITORIO;304789;Anterior a 2019;PRAE;;Pendente
Cadeira De Madeira Conjugada Para Auditorio;CADEIRA DE MADEIRA CONJUGADA PARA AUDITORIO;304790;Anterior a 2019;PRAE;;Pendente
Cadeira De Madeira Conjugada Para Auditorio;CADEIRA DE MADEIRA CONJUGADA PARA AUDITORIO;304791;Anterior a 2019;PRAE;;Pendente
Cadeira De Madeira Conjugada Para Auditorio;CADEIRA DE MADEIRA CONJUGADA PARA AUDITORIO;304792;Anterior a 2019;PRAE;;Pendente
Cadeira De Madeira Conjugada Para Auditorio;CADEIRA DE MADEIRA CONJUGADA PARA AUDITORIO;304793;Anterior a 2019;PRAE;;Pendente
Ferro Eletrico Para Engomar;FERRO ELETRICO PARA ENGOMAR;304881;Anterior a 2019;DIBEM;;Pendente
Ferro Eletrico Para Engomar;FERRO ELETRICO PARA ENGOMAR;304882;Anterior a 2019;DIBEM;;Pendente
Maquina De Lavar Roupa (Uso Domestico);MAQUINA DE LAVAR ROUPA (USO DOMESTICO);305032;Anterior a 2019;PRAE;;Pendente
Ilha Estação De Trabalho Em Madeira;ILHA ESTAÇÃO DE TRABALHO EM MADEIRA;305167;Anterior a 2019;PRAE;;Pendente
Cadeira Fixa Com Assento E Encosto Estofados;CADEIRA FIXA COM ASSENTO E ENCOSTO ESTOFADOS;306228;Anterior a 2019;PRAE;Residencia 433;Bom
Refrigerador DE 40 ATL;REFRIGERADOR TIPO FRIGOBAR COM CAPACIDADE DE 40 AT;306292;Anterior a 2019;DIBEM;;Pendente
Refrigerador DE 40 ATL;REFRIGERADOR TIPO FRIGOBAR COM CAPACIDADE DE 40 AT;306465;Anterior a 2019;DIBEM;;Pendente
Refrigerador DE 40 ATL;REFRIGERADOR TIPO FRIGOBAR COM CAPACIDADE DE 40 AT;306466;Anterior a 2019;DIBEM;;Pendente
Refrigerador DE 40 ATL;REFRIGERADOR TIPO FRIGOBAR COM CAPACIDADE DE 40 AT;306467;Anterior a 2019;DIBEM;;Pendente
Refrigerador DE 40 ATL;REFRIGERADOR TIPO FRIGOBAR COM CAPACIDADE DE 40 AT;306468;Anterior a 2019;DIBEM;;Pendente
Refrigerador DE 40 ATL;REFRIGERADOR TIPO FRIGOBAR COM CAPACIDADE DE 40 AT;306469;Anterior a 2019;DIBEM;;Pendente
Refrigerador DE 40 ATL;REFRIGERADOR TIPO FRIGOBAR COM CAPACIDADE DE 40 AT;306471;Anterior a 2019;DIBEM;;Pendente
Refrigerador DE 40 ATL;REFRIGERADOR TIPO FRIGOBAR COM CAPACIDADE DE 40 AT;306472;Anterior a 2019;DIBEM;;Pendente
Refrigerador DE 40 ATL;REFRIGERADOR TIPO FRIGOBAR COM CAPACIDADE DE 40 AT;306473;Anterior a 2019;DIBEM;;Pendente
Refrigerador DE 40 ATL;REFRIGERADOR TIPO FRIGOBAR COM CAPACIDADE DE 40 AT;306474;Anterior a 2019;DIBEM;;Pendente
Refrigerador DE 40 ATL;REFRIGERADOR TIPO FRIGOBAR COM CAPACIDADE DE 40 AT;306475;Anterior a 2019;DIBEM;;Pendente
Refrigerador DE 40 ATL;REFRIGERADOR TIPO FRIGOBAR COM CAPACIDADE DE 40 AT;306476;Anterior a 2019;DIBEM;;Pendente
Refrigerador DE 40 ATL;REFRIGERADOR TIPO FRIGOBAR COM CAPACIDADE DE 40 AT;306478;Anterior a 2019;DIBEM;;Pendente
Refrigerador DE 40 ATL;REFRIGERADOR TIPO FRIGOBAR COM CAPACIDADE DE 40 AT;306479;Anterior a 2019;DIBEM;;Pendente
Refrigerador DE 40 ATL;REFRIGERADOR TIPO FRIGOBAR COM CAPACIDADE DE 40 AT;306480;Anterior a 2019;DIBEM;;Pendente
Refrigerador DE 40 ATL;REFRIGERADOR TIPO FRIGOBAR COM CAPACIDADE DE 40 AT;306481;Anterior a 2019;DIBEM;;Pendente
Refrigerador DE 40 ATL;REFRIGERADOR TIPO FRIGOBAR COM CAPACIDADE DE 40 AT;306482;Anterior a 2019;DIBEM;;Pendente
Refrigerador DE 40 ATL;REFRIGERADOR TIPO FRIGOBAR COM CAPACIDADE DE 40 AT;306483;Anterior a 2019;DIBEM;;Pendente
Refrigerador DE 40 ATL;REFRIGERADOR TIPO FRIGOBAR COM CAPACIDADE DE 40 AT;306484;Anterior a 2019;DIBEM;;Pendente
Refrigerador DE 40 ATL;REFRIGERADOR TIPO FRIGOBAR COM CAPACIDADE DE 40 AT;306485;Anterior a 2019;DIBEM;;Pendente
Refrigerador DE 40 ATL;REFRIGERADOR TIPO FRIGOBAR COM CAPACIDADE DE 40 AT;306487;Anterior a 2019;DIBEM;;Pendente
Refrigerador DE 40 ATL;REFRIGERADOR TIPO FRIGOBAR COM CAPACIDADE DE 40 AT;306488;Anterior a 2019;DIBEM;;Pendente
Refrigerador DE 40 ATL;REFRIGERADOR TIPO FRIGOBAR COM CAPACIDADE DE 40 AT;306489;Anterior a 2019;DIBEM;;Pendente
Refrigerador DE 40 ATL;REFRIGERADOR TIPO FRIGOBAR COM CAPACIDADE DE 40 AT;306490;Anterior a 2019;DIBEM;;Pendente
Refrigerador DE 40 ATL;REFRIGERADOR TIPO FRIGOBAR COM CAPACIDADE DE 40 AT;306491;Anterior a 2019;DIBEM;;Pendente
Refrigerador DE 40 ATL;REFRIGERADOR TIPO FRIGOBAR COM CAPACIDADE DE 40 AT;306493;Anterior a 2019;DIBEM;;Pendente
Refrigerador DE 40 ATL;REFRIGERADOR TIPO FRIGOBAR COM CAPACIDADE DE 40 AT;306494;Anterior a 2019;DIBEM;;Pendente
Refrigerador DE 40 ATL;REFRIGERADOR TIPO FRIGOBAR COM CAPACIDADE DE 40 AT;306495;Anterior a 2019;DIBEM;;Pendente
Refrigerador DE 40 ATL;REFRIGERADOR TIPO FRIGOBAR COM CAPACIDADE DE 40 AT;306496;Anterior a 2019;DIBEM;;Pendente
Refrigerador DE 40 ATL;REFRIGERADOR TIPO FRIGOBAR COM CAPACIDADE DE 40 AT;306498;Anterior a 2019;DIBEM;;Pendente
Refrigerador DE 40 ATL;REFRIGERADOR TIPO FRIGOBAR COM CAPACIDADE DE 40 AT;306500;Anterior a 2019;DIBEM;;Pendente
Refrigerador DE 40 ATL;REFRIGERADOR TIPO FRIGOBAR COM CAPACIDADE DE 40 AT;306501;Anterior a 2019;DIBEM;;Pendente
Refrigerador DE 40 ATL;REFRIGERADOR TIPO FRIGOBAR COM CAPACIDADE DE 40 AT;306503;Anterior a 2019;DIBEM;;Pendente
Refrigerador DE 40 ATL;REFRIGERADOR TIPO FRIGOBAR COM CAPACIDADE DE 40 AT;306504;Anterior a 2019;DIBEM;;Pendente
Refrigerador DE 40 ATL;REFRIGERADOR TIPO FRIGOBAR COM CAPACIDADE DE 40 AT;306505;Anterior a 2019;DIBEM;;Pendente
Refrigerador DE 40 ATL;REFRIGERADOR TIPO FRIGOBAR COM CAPACIDADE DE 40 AT;306507;Anterior a 2019;DIBEM;;Pendente
Refrigerador DE 40 ATL;REFRIGERADOR TIPO FRIGOBAR COM CAPACIDADE DE 40 AT;306508;Anterior a 2019;DIBEM;;Pendente
Refrigerador DE 40 ATL;REFRIGERADOR TIPO FRIGOBAR COM CAPACIDADE DE 40 AT;306509;Anterior a 2019;DIBEM;;Pendente
Refrigerador DE 40 ATL;REFRIGERADOR TIPO FRIGOBAR COM CAPACIDADE DE 40 AT;306510;Anterior a 2019;DIBEM;;Pendente
Refrigerador DE 40 ATL;REFRIGERADOR TIPO FRIGOBAR COM CAPACIDADE DE 40 AT;306511;Anterior a 2019;DIBEM;;Pendente
Refrigerador DE 40 ATL;REFRIGERADOR TIPO FRIGOBAR COM CAPACIDADE DE 40 AT;306512;Anterior a 2019;DIBEM;;Pendente
Refrigerador DE 40 ATL;REFRIGERADOR TIPO FRIGOBAR COM CAPACIDADE DE 40 AT;306513;Anterior a 2019;DIBEM;;Pendente
Refrigerador DE 40 ATL;REFRIGERADOR TIPO FRIGOBAR COM CAPACIDADE DE 40 AT;306514;Anterior a 2019;DIBEM;;Pendente
Refrigerador DE 40 ATL;REFRIGERADOR TIPO FRIGOBAR COM CAPACIDADE DE 40 AT;306515;Anterior a 2019;DIBEM;;Pendente
Refrigerador DE 40 ATL;REFRIGERADOR TIPO FRIGOBAR COM CAPACIDADE DE 40 AT;306516;Anterior a 2019;DIBEM;;Pendente
Refrigerador DE 40 ATL;REFRIGERADOR TIPO FRIGOBAR COM CAPACIDADE DE 40 AT;306517;Anterior a 2019;DIBEM;;Pendente
Refrigerador DE 40 ATL;REFRIGERADOR TIPO FRIGOBAR COM CAPACIDADE DE 40 AT;306518;Anterior a 2019;DIBEM;;Pendente
Refrigerador DE 40 ATL;REFRIGERADOR TIPO FRIGOBAR COM CAPACIDADE DE 40 AT;306519;Anterior a 2019;DIBEM;;Pendente
Refrigerador DE 40 ATL;REFRIGERADOR TIPO FRIGOBAR COM CAPACIDADE DE 40 AT;306520;Anterior a 2019;DIBEM;;Pendente
Refrigerador DE 40 ATL;REFRIGERADOR TIPO FRIGOBAR COM CAPACIDADE DE 40 AT;306521;Anterior a 2019;DIBEM;;Pendente
Refrigerador DE 40 ATL;REFRIGERADOR TIPO FRIGOBAR COM CAPACIDADE DE 40 AT;306522;Anterior a 2019;DIBEM;;Pendente
Refrigerador DE 40 ATL;REFRIGERADOR TIPO FRIGOBAR COM CAPACIDADE DE 40 AT;306523;Anterior a 2019;DIBEM;;Pendente
Refrigerador DE 40 ATL;REFRIGERADOR TIPO FRIGOBAR COM CAPACIDADE DE 40 AT;306524;Anterior a 2019;DIBEM;;Pendente
Refrigerador DE 40 ATL;REFRIGERADOR TIPO FRIGOBAR COM CAPACIDADE DE 40 AT;306525;Anterior a 2019;DIBEM;;Pendente
Refrigerador DE 40 ATL;REFRIGERADOR TIPO FRIGOBAR COM CAPACIDADE DE 40 AT;306526;Anterior a 2019;DIBEM;;Pendente
Refrigerador DE 40 ATL;REFRIGERADOR TIPO FRIGOBAR COM CAPACIDADE DE 40 AT;306527;Anterior a 2019;DIBEM;;Pendente
Refrigerador DE 40 ATL;REFRIGERADOR TIPO FRIGOBAR COM CAPACIDADE DE 40 AT;306528;Anterior a 2019;DIBEM;;Pendente
Refrigerador DE 40 ATL;REFRIGERADOR TIPO FRIGOBAR COM CAPACIDADE DE 40 AT;306530;Anterior a 2019;DIBEM;;Pendente
Refrigerador DE 40 ATL;REFRIGERADOR TIPO FRIGOBAR COM CAPACIDADE DE 40 AT;306531;Anterior a 2019;DIBEM;;Pendente
Refrigerador DE 40 ATL;REFRIGERADOR TIPO FRIGOBAR COM CAPACIDADE DE 40 AT;306532;Anterior a 2019;DIBEM;;Pendente
Refrigerador DE 40 ATL;REFRIGERADOR TIPO FRIGOBAR COM CAPACIDADE DE 40 AT;306533;Anterior a 2019;DIBEM;;Pendente
Refrigerador DE 40 ATL;REFRIGERADOR TIPO FRIGOBAR COM CAPACIDADE DE 40 AT;306534;Anterior a 2019;DIBEM;;Pendente
Refrigerador DE 40 ATL;REFRIGERADOR TIPO FRIGOBAR COM CAPACIDADE DE 40 AT;306536;Anterior a 2019;DIBEM;;Pendente
Refrigerador DE 40 ATL;REFRIGERADOR TIPO FRIGOBAR COM CAPACIDADE DE 40 AT;306537;Anterior a 2019;DIBEM;;Pendente
Refrigerador DE 40 ATL;REFRIGERADOR TIPO FRIGOBAR COM CAPACIDADE DE 40 AT;306539;Anterior a 2019;DIBEM;;Pendente
Refrigerador DE 40 ATL;REFRIGERADOR TIPO FRIGOBAR COM CAPACIDADE DE 40 AT;306540;Anterior a 2019;DIBEM;;Pendente
Refrigerador DE 40 ATL;REFRIGERADOR TIPO FRIGOBAR COM CAPACIDADE DE 40 AT;306541;Anterior a 2019;DIBEM;;Pendente
Refrigerador DE 40 ATL;REFRIGERADOR TIPO FRIGOBAR COM CAPACIDADE DE 40 AT;306542;Anterior a 2019;DIBEM;;Pendente
Refrigerador DE 40 ATL;REFRIGERADOR TIPO FRIGOBAR COM CAPACIDADE DE 40 AT;306543;Anterior a 2019;DIBEM;;Pendente
Refrigerador DE 40 ATL;REFRIGERADOR TIPO FRIGOBAR COM CAPACIDADE DE 40 AT;306544;Anterior a 2019;DIBEM;;Pendente
Refrigerador DE 40 ATL;REFRIGERADOR TIPO FRIGOBAR COM CAPACIDADE DE 40 AT;306545;Anterior a 2019;DIBEM;;Pendente
Refrigerador DE 40 ATL;REFRIGERADOR TIPO FRIGOBAR COM CAPACIDADE DE 40 AT;306546;Anterior a 2019;DIBEM;;Pendente
Refrigerador DE 40 ATL;REFRIGERADOR TIPO FRIGOBAR COM CAPACIDADE DE 40 AT;306547;Anterior a 2019;DIBEM;;Pendente
Refrigerador DE 40 ATL;REFRIGERADOR TIPO FRIGOBAR COM CAPACIDADE DE 40 AT;306548;Anterior a 2019;DIBEM;;Pendente
Refrigerador DE 40 ATL;REFRIGERADOR TIPO FRIGOBAR COM CAPACIDADE DE 40 AT;306549;Anterior a 2019;DIBEM;;Pendente
Refrigerador DE 40 ATL;REFRIGERADOR TIPO FRIGOBAR COM CAPACIDADE DE 40 AT;306552;Anterior a 2019;DIBEM;;Pendente
Refrigerador DE 40 ATL;REFRIGERADOR TIPO FRIGOBAR COM CAPACIDADE DE 40 AT;306553;Anterior a 2019;DIBEM;;Pendente
Refrigerador DE 40 ATL;REFRIGERADOR TIPO FRIGOBAR COM CAPACIDADE DE 40 AT;306554;Anterior a 2019;DIBEM;;Pendente
Refrigerador DE 40 ATL;REFRIGERADOR TIPO FRIGOBAR COM CAPACIDADE DE 40 AT;306556;Anterior a 2019;DIBEM;;Pendente
Refrigerador DE 40 ATL;REFRIGERADOR TIPO FRIGOBAR COM CAPACIDADE DE 40 AT;306557;Anterior a 2019;DIBEM;;Pendente
Refrigerador DE 40 ATL;REFRIGERADOR TIPO FRIGOBAR COM CAPACIDADE DE 40 AT;306558;Anterior a 2019;DIBEM;;Pendente
Refrigerador DE 40 ATL;REFRIGERADOR TIPO FRIGOBAR COM CAPACIDADE DE 40 AT;306559;Anterior a 2019;DIBEM;;Pendente
Refrigerador DE 40 ATL;REFRIGERADOR TIPO FRIGOBAR COM CAPACIDADE DE 40 AT;306560;Anterior a 2019;DIBEM;;Pendente
Refrigerador DE 40 ATL;REFRIGERADOR TIPO FRIGOBAR COM CAPACIDADE DE 40 AT;306563;Anterior a 2019;DIBEM;;Pendente
Cadeira Giratoria Com Assento E Encosto Estofados;CADEIRA GIRATORIA COM ASSENTO E ENCOSTO ESTOFADOS;306708;Anterior a 2019;CASE;;Pendente
Cadeira Para Auditorio Com Assento E Encosto Em Po;CADEIRA PARA AUDITORIO COM ASSENTO E ENCOSTO EM PO;307679;Anterior a 2019;PRAE;;Pendente
Ferro Eletrico Para Engomar;FERRO ELETRICO PARA ENGOMAR;310561;Anterior a 2019;PRAE;;Pendente
Hacker - Rack;HACKER - RACK;310754;Anterior a 2019;PRAE;;Pendente
Estabilizador De Tensao;ESTABILIZADOR DE TENSAO;313015;Anterior a 2019;CRU;;Pendente
Mesa ;MESA PARA REFEITORIO EM MADEIRA PRENSADA REVESTIDO;313549;Anterior a 2019;PRAE;;Pendente
Mesa ;MESA PARA REFEITORIO EM MADEIRA PRENSADA REVESTIDO;313553;Anterior a 2019;PRAE;;Pendente
Mesa ;MESA PARA REFEITORIO EM MADEIRA PRENSADA REVESTIDO;313561;Anterior a 2019;PRAE;;Pendente
Mesa ;MESA PARA REFEITORIO EM MADEIRA PRENSADA REVESTIDO;313562;Anterior a 2019;PRAE;;Pendente
Mesa ;MESA PARA REFEITORIO EM MADEIRA PRENSADA REVESTIDO;313567;Anterior a 2019;PRAE;;Pendente
Mesa ;MESA PARA REFEITORIO EM MADEIRA PRENSADA REVESTIDO;313572;Anterior a 2019;PRAE;;Pendente
Mesa ;MESA PARA REFEITORIO EM MADEIRA PRENSADA REVESTIDO;313577;Anterior a 2019;PRAE;;Pendente
Mesa ;MESA PARA REFEITORIO EM MADEIRA PRENSADA REVESTIDO;313580;Anterior a 2019;PRAE;;Pendente
Mesa ;MESA PARA REFEITORIO EM MADEIRA PRENSADA REVESTIDO;313583;Anterior a 2019;PRAE;;Pendente
Mesa ;MESA PARA REFEITORIO EM MADEIRA PRENSADA REVESTIDO;313587;Anterior a 2019;PRAE;;Pendente
Mesa ;MESA PARA REFEITORIO EM MADEIRA PRENSADA REVESTIDO;313588;Anterior a 2019;PRAE;;Pendente
Mesa ;MESA PARA REFEITORIO EM MADEIRA PRENSADA REVESTIDO;313589;Anterior a 2019;PRAE;;Pendente
Mesa ;MESA PARA REFEITORIO EM MADEIRA PRENSADA REVESTIDO;313590;Anterior a 2019;PRAE;;Pendente
Mesa ;MESA PARA REFEITORIO EM MADEIRA PRENSADA REVESTIDO;313591;Anterior a 2019;PRAE;;Pendente
Mesa ;MESA PARA REFEITORIO EM MADEIRA PRENSADA REVESTIDO;313592;Anterior a 2019;PRAE;;Pendente
Mesa ;MESA PARA REFEITORIO EM MADEIRA PRENSADA REVESTIDO;313593;Anterior a 2019;PRAE;;Pendente
Mesa ;MESA PARA REFEITORIO EM MADEIRA PRENSADA REVESTIDO;313594;Anterior a 2019;PRAE;;Pendente
Mesa ;MESA PARA REFEITORIO EM MADEIRA PRENSADA REVESTIDO;313595;Anterior a 2019;PRAE;;Pendente
Mesa ;MESA PARA REFEITORIO EM MADEIRA PRENSADA REVESTIDO;313596;Anterior a 2019;PRAE;;Pendente
Mesa ;MESA PARA REFEITORIO EM MADEIRA PRENSADA REVESTIDO;313597;Anterior a 2019;PRAE;;Pendente
Mesa ;MESA PARA REFEITORIO EM MADEIRA PRENSADA REVESTIDO;313599;Anterior a 2019;PRAE;;Pendente
Mesa ;MESA PARA REFEITORIO EM MADEIRA PRENSADA REVESTIDO;313600;Anterior a 2019;PRAE;;Pendente
Mesa ;MESA PARA REFEITORIO EM MADEIRA PRENSADA REVESTIDO;313601;Anterior a 2019;PRAE;;Pendente
Mesa ;MESA PARA REFEITORIO EM MADEIRA PRENSADA REVESTIDO;313602;Anterior a 2019;PRAE;;Pendente
Mesa ;MESA PARA REFEITORIO EM MADEIRA PRENSADA REVESTIDO;313603;Anterior a 2019;PRAE;;Pendente
Mesa ;MESA PARA REFEITORIO EM MADEIRA PRENSADA REVESTIDO;313604;Anterior a 2019;PRAE;;Pendente
Mesa ;MESA PARA REFEITORIO EM MADEIRA PRENSADA REVESTIDO;313605;Anterior a 2019;PRAE;;Pendente
Mesa ;MESA PARA REFEITORIO EM MADEIRA PRENSADA REVESTIDO;313606;Anterior a 2019;PRAE;;Pendente
Mesa ;MESA PARA REFEITORIO EM MADEIRA PRENSADA REVESTIDO;313607;Anterior a 2019;PRAE;;Pendente
Estabilizador De Tensao;ESTABILIZADOR DE TENSAO;313640;Anterior a 2019;PRAE;;Pendente
Estabilizador De Tensao;ESTABILIZADOR DE TENSAO;313641;Anterior a 2019;PRAE;;Pendente
Elevador Transportes De Generos;ELEVADOR TRANSPORTES DE GENEROS;314547;Anterior a 2019;DIBEM;;Pendente
Aparelho Telefonico Sem Fio;APARELHO TELEFONICO SEM FIO;315650;Anterior a 2019;CRU;;Pendente
Computador (Desktop);MICROCOMPUTADOR;316442;Anterior a 2019;PRAE;;Pendente
Computador (Desktop);MICROCOMPUTADOR;316445;Anterior a 2019;PRAE;;Pendente
Computador (Desktop);MICROCOMPUTADOR;316455;Anterior a 2019;PRAE;;Pendente
Computador (Desktop);MICROCOMPUTADOR;316466;Anterior a 2019;CAME;;Pendente
Cadeira Fixa Com Assento E Encosto Estofados;CADEIRA FIXA COM ASSENTO E ENCOSTO ESTOFADOS;317083;Anterior a 2019;PRAE;;Pendente
Cadeira Fixa Com Assento E Encosto Estofados;CADEIRA FIXA COM ASSENTO E ENCOSTO ESTOFADOS;317100;Anterior a 2019;PRAE;;Pendente
Aparelho Telefonico;APARELHO TELEFONICO;317713;Anterior a 2019;CRU;;Pendente
Mesa ;MESA DE ACO;317957;Anterior a 2019;PRAE;;Pendente
Gaveteiro;GAVETEIRO;317972;Anterior a 2019;PRAE;;Pendente
Lousa Interativa;LOUSA INTERATIVA;318018;Anterior a 2019;DIBEM;;Pendente
Microfone;MICROFONE;326453;Anterior a 2019;PRAE;;Pendente
Ar Condicionado 30.000 BTUs;AIR SPLIT DE 30.000 BTUS;326997;Anterior a 2019;PRAE;;Pendente
Cadeira Fixa Com Assento E Encosto Estofados;CADEIRA FIXA COM ASSENTO E ENCOSTO ESTOFADOS;327547;Anterior a 2019;PRAE;;Pendente
Cadeira Fixa Com Assento E Encosto Estofados;CADEIRA FIXA COM ASSENTO E ENCOSTO ESTOFADOS;327566;Anterior a 2019;PRAE;;Pendente
Cadeira Fixa Com Assento E Encosto Estofados;CADEIRA FIXA COM ASSENTO E ENCOSTO ESTOFADOS;327569;Anterior a 2019;PRAE;;Pendente
Cadeira Fixa Com Assento E Encosto Estofados;CADEIRA FIXA COM ASSENTO E ENCOSTO ESTOFADOS;327574;Anterior a 2019;PRAE;;Pendente
Cadeira Fixa Com Assento E Encosto Estofados;CADEIRA FIXA COM ASSENTO E ENCOSTO ESTOFADOS;327588;Anterior a 2019;PRAE;;Pendente
Cadeira Fixa Com Assento E Encosto Estofados;CADEIRA FIXA COM ASSENTO E ENCOSTO ESTOFADOS;327590;Anterior a 2019;PRAE;;Pendente
Cadeira Fixa Com Assento E Encosto Estofados;CADEIRA FIXA COM ASSENTO E ENCOSTO ESTOFADOS;327598;Anterior a 2019;PRAE;Residencia 125;Ruim
Cadeira Fixa Com Assento E Encosto Estofados;CADEIRA FIXA COM ASSENTO E ENCOSTO ESTOFADOS;327603;Anterior a 2019;PRAE;;Pendente
Cadeira Fixa Com Assento E Encosto Estofados;CADEIRA FIXA COM ASSENTO E ENCOSTO ESTOFADOS;327608;Anterior a 2019;PRAE;;Pendente
Cadeira Fixa Com Assento E Encosto Estofados;CADEIRA FIXA COM ASSENTO E ENCOSTO ESTOFADOS;327616;Anterior a 2019;PRAE;;Pendente
Cadeira De Madeira Com Assento E Encosto Anatomico;CADEIRA DE MADEIRA COM ASSENTO E ENCOSTO ANATOMICO;328513;Anterior a 2019;PRAE;;Pendente
Computador (Desktop);MICROCOMPUTADOR;330260;Anterior a 2019;DIBEM;;Pendente
Aparelho Telefonico;APARELHO TELEFONICO;333373;Anterior a 2019;CAME;;Pendente
Apoio Para Os Pes;APOIO PARA OS PES;334742;Anterior a 2019;CAME;;Pendente
Apoio Para Os Pes;APOIO PARA OS PES;334743;Anterior a 2019;CAME;;Pendente
Apoio Para Os Pes;APOIO PARA OS PES;334748;Anterior a 2019;CAME;;Pendente
Apoio Para Os Pes;APOIO PARA OS PES;334754;Anterior a 2019;CAME;;Pendente
Apoio Para Os Pes;APOIO PARA OS PES;334761;Anterior a 2019;CAME;;Pendente
Apoio Para Os Pes;APOIO PARA OS PES;334762;Anterior a 2019;CAME;;Pendente
Escada De Ferro;ESCADA DE FERRO;337231;Anterior a 2019;CAME;;Pendente
Sistema Eletronico De Controle De Acesso;SISTEMA ELETRONICO DE CONTROLE DE ACESSO;339625;Anterior a 2019;PRAE;;Pendente
Sistema Eletronico De Controle De Acesso;SISTEMA ELETRONICO DE CONTROLE DE ACESSO;339626;Anterior a 2019;PRAE;;Pendente
Gaveteiro;GAVETEIRO;339769;Anterior a 2019;PRAE;;Pendente
Mesa Reunião ;MESA REUNIAO;341132;Anterior a 2019;DIBEM;;Pendente
Fogao A Gas Com 05 Bocas;FOGAO A GAS COM 05 BOCAS;341218;Anterior a 2019;DIBEM;;Pendente
Fogao A Gas Com 05 Bocas;FOGAO A GAS COM 05 BOCAS;341219;Anterior a 2019;DIBEM;;Pendente
Ar Condicionado 30.000 BTUs;AIR SPLIT DE 30.000 BTUS;342637;Anterior a 2019;DIBEM;Residencia 2133;Bom
Ar Condicionado 30.000 BTUs;AIR SPLIT DE 30.000 BTUS;342638;Anterior a 2019;DIBEM;;Pendente
Ar Condicionado 30.000 BTUs;AIR SPLIT DE 30.000 BTUS;342639;Anterior a 2019;DIBEM;Residência 25;Inservível
Armario De Madeira Com Revestimento De Formica;ARMARIO DE MADEIRA COM REVESTIMENTO DE FORMICA;343274;Anterior a 2019;CAME;;Pendente
Armario Baixo;ARMARIO BAIXO;343278;Anterior a 2019;PRAE;;Pendente
Armario Baixo;ARMARIO BAIXO;343288;Anterior a 2019;CRU;;Pendente
Armario Baixo;ARMARIO BAIXO;343289;Anterior a 2019;PRAE;;Pendente
Armario De Madeira Com Portas Corredicas;ARMARIO DE MADEIRA COM PORTAS CORREDICAS;343500;Anterior a 2019;CAME;;Pendente
Armario De Madeira Com Portas Corredicas;ARMARIO DE MADEIRA COM PORTAS CORREDICAS;343501;Anterior a 2019;CAME;;Pendente
Armario De Madeira Com Portas Corredicas;ARMARIO DE MADEIRA COM PORTAS CORREDICAS;343503;Anterior a 2019;CAME;;Pendente
Armario De Madeira Com Portas Corredicas;ARMARIO DE MADEIRA COM PORTAS CORREDICAS;343509;Anterior a 2019;CAME;;Pendente
Maquina De Lavar Roupa (Uso Domestico);MAQUINA DE LAVAR ROUPA (USO DOMESTICO);343554;Anterior a 2019;DIBEM;;Pendente
Mesa 02;MESA DE MADEIRA COM 02 GAVETAS;344045;Anterior a 2019;DIBEM;;Pendente
Maquina Para Fazer Sanduiche (Grill);MAQUINA PARA FAZER SANDUICHE (GRILL);344171;Anterior a 2019;DIBEM;;Pendente
Maquina Para Fazer Sanduiche (Grill);MAQUINA PARA FAZER SANDUICHE (GRILL);344172;Anterior a 2019;DIBEM;;Pendente
Maquina Para Fazer Sanduiche (Grill);MAQUINA PARA FAZER SANDUICHE (GRILL);344173;Anterior a 2019;DIBEM;;Pendente
Maquina Para Fazer Sanduiche (Grill);MAQUINA PARA FAZER SANDUICHE (GRILL);344174;Anterior a 2019;DIBEM;;Pendente
Maquina Para Fazer Sanduiche (Grill);MAQUINA PARA FAZER SANDUICHE (GRILL);344178;Anterior a 2019;DIBEM;;Pendente
Filtro Em Aco Inox Para Tratamento De Agua;FILTRO EM ACO INOX PARA TRATAMENTO DE AGUA;344182;Anterior a 2019;DIBEM;;Pendente
Filtro Em Aco Inox Para Tratamento De Agua;FILTRO EM ACO INOX PARA TRATAMENTO DE AGUA;344183;Anterior a 2019;DIBEM;;Pendente
Filtro Em Aco Inox Para Tratamento De Agua;FILTRO EM ACO INOX PARA TRATAMENTO DE AGUA;344186;Anterior a 2019;DIBEM;;Pendente
Filtro Em Aco Inox Para Tratamento De Agua;FILTRO EM ACO INOX PARA TRATAMENTO DE AGUA;344187;Anterior a 2019;DIBEM;;Pendente
Filtro Em Aco Inox Para Tratamento De Agua;FILTRO EM ACO INOX PARA TRATAMENTO DE AGUA;344189;Anterior a 2019;DIBEM;;Pendente
Filtro Em Aco Inox Para Tratamento De Agua;FILTRO EM ACO INOX PARA TRATAMENTO DE AGUA;344190;Anterior a 2019;DIBEM;;Pendente
Filtro Em Aco Inox Para Tratamento De Agua;FILTRO EM ACO INOX PARA TRATAMENTO DE AGUA;344191;Anterior a 2019;DIBEM;;Pendente
Filtro Em Aco Inox Para Tratamento De Agua;FILTRO EM ACO INOX PARA TRATAMENTO DE AGUA;344196;Anterior a 2019;DIBEM;;Pendente
Filtro Em Aco Inox Para Tratamento De Agua;FILTRO EM ACO INOX PARA TRATAMENTO DE AGUA;344198;Anterior a 2019;DIBEM;;Pendente
Filtro Em Aco Inox Para Tratamento De Agua;FILTRO EM ACO INOX PARA TRATAMENTO DE AGUA;344206;Anterior a 2019;DIBEM;;Pendente
Filtro Em Aco Inox Para Tratamento De Agua;FILTRO EM ACO INOX PARA TRATAMENTO DE AGUA;344207;Anterior a 2019;DIBEM;;Pendente
Filtro Em Aco Inox Para Tratamento De Agua;FILTRO EM ACO INOX PARA TRATAMENTO DE AGUA;344209;Anterior a 2019;DIBEM;;Pendente
Filtro Em Aco Inox Para Tratamento De Agua;FILTRO EM ACO INOX PARA TRATAMENTO DE AGUA;344213;Anterior a 2019;DIBEM;;Pendente
Filtro Em Aco Inox Para Tratamento De Agua;FILTRO EM ACO INOX PARA TRATAMENTO DE AGUA;344215;Anterior a 2019;DIBEM;;Pendente
Filtro Em Aco Inox Para Tratamento De Agua;FILTRO EM ACO INOX PARA TRATAMENTO DE AGUA;344217;Anterior a 2019;DIBEM;;Pendente
Filtro Em Aco Inox Para Tratamento De Agua;FILTRO EM ACO INOX PARA TRATAMENTO DE AGUA;344219;Anterior a 2019;DIBEM;;Pendente
Filtro Em Aco Inox Para Tratamento De Agua;FILTRO EM ACO INOX PARA TRATAMENTO DE AGUA;344220;Anterior a 2019;DIBEM;;Pendente
Filtro Em Aco Inox Para Tratamento De Agua;FILTRO EM ACO INOX PARA TRATAMENTO DE AGUA;344224;Anterior a 2019;DIBEM;;Pendente
Filtro Em Aco Inox Para Tratamento De Agua;FILTRO EM ACO INOX PARA TRATAMENTO DE AGUA;344225;Anterior a 2019;DIBEM;;Pendente
Sofa Com Capacidade Para 02 Lugares;SOFA COM CAPACIDADE PARA 02 LUGARES;344709;Anterior a 2019;CASE;;Pendente
Computador (Desktop);UNIDADE DE PROCESSAMENTO CENTRAL - COMPUTADOR -;345977;Anterior a 2019;PRAE;;Pendente
Computador (Desktop);UNIDADE DE PROCESSAMENTO CENTRAL - COMPUTADOR -;345978;Anterior a 2019;PRAE;;Pendente
Computador (Desktop);UNIDADE DE PROCESSAMENTO CENTRAL - COMPUTADOR -;345980;Anterior a 2019;PRAE;;Pendente
Computador (Desktop);UNIDADE DE PROCESSAMENTO CENTRAL - COMPUTADOR -;345985;Anterior a 2019;PRAE;;Pendente
Computador (Desktop);UNIDADE DE PROCESSAMENTO CENTRAL - COMPUTADOR -;345988;Anterior a 2019;PRAE;;Pendente
Computador (Desktop);UNIDADE DE PROCESSAMENTO CENTRAL - COMPUTADOR -;345989;Anterior a 2019;PRAE;;Pendente
Computador (Desktop);UNIDADE DE PROCESSAMENTO CENTRAL - COMPUTADOR -;345990;Anterior a 2019;PRAE;;Pendente
Computador (Desktop);UNIDADE DE PROCESSAMENTO CENTRAL - COMPUTADOR -;345991;Anterior a 2019;DIBEM;;Pendente
Computador (Desktop);UNIDADE DE PROCESSAMENTO CENTRAL - COMPUTADOR -;345992;Anterior a 2019;DIBEM;;Pendente
Computador (Desktop);UNIDADE DE PROCESSAMENTO CENTRAL - COMPUTADOR -;345993;Anterior a 2019;DIBEM;;Pendente
Computador (Desktop);UNIDADE DE PROCESSAMENTO CENTRAL - COMPUTADOR -;345994;Anterior a 2019;DIBEM;;Pendente
Computador (Desktop);UNIDADE DE PROCESSAMENTO CENTRAL - COMPUTADOR -;345995;Anterior a 2019;DIBEM;;Pendente
Computador (Desktop);UNIDADE DE PROCESSAMENTO CENTRAL - COMPUTADOR -;345996;Anterior a 2019;DIBEM;;Pendente
Computador (Desktop);UNIDADE DE PROCESSAMENTO CENTRAL - COMPUTADOR -;345997;Anterior a 2019;DIBEM;;Pendente
Computador (Desktop);UNIDADE DE PROCESSAMENTO CENTRAL - COMPUTADOR -;345998;Anterior a 2019;DIBEM;;Pendente
Computador (Desktop);UNIDADE DE PROCESSAMENTO CENTRAL - COMPUTADOR -;346001;Anterior a 2019;DIBEM;;Pendente
Computador (Desktop);UNIDADE DE PROCESSAMENTO CENTRAL - COMPUTADOR -;346002;Anterior a 2019;PRAE;;Pendente
Computador (Desktop);UNIDADE DE PROCESSAMENTO CENTRAL - COMPUTADOR -;346003;Anterior a 2019;DIBEM;;Pendente
Computador (Desktop);UNIDADE DE PROCESSAMENTO CENTRAL - COMPUTADOR -;346004;Anterior a 2019;DIBEM;;Pendente
Computador (Desktop);UNIDADE DE PROCESSAMENTO CENTRAL - COMPUTADOR -;346005;Anterior a 2019;PRAE;;Pendente
Computador (Desktop);UNIDADE DE PROCESSAMENTO CENTRAL - COMPUTADOR -;346007;Anterior a 2019;PRAE;;Pendente
Computador (Desktop);UNIDADE DE PROCESSAMENTO CENTRAL - COMPUTADOR -;346009;Anterior a 2019;DIBEM;;Pendente
Computador (Desktop);UNIDADE DE PROCESSAMENTO CENTRAL - COMPUTADOR -;346011;Anterior a 2019;DIBEM;;Pendente
Computador (Desktop);UNIDADE DE PROCESSAMENTO CENTRAL - COMPUTADOR -;346014;Anterior a 2019;PRAE;;Pendente
Computador (Desktop);UNIDADE DE PROCESSAMENTO CENTRAL - COMPUTADOR -;346015;Anterior a 2019;PRAE;;Pendente
Computador (Desktop);UNIDADE DE PROCESSAMENTO CENTRAL - COMPUTADOR -;346016;Anterior a 2019;PRAE;;Pendente
Computador (Desktop);UNIDADE DE PROCESSAMENTO CENTRAL - COMPUTADOR -;346017;Anterior a 2019;PRAE;;Pendente
Computador (Desktop);UNIDADE DE PROCESSAMENTO CENTRAL - COMPUTADOR -;346018;Anterior a 2019;PRAE;;Pendente
Computador (Desktop);UNIDADE DE PROCESSAMENTO CENTRAL - COMPUTADOR -;346020;Anterior a 2019;PRAE;Residencia 433;Ruim
Computador (Desktop);UNIDADE DE PROCESSAMENTO CENTRAL - COMPUTADOR -;346021;Anterior a 2019;DIBEM;;Pendente
Computador (Desktop);UNIDADE DE PROCESSAMENTO CENTRAL - COMPUTADOR -;346023;Anterior a 2019;DIBEM;;Pendente
Computador (Desktop);UNIDADE DE PROCESSAMENTO CENTRAL - COMPUTADOR -;346025;Anterior a 2019;DIBEM;;Pendente
Computador (Desktop);UNIDADE DE PROCESSAMENTO CENTRAL - COMPUTADOR -;346028;Anterior a 2019;DIBEM;;Pendente
Computador (Desktop);UNIDADE DE PROCESSAMENTO CENTRAL - COMPUTADOR -;346030;Anterior a 2019;DIBEM;;Pendente
Computador (Desktop);UNIDADE DE PROCESSAMENTO CENTRAL - COMPUTADOR -;346034;Anterior a 2019;DIBEM;;Pendente
Computador (Desktop);UNIDADE DE PROCESSAMENTO CENTRAL - COMPUTADOR -;346113;Anterior a 2019;PRAE;;Pendente
Computador (Desktop);UNIDADE DE PROCESSAMENTO CENTRAL - COMPUTADOR -;347841;Anterior a 2019;CAF;;Pendente
Impressora Multifuncional;IMPRESSORA MULTIFUNCIONAL;347905;Anterior a 2019;PRAE;;Pendente
Impressora Multifuncional;IMPRESSORA MULTIFUNCIONAL;347911;Anterior a 2019;PRAE;;Pendente
Impressora Multifuncional;IMPRESSORA MULTIFUNCIONAL;347912;Anterior a 2019;PRAE;;Pendente
Impressora Multifuncional;IMPRESSORA MULTIFUNCIONAL;347915;Anterior a 2019;CRU;;Pendente
Data Show - Projetor De Multimidia;DATA SHOW - PROJETOR DE MULTIMIDIA;347994;Anterior a 2019;PRAE;;Pendente
Data Show - Projetor De Multimidia;DATA SHOW - PROJETOR DE MULTIMIDIA;347995;Anterior a 2019;CRU;;Pendente
Data Show - Projetor De Multimidia;DATA SHOW - PROJETOR DE MULTIMIDIA;347996;Anterior a 2019;PRAE;;Pendente
Refrigerador DE 160 A 299L;REFRIGERADOR DOMESTICO COM CAPACIDADE DE 160 A 299;349182;Anterior a 2019;DIBEM;;Pendente
Refrigerador ACIMA DE 400L;REFRIGERADOR DOMESTICO COM CAPACIDADE ACIMA DE 400;349183;Anterior a 2019;DIBEM;;Pendente
Refrigerador ACIMA DE 400L;REFRIGERADOR DOMESTICO COM CAPACIDADE ACIMA DE 400;349184;Anterior a 2019;DIBEM;Residência 25;Ruim
Refrigerador ACIMA DE 400L;REFRIGERADOR DOMESTICO COM CAPACIDADE ACIMA DE 400;349186;Anterior a 2019;DIBEM;;Pendente
Refrigerador ACIMA DE 400L;REFRIGERADOR DOMESTICO COM CAPACIDADE ACIMA DE 400;349187;Anterior a 2019;DIBEM;;Pendente
Refrigerador ACIMA DE 400L;REFRIGERADOR DOMESTICO COM CAPACIDADE ACIMA DE 400;349188;Anterior a 2019;DIBEM;Residência 1601;Bom
Bebedouro Em Aço Inox;BEBEDOURO EM AÇO INOX;350071;Anterior a 2019;CAME;;Pendente
Filtro Em Aco Inox Para Tratamento De Agua;FILTRO EM ACO INOX PARA TRATAMENTO DE AGUA;350262;Anterior a 2019;DIBEM;;Pendente
Filtro Em Aco Inox Para Tratamento De Agua;FILTRO EM ACO INOX PARA TRATAMENTO DE AGUA;350264;Anterior a 2019;DIBEM;Residencia 125;Bom
Filtro Em Aco Inox Para Tratamento De Agua;FILTRO EM ACO INOX PARA TRATAMENTO DE AGUA;350266;Anterior a 2019;DIBEM;;Pendente
Filtro Em Aco Inox Para Tratamento De Agua;FILTRO EM ACO INOX PARA TRATAMENTO DE AGUA;350273;Anterior a 2019;DIBEM;;Pendente
Filtro Em Aco Inox Para Tratamento De Agua;FILTRO EM ACO INOX PARA TRATAMENTO DE AGUA;350275;Anterior a 2019;DIBEM;;Pendente
Filtro Em Aco Inox Para Tratamento De Agua;FILTRO EM ACO INOX PARA TRATAMENTO DE AGUA;350276;Anterior a 2019;DIBEM;;Pendente
Filtro Em Aco Inox Para Tratamento De Agua;FILTRO EM ACO INOX PARA TRATAMENTO DE AGUA;350277;Anterior a 2019;DIBEM;Residencia 125;Bom
Filtro Em Aco Inox Para Tratamento De Agua;FILTRO EM ACO INOX PARA TRATAMENTO DE AGUA;350281;Anterior a 2019;DIBEM;;Pendente
Filtro Em Aco Inox Para Tratamento De Agua;FILTRO EM ACO INOX PARA TRATAMENTO DE AGUA;350282;Anterior a 2019;DIBEM;;Pendente
Filtro Em Aco Inox Para Tratamento De Agua;FILTRO EM ACO INOX PARA TRATAMENTO DE AGUA;350284;Anterior a 2019;DIBEM;Residencia 125;Ruim
Filtro Em Aco Inox Para Tratamento De Agua;FILTRO EM ACO INOX PARA TRATAMENTO DE AGUA;350286;Anterior a 2019;DIBEM;;Pendente
Filtro Em Aco Inox Para Tratamento De Agua;FILTRO EM ACO INOX PARA TRATAMENTO DE AGUA;350287;Anterior a 2019;DIBEM;;Pendente
Filtro Em Aco Inox Para Tratamento De Agua;FILTRO EM ACO INOX PARA TRATAMENTO DE AGUA;350288;Anterior a 2019;DIBEM;;Pendente
Filtro Em Aco Inox Para Tratamento De Agua;FILTRO EM ACO INOX PARA TRATAMENTO DE AGUA;350290;Anterior a 2019;DIBEM;;Pendente
Filtro Em Aco Inox Para Tratamento De Agua;FILTRO EM ACO INOX PARA TRATAMENTO DE AGUA;350291;Anterior a 2019;DIBEM;;Pendente
Filtro Em Aco Inox Para Tratamento De Agua;FILTRO EM ACO INOX PARA TRATAMENTO DE AGUA;350294;Anterior a 2019;DIBEM;;Pendente
Filtro Em Aco Inox Para Tratamento De Agua;FILTRO EM ACO INOX PARA TRATAMENTO DE AGUA;350299;Anterior a 2019;DIBEM;;Pendente
Filtro Em Aco Inox Para Tratamento De Agua;FILTRO EM ACO INOX PARA TRATAMENTO DE AGUA;350302;Anterior a 2019;DIBEM;;Pendente
Filtro Em Aco Inox Para Tratamento De Agua;FILTRO EM ACO INOX PARA TRATAMENTO DE AGUA;350307;Anterior a 2019;DIBEM;;Pendente
Filtro Em Aco Inox Para Tratamento De Agua;FILTRO EM ACO INOX PARA TRATAMENTO DE AGUA;350309;Anterior a 2019;DIBEM;;Pendente
Filtro Em Aco Inox Para Tratamento De Agua;FILTRO EM ACO INOX PARA TRATAMENTO DE AGUA;350311;Anterior a 2019;DIBEM;;Pendente
Filtro Em Aco Inox Para Tratamento De Agua;FILTRO EM ACO INOX PARA TRATAMENTO DE AGUA;350313;Anterior a 2019;DIBEM;;Pendente
Filtro Em Aco Inox Para Tratamento De Agua;FILTRO EM ACO INOX PARA TRATAMENTO DE AGUA;350314;Anterior a 2019;DIBEM;;Pendente
Filtro Em Aco Inox Para Tratamento De Agua;FILTRO EM ACO INOX PARA TRATAMENTO DE AGUA;350317;Anterior a 2019;DIBEM;;Pendente
Filtro Em Aco Inox Para Tratamento De Agua;FILTRO EM ACO INOX PARA TRATAMENTO DE AGUA;350318;Anterior a 2019;DIBEM;;Pendente
Filtro Em Aco Inox Para Tratamento De Agua;FILTRO EM ACO INOX PARA TRATAMENTO DE AGUA;350319;Anterior a 2019;DIBEM;;Pendente
Filtro Em Aco Inox Para Tratamento De Agua;FILTRO EM ACO INOX PARA TRATAMENTO DE AGUA;350320;Anterior a 2019;DIBEM;;Pendente
Filtro Em Aco Inox Para Tratamento De Agua;FILTRO EM ACO INOX PARA TRATAMENTO DE AGUA;350324;Anterior a 2019;DIBEM;;Pendente
Filtro Em Aco Inox Para Tratamento De Agua;FILTRO EM ACO INOX PARA TRATAMENTO DE AGUA;350325;Anterior a 2019;DIBEM;;Pendente
Filtro Em Aco Inox Para Tratamento De Agua;FILTRO EM ACO INOX PARA TRATAMENTO DE AGUA;350330;Anterior a 2019;DIBEM;;Pendente
Filtro Em Aco Inox Para Tratamento De Agua;FILTRO EM ACO INOX PARA TRATAMENTO DE AGUA;350334;Anterior a 2019;DIBEM;;Pendente
Filtro Em Aco Inox Para Tratamento De Agua;FILTRO EM ACO INOX PARA TRATAMENTO DE AGUA;350335;Anterior a 2019;DIBEM;;Pendente
Filtro Em Aco Inox Para Tratamento De Agua;FILTRO EM ACO INOX PARA TRATAMENTO DE AGUA;350336;Anterior a 2019;DIBEM;;Pendente
Filtro Em Aco Inox Para Tratamento De Agua;FILTRO EM ACO INOX PARA TRATAMENTO DE AGUA;350337;Anterior a 2019;DIBEM;;Pendente
Filtro Em Aco Inox Para Tratamento De Agua;FILTRO EM ACO INOX PARA TRATAMENTO DE AGUA;350339;Anterior a 2019;DIBEM;;Pendente
Filtro Em Aco Inox Para Tratamento De Agua;FILTRO EM ACO INOX PARA TRATAMENTO DE AGUA;350340;Anterior a 2019;DIBEM;;Pendente
Filtro Em Aco Inox Para Tratamento De Agua;FILTRO EM ACO INOX PARA TRATAMENTO DE AGUA;350341;Anterior a 2019;DIBEM;;Pendente
Filtro Em Aco Inox Para Tratamento De Agua;FILTRO EM ACO INOX PARA TRATAMENTO DE AGUA;350350;Anterior a 2019;PRAE;;Pendente
Filtro Em Aco Inox Para Tratamento De Agua;FILTRO EM ACO INOX PARA TRATAMENTO DE AGUA;350352;Anterior a 2019;DIBEM;;Pendente
Filtro Em Aco Inox Para Tratamento De Agua;FILTRO EM ACO INOX PARA TRATAMENTO DE AGUA;350354;Anterior a 2019;DIBEM;;Pendente
Filtro Em Aco Inox Para Tratamento De Agua;FILTRO EM ACO INOX PARA TRATAMENTO DE AGUA;350355;Anterior a 2019;DIBEM;;Pendente
Filtro Em Aco Inox Para Tratamento De Agua;FILTRO EM ACO INOX PARA TRATAMENTO DE AGUA;350356;Anterior a 2019;DIBEM;;Pendente
Filtro Em Aco Inox Para Tratamento De Agua;FILTRO EM ACO INOX PARA TRATAMENTO DE AGUA;350357;Anterior a 2019;DIBEM;;Pendente
Filtro Em Aco Inox Para Tratamento De Agua;FILTRO EM ACO INOX PARA TRATAMENTO DE AGUA;350360;Anterior a 2019;DIBEM;;Pendente
Filtro Em Aco Inox Para Tratamento De Agua;FILTRO EM ACO INOX PARA TRATAMENTO DE AGUA;350363;Anterior a 2019;DIBEM;;Pendente
Filtro Em Aco Inox Para Tratamento De Agua;FILTRO EM ACO INOX PARA TRATAMENTO DE AGUA;350368;Anterior a 2019;DIBEM;;Pendente
Filtro Em Aco Inox Para Tratamento De Agua;FILTRO EM ACO INOX PARA TRATAMENTO DE AGUA;350371;Anterior a 2019;DIBEM;;Pendente
Filtro Em Aco Inox Para Tratamento De Agua;FILTRO EM ACO INOX PARA TRATAMENTO DE AGUA;350372;Anterior a 2019;DIBEM;;Pendente
Filtro Em Aco Inox Para Tratamento De Agua;FILTRO EM ACO INOX PARA TRATAMENTO DE AGUA;350373;Anterior a 2019;DIBEM;;Pendente
Filtro Em Aco Inox Para Tratamento De Agua;FILTRO EM ACO INOX PARA TRATAMENTO DE AGUA;350375;Anterior a 2019;DIBEM;;Pendente
Filtro Em Aco Inox Para Tratamento De Agua;FILTRO EM ACO INOX PARA TRATAMENTO DE AGUA;350376;Anterior a 2019;DIBEM;;Pendente
Filtro Em Aco Inox Para Tratamento De Agua;FILTRO EM ACO INOX PARA TRATAMENTO DE AGUA;350379;Anterior a 2019;DIBEM;;Pendente
Filtro Em Aco Inox Para Tratamento De Agua;FILTRO EM ACO INOX PARA TRATAMENTO DE AGUA;350380;Anterior a 2019;DIBEM;;Pendente
Filtro Em Aco Inox Para Tratamento De Agua;FILTRO EM ACO INOX PARA TRATAMENTO DE AGUA;350381;Anterior a 2019;DIBEM;;Pendente
Filtro Em Aco Inox Para Tratamento De Agua;FILTRO EM ACO INOX PARA TRATAMENTO DE AGUA;350382;Anterior a 2019;DIBEM;;Pendente
Filtro Em Aco Inox Para Tratamento De Agua;FILTRO EM ACO INOX PARA TRATAMENTO DE AGUA;350384;Anterior a 2019;DIBEM;;Pendente
Filtro Em Aco Inox Para Tratamento De Agua;FILTRO EM ACO INOX PARA TRATAMENTO DE AGUA;350385;Anterior a 2019;DIBEM;;Pendente
Filtro Em Aco Inox Para Tratamento De Agua;FILTRO EM ACO INOX PARA TRATAMENTO DE AGUA;350388;Anterior a 2019;DIBEM;;Pendente
Filtro Em Aco Inox Para Tratamento De Agua;FILTRO EM ACO INOX PARA TRATAMENTO DE AGUA;350389;Anterior a 2019;DIBEM;;Pendente
Filtro Em Aco Inox Para Tratamento De Agua;FILTRO EM ACO INOX PARA TRATAMENTO DE AGUA;350390;Anterior a 2019;DIBEM;;Pendente
Filtro Em Aco Inox Para Tratamento De Agua;FILTRO EM ACO INOX PARA TRATAMENTO DE AGUA;350391;Anterior a 2019;DIBEM;;Pendente
Filtro Em Aco Inox Para Tratamento De Agua;FILTRO EM ACO INOX PARA TRATAMENTO DE AGUA;350392;Anterior a 2019;DIBEM;;Pendente
Filtro Em Aco Inox Para Tratamento De Agua;FILTRO EM ACO INOX PARA TRATAMENTO DE AGUA;350393;Anterior a 2019;DIBEM;;Pendente
Filtro Em Aco Inox Para Tratamento De Agua;FILTRO EM ACO INOX PARA TRATAMENTO DE AGUA;350394;Anterior a 2019;DIBEM;;Pendente
Filtro Em Aco Inox Para Tratamento De Agua;FILTRO EM ACO INOX PARA TRATAMENTO DE AGUA;350395;Anterior a 2019;DIBEM;;Pendente
Filtro Em Aco Inox Para Tratamento De Agua;FILTRO EM ACO INOX PARA TRATAMENTO DE AGUA;350396;Anterior a 2019;DIBEM;;Pendente
Filtro Em Aco Inox Para Tratamento De Agua;FILTRO EM ACO INOX PARA TRATAMENTO DE AGUA;350398;Anterior a 2019;DIBEM;;Pendente
Filtro Em Aco Inox Para Tratamento De Agua;FILTRO EM ACO INOX PARA TRATAMENTO DE AGUA;350399;Anterior a 2019;DIBEM;;Pendente
Estabilizador No-Break;ESTABILIZADOR NO-BREAK;350820;Anterior a 2019;CRU;;Pendente
Flanelografo;FLANELOGRAFO;350886;Anterior a 2019;CAME;;Pendente
Sanduicheira Eletrica;SANDUICHEIRA ELETRICA;351066;Anterior a 2019;CAME;;Pendente
Sanduicheira Eletrica;SANDUICHEIRA ELETRICA;351074;Anterior a 2019;DIBEM;;Pendente
Sanduicheira Eletrica;SANDUICHEIRA ELETRICA;351075;Anterior a 2019;DIBEM;;Pendente
Sanduicheira Eletrica;SANDUICHEIRA ELETRICA;351077;Anterior a 2019;DIBEM;;Pendente
Sanduicheira Eletrica;SANDUICHEIRA ELETRICA;351078;Anterior a 2019;DIBEM;;Pendente
Sanduicheira Eletrica;SANDUICHEIRA ELETRICA;351079;Anterior a 2019;DIBEM;;Pendente
Sanduicheira Eletrica;SANDUICHEIRA ELETRICA;351081;Anterior a 2019;DIBEM;;Pendente
Mesa ;MESA PARA MICROCOMPUTADOR;351853;Anterior a 2019;CAME;;Pendente
Mesa ;MESA PARA MICROCOMPUTADOR;351855;Anterior a 2019;CAME;;Pendente
Mesa ;MESA PARA MICROCOMPUTADOR;351856;Anterior a 2019;CAME;;Pendente
Mesa ;MESA PARA MICROCOMPUTADOR;351857;Anterior a 2019;CAME;;Pendente
Mesa ;MESA PARA MICROCOMPUTADOR;351858;Anterior a 2019;CAME;;Pendente
Mesa ;MESA PARA MICROCOMPUTADOR;351859;Anterior a 2019;CAME;;Pendente
Mesa ;MESA PARA MICROCOMPUTADOR;351860;Anterior a 2019;CAME;;Pendente
Mesa ;MESA PARA MICROCOMPUTADOR;351861;Anterior a 2019;CAME;;Pendente
Mesa ;MESA PARA MICROCOMPUTADOR;351864;Anterior a 2019;CAME;;Pendente
Mesa ;MESA PARA MICROCOMPUTADOR;351870;Anterior a 2019;CAME;;Pendente
Mesa ;MESA PARA MICROCOMPUTADOR;351871;Anterior a 2019;CAME;;Pendente
"Televisão 55""";TELEVISOR LED 55;353376;Anterior a 2019;DIBEM;;Pendente
"Televisão 55""";TELEVISOR LED 55;353379;Anterior a 2019;DIBEM;;Pendente
"Televisão 55""";TELEVISOR LED 55;353380;Anterior a 2019;DIBEM;;Pendente
Quadro Branco Magnetizado;QUADRO BRANCO MAGNETIZADO;353463;Anterior a 2019;CAME;;Pendente
Maquina De Costura(Uso Domestico);MAQUINA DE COSTURA(USO DOMESTICO);353792;Anterior a 2019;DIBEM;;Pendente
Maquina De Costura(Uso Domestico);MAQUINA DE COSTURA(USO DOMESTICO);353793;Anterior a 2019;DIBEM;;Pendente
Maquina De Costura(Uso Domestico);MAQUINA DE COSTURA(USO DOMESTICO);353798;Anterior a 2019;DIBEM;;Pendente
Armario De Aco;ARMARIO DE ACO;354874;Anterior a 2019;CAME;;Pendente
Armario De Aco;ARMARIO DE ACO;354875;Anterior a 2019;CAME;;Pendente
Armario De Aco;ARMARIO DE ACO;355521;Anterior a 2019;CAME;;Pendente
Gaveteiro;GAVETEIRO;356190;Anterior a 2019;CAME;;Pendente
Sofa Com Capacidade Para 02 Lugares;SOFA COM CAPACIDADE PARA 02 LUGARES;357209;Anterior a 2019;CAME;;Pendente
Mesa 02;MESA DE MADEIRA COM 02 GAVETAS;357608;Anterior a 2019;CAME;;Pendente
Cadeira Fixa Com Assento E Encosto Em Palhinha;CADEIRA FIXA COM ASSENTO E ENCOSTO EM PALHINHA;358455;Anterior a 2019;CRU;;Pendente
Cadeira Fixa Com Assento E Encosto Em Palhinha;CADEIRA FIXA COM ASSENTO E ENCOSTO EM PALHINHA;358508;Anterior a 2019;CRU;;Pendente
Cadeira Fixa Com Assento E Encosto Em Palhinha;CADEIRA FIXA COM ASSENTO E ENCOSTO EM PALHINHA;358511;Anterior a 2019;CRU;;Pendente
Cadeira Fixa Com Assento E Encosto Em Palhinha;CADEIRA FIXA COM ASSENTO E ENCOSTO EM PALHINHA;358517;Anterior a 2019;CRU;;Pendente
Cadeira Fixa Com Assento E Encosto Em Palhinha;CADEIRA FIXA COM ASSENTO E ENCOSTO EM PALHINHA;358534;Anterior a 2019;CRU;;Pendente
Cadeira Fixa Com Assento E Encosto Em Palhinha;CADEIRA FIXA COM ASSENTO E ENCOSTO EM PALHINHA;358545;Anterior a 2019;CRU;;Pendente
Cadeira Fixa Com Assento E Encosto Em Palhinha;CADEIRA FIXA COM ASSENTO E ENCOSTO EM PALHINHA;358561;Anterior a 2019;CRU;;Pendente
Cadeira Fixa Com Assento E Encosto Em Palhinha;CADEIRA FIXA COM ASSENTO E ENCOSTO EM PALHINHA;358570;Anterior a 2019;CRU;;Pendente
Cadeira Fixa Com Assento E Encosto Em Palhinha;CADEIRA FIXA COM ASSENTO E ENCOSTO EM PALHINHA;358648;Anterior a 2019;CRU;;Pendente
Cadeira Fixa Com Assento E Encosto Em Palhinha;CADEIRA FIXA COM ASSENTO E ENCOSTO EM PALHINHA;358668;Anterior a 2019;PRAE;;Pendente
Cadeira Fixa Com Assento E Encosto Em Palhinha;CADEIRA FIXA COM ASSENTO E ENCOSTO EM PALHINHA;358669;Anterior a 2019;PRAE;;Pendente
Cadeira Fixa Com Assento E Encosto Em Palhinha;CADEIRA FIXA COM ASSENTO E ENCOSTO EM PALHINHA;358670;Anterior a 2019;PRAE;;Pendente
Cadeira Fixa Com Assento E Encosto Em Palhinha;CADEIRA FIXA COM ASSENTO E ENCOSTO EM PALHINHA;358671;Anterior a 2019;PRAE;;Pendente
Cadeira Fixa Com Assento E Encosto Em Palhinha;CADEIRA FIXA COM ASSENTO E ENCOSTO EM PALHINHA;358672;Anterior a 2019;PRAE;;Pendente
Cadeira Fixa Com Assento E Encosto Em Palhinha;CADEIRA FIXA COM ASSENTO E ENCOSTO EM PALHINHA;358673;Anterior a 2019;PRAE;;Pendente
Cadeira Fixa Com Assento E Encosto Em Palhinha;CADEIRA FIXA COM ASSENTO E ENCOSTO EM PALHINHA;358675;Anterior a 2019;PRAE;;Pendente
Cadeira Fixa Com Assento E Encosto Em Palhinha;CADEIRA FIXA COM ASSENTO E ENCOSTO EM PALHINHA;358676;Anterior a 2019;PRAE;;Pendente
Cadeira Fixa Com Assento E Encosto Em Palhinha;CADEIRA FIXA COM ASSENTO E ENCOSTO EM PALHINHA;358677;Anterior a 2019;PRAE;;Pendente
Cadeira Fixa Com Assento E Encosto Em Palhinha;CADEIRA FIXA COM ASSENTO E ENCOSTO EM PALHINHA;358678;Anterior a 2019;PRAE;;Pendente
Cadeira Fixa Com Assento E Encosto Em Palhinha;CADEIRA FIXA COM ASSENTO E ENCOSTO EM PALHINHA;358679;Anterior a 2019;PRAE;;Pendente
Cadeira Fixa Com Assento E Encosto Em Palhinha;CADEIRA FIXA COM ASSENTO E ENCOSTO EM PALHINHA;358680;Anterior a 2019;PRAE;;Pendente
Cadeira Fixa Com Assento E Encosto Em Palhinha;CADEIRA FIXA COM ASSENTO E ENCOSTO EM PALHINHA;358681;Anterior a 2019;PRAE;;Pendente
Cadeira Fixa Com Assento E Encosto Em Palhinha;CADEIRA FIXA COM ASSENTO E ENCOSTO EM PALHINHA;358682;Anterior a 2019;PRAE;;Pendente
Cadeira Fixa Com Assento E Encosto Em Palhinha;CADEIRA FIXA COM ASSENTO E ENCOSTO EM PALHINHA;358683;Anterior a 2019;PRAE;;Pendente
Cadeira Fixa Com Assento E Encosto Em Palhinha;CADEIRA FIXA COM ASSENTO E ENCOSTO EM PALHINHA;358685;Anterior a 2019;PRAE;;Pendente
Cadeira Fixa Com Assento E Encosto Em Palhinha;CADEIRA FIXA COM ASSENTO E ENCOSTO EM PALHINHA;358686;Anterior a 2019;PRAE;;Pendente
Cadeira Fixa Com Assento E Encosto Em Palhinha;CADEIRA FIXA COM ASSENTO E ENCOSTO EM PALHINHA;358687;Anterior a 2019;PRAE;;Pendente
Cadeira Fixa Com Assento E Encosto Em Palhinha;CADEIRA FIXA COM ASSENTO E ENCOSTO EM PALHINHA;358688;Anterior a 2019;PRAE;;Pendente
Cadeira Fixa Com Assento E Encosto Em Palhinha;CADEIRA FIXA COM ASSENTO E ENCOSTO EM PALHINHA;358689;Anterior a 2019;PRAE;;Pendente
Cadeira Fixa Com Assento E Encosto Em Palhinha;CADEIRA FIXA COM ASSENTO E ENCOSTO EM PALHINHA;358690;Anterior a 2019;PRAE;;Pendente
Cadeira Fixa Com Assento E Encosto Em Palhinha;CADEIRA FIXA COM ASSENTO E ENCOSTO EM PALHINHA;358691;Anterior a 2019;PRAE;;Pendente
Cadeira Fixa Com Assento E Encosto Em Palhinha;CADEIRA FIXA COM ASSENTO E ENCOSTO EM PALHINHA;358692;Anterior a 2019;PRAE;;Pendente
Cadeira Fixa Com Assento E Encosto Em Palhinha;CADEIRA FIXA COM ASSENTO E ENCOSTO EM PALHINHA;358693;Anterior a 2019;PRAE;;Pendente
Cadeira Fixa Com Assento E Encosto Em Palhinha;CADEIRA FIXA COM ASSENTO E ENCOSTO EM PALHINHA;358694;Anterior a 2019;PRAE;;Pendente
Cadeira Fixa Com Assento E Encosto Em Palhinha;CADEIRA FIXA COM ASSENTO E ENCOSTO EM PALHINHA;358695;Anterior a 2019;PRAE;;Pendente
Cadeira Fixa Com Assento E Encosto Em Palhinha;CADEIRA FIXA COM ASSENTO E ENCOSTO EM PALHINHA;358696;Anterior a 2019;PRAE;;Pendente
Cadeira Fixa Com Assento E Encosto Em Palhinha;CADEIRA FIXA COM ASSENTO E ENCOSTO EM PALHINHA;358697;Anterior a 2019;PRAE;;Pendente
Cadeira Fixa Com Assento E Encosto Em Palhinha;CADEIRA FIXA COM ASSENTO E ENCOSTO EM PALHINHA;358698;Anterior a 2019;PRAE;;Pendente
Cadeira Fixa Com Assento E Encosto Em Palhinha;CADEIRA FIXA COM ASSENTO E ENCOSTO EM PALHINHA;358699;Anterior a 2019;PRAE;;Pendente
Cadeira Fixa Com Assento E Encosto Em Palhinha;CADEIRA FIXA COM ASSENTO E ENCOSTO EM PALHINHA;358700;Anterior a 2019;PRAE;;Pendente
Cadeira Fixa Com Assento E Encosto Em Palhinha;CADEIRA FIXA COM ASSENTO E ENCOSTO EM PALHINHA;358701;Anterior a 2019;PRAE;;Pendente
Cadeira Fixa Com Assento E Encosto Em Palhinha;CADEIRA FIXA COM ASSENTO E ENCOSTO EM PALHINHA;358702;Anterior a 2019;PRAE;;Pendente
Cadeira Fixa Com Assento E Encosto Em Palhinha;CADEIRA FIXA COM ASSENTO E ENCOSTO EM PALHINHA;358703;Anterior a 2019;PRAE;;Pendente
Cadeira Fixa Com Assento E Encosto Em Palhinha;CADEIRA FIXA COM ASSENTO E ENCOSTO EM PALHINHA;358704;Anterior a 2019;PRAE;;Pendente
Cadeira Fixa Com Assento E Encosto Em Palhinha;CADEIRA FIXA COM ASSENTO E ENCOSTO EM PALHINHA;358705;Anterior a 2019;PRAE;;Pendente
Cadeira Fixa Com Assento E Encosto Em Palhinha;CADEIRA FIXA COM ASSENTO E ENCOSTO EM PALHINHA;358706;Anterior a 2019;PRAE;;Pendente
Cadeira Fixa Com Assento E Encosto Em Palhinha;CADEIRA FIXA COM ASSENTO E ENCOSTO EM PALHINHA;358707;Anterior a 2019;PRAE;;Pendente
Cadeira Fixa Com Assento E Encosto Em Palhinha;CADEIRA FIXA COM ASSENTO E ENCOSTO EM PALHINHA;358708;Anterior a 2019;PRAE;;Pendente
Cadeira Fixa Com Assento E Encosto Em Palhinha;CADEIRA FIXA COM ASSENTO E ENCOSTO EM PALHINHA;358709;Anterior a 2019;PRAE;;Pendente
Cadeira Fixa Com Assento E Encosto Em Palhinha;CADEIRA FIXA COM ASSENTO E ENCOSTO EM PALHINHA;358710;Anterior a 2019;PRAE;;Pendente
Cadeira Fixa Com Assento E Encosto Em Palhinha;CADEIRA FIXA COM ASSENTO E ENCOSTO EM PALHINHA;358711;Anterior a 2019;PRAE;;Pendente
Cadeira Fixa Com Assento E Encosto Em Palhinha;CADEIRA FIXA COM ASSENTO E ENCOSTO EM PALHINHA;358712;Anterior a 2019;PRAE;;Pendente
Cadeira Fixa Com Assento E Encosto Em Palhinha;CADEIRA FIXA COM ASSENTO E ENCOSTO EM PALHINHA;358713;Anterior a 2019;PRAE;;Pendente
Cadeira Fixa Com Assento E Encosto Em Palhinha;CADEIRA FIXA COM ASSENTO E ENCOSTO EM PALHINHA;358714;Anterior a 2019;PRAE;;Pendente
Cadeira Fixa Com Assento E Encosto Em Palhinha;CADEIRA FIXA COM ASSENTO E ENCOSTO EM PALHINHA;358715;Anterior a 2019;PRAE;;Pendente
Cadeira Fixa Com Assento E Encosto Em Palhinha;CADEIRA FIXA COM ASSENTO E ENCOSTO EM PALHINHA;358716;Anterior a 2019;PRAE;;Pendente
Cadeira Fixa Com Assento E Encosto Em Palhinha;CADEIRA FIXA COM ASSENTO E ENCOSTO EM PALHINHA;358717;Anterior a 2019;PRAE;;Pendente
Cadeira Fixa Com Assento E Encosto Em Palhinha;CADEIRA FIXA COM ASSENTO E ENCOSTO EM PALHINHA;358718;Anterior a 2019;PRAE;;Pendente
Cadeira Fixa Com Assento E Encosto Em Palhinha;CADEIRA FIXA COM ASSENTO E ENCOSTO EM PALHINHA;358719;Anterior a 2019;PRAE;;Pendente
Cadeira Fixa Com Assento E Encosto Em Palhinha;CADEIRA FIXA COM ASSENTO E ENCOSTO EM PALHINHA;358720;Anterior a 2019;PRAE;;Pendente
Cadeira Fixa Com Assento E Encosto Em Palhinha;CADEIRA FIXA COM ASSENTO E ENCOSTO EM PALHINHA;358721;Anterior a 2019;PRAE;;Pendente
Cadeira Fixa Com Assento E Encosto Em Palhinha;CADEIRA FIXA COM ASSENTO E ENCOSTO EM PALHINHA;358722;Anterior a 2019;PRAE;;Pendente
Cadeira Fixa Com Assento E Encosto Em Palhinha;CADEIRA FIXA COM ASSENTO E ENCOSTO EM PALHINHA;358723;Anterior a 2019;PRAE;;Pendente
Cadeira Fixa Com Assento E Encosto Em Palhinha;CADEIRA FIXA COM ASSENTO E ENCOSTO EM PALHINHA;358724;Anterior a 2019;PRAE;;Pendente
Cadeira Fixa Com Assento E Encosto Em Palhinha;CADEIRA FIXA COM ASSENTO E ENCOSTO EM PALHINHA;358725;Anterior a 2019;PRAE;;Pendente
Cadeira Fixa Com Assento E Encosto Em Palhinha;CADEIRA FIXA COM ASSENTO E ENCOSTO EM PALHINHA;358726;Anterior a 2019;PRAE;;Pendente
Cadeira Fixa Com Assento E Encosto Em Palhinha;CADEIRA FIXA COM ASSENTO E ENCOSTO EM PALHINHA;358728;Anterior a 2019;PRAE;;Pendente
Cadeira Fixa Com Assento E Encosto Em Palhinha;CADEIRA FIXA COM ASSENTO E ENCOSTO EM PALHINHA;358729;Anterior a 2019;PRAE;;Pendente
Cadeira Fixa Com Assento E Encosto Em Palhinha;CADEIRA FIXA COM ASSENTO E ENCOSTO EM PALHINHA;358730;Anterior a 2019;PRAE;;Pendente
Cadeira Fixa Com Assento E Encosto Em Palhinha;CADEIRA FIXA COM ASSENTO E ENCOSTO EM PALHINHA;358731;Anterior a 2019;PRAE;;Pendente
Cadeira Fixa Com Assento E Encosto Em Palhinha;CADEIRA FIXA COM ASSENTO E ENCOSTO EM PALHINHA;358732;Anterior a 2019;PRAE;;Pendente
Cadeira Fixa Com Assento E Encosto Em Palhinha;CADEIRA FIXA COM ASSENTO E ENCOSTO EM PALHINHA;358733;Anterior a 2019;PRAE;;Pendente
Cadeira Fixa Com Assento E Encosto Em Palhinha;CADEIRA FIXA COM ASSENTO E ENCOSTO EM PALHINHA;358734;Anterior a 2019;PRAE;;Pendente
Cadeira Fixa Com Assento E Encosto Em Palhinha;CADEIRA FIXA COM ASSENTO E ENCOSTO EM PALHINHA;358735;Anterior a 2019;PRAE;;Pendente
Cadeira Fixa Com Assento E Encosto Em Palhinha;CADEIRA FIXA COM ASSENTO E ENCOSTO EM PALHINHA;358736;Anterior a 2019;PRAE;;Pendente
Cadeira Fixa Com Assento E Encosto Em Palhinha;CADEIRA FIXA COM ASSENTO E ENCOSTO EM PALHINHA;358737;Anterior a 2019;PRAE;;Pendente
Cadeira Fixa Com Assento E Encosto Em Palhinha;CADEIRA FIXA COM ASSENTO E ENCOSTO EM PALHINHA;358738;Anterior a 2019;PRAE;;Pendente
Cadeira Fixa Com Assento E Encosto Em Palhinha;CADEIRA FIXA COM ASSENTO E ENCOSTO EM PALHINHA;358739;Anterior a 2019;PRAE;;Pendente
Cadeira Fixa Com Assento E Encosto Em Palhinha;CADEIRA FIXA COM ASSENTO E ENCOSTO EM PALHINHA;358740;Anterior a 2019;PRAE;;Pendente
Cadeira Fixa Com Assento E Encosto Em Palhinha;CADEIRA FIXA COM ASSENTO E ENCOSTO EM PALHINHA;358741;Anterior a 2019;PRAE;;Pendente
Cadeira Fixa Com Assento E Encosto Em Palhinha;CADEIRA FIXA COM ASSENTO E ENCOSTO EM PALHINHA;358742;Anterior a 2019;PRAE;;Pendente
Cadeira Fixa Com Assento E Encosto Em Palhinha;CADEIRA FIXA COM ASSENTO E ENCOSTO EM PALHINHA;358743;Anterior a 2019;PRAE;;Pendente
Cadeira Fixa Com Assento E Encosto Em Palhinha;CADEIRA FIXA COM ASSENTO E ENCOSTO EM PALHINHA;358745;Anterior a 2019;PRAE;;Pendente
Cadeira Fixa Com Assento E Encosto Em Palhinha;CADEIRA FIXA COM ASSENTO E ENCOSTO EM PALHINHA;358747;Anterior a 2019;PRAE;;Pendente
Cadeira Fixa Com Assento E Encosto Em Palhinha;CADEIRA FIXA COM ASSENTO E ENCOSTO EM PALHINHA;358749;Anterior a 2019;PRAE;;Pendente
Cadeira Fixa Com Assento E Encosto Em Palhinha;CADEIRA FIXA COM ASSENTO E ENCOSTO EM PALHINHA;358750;Anterior a 2019;PRAE;;Pendente
Cadeira Fixa Com Assento E Encosto Em Palhinha;CADEIRA FIXA COM ASSENTO E ENCOSTO EM PALHINHA;358751;Anterior a 2019;PRAE;;Pendente
Cadeira Fixa Com Assento E Encosto Em Palhinha;CADEIRA FIXA COM ASSENTO E ENCOSTO EM PALHINHA;358752;Anterior a 2019;PRAE;;Pendente
Cadeira Fixa Com Assento E Encosto Em Palhinha;CADEIRA FIXA COM ASSENTO E ENCOSTO EM PALHINHA;358753;Anterior a 2019;PRAE;;Pendente
Cadeira Fixa Com Assento E Encosto Em Palhinha;CADEIRA FIXA COM ASSENTO E ENCOSTO EM PALHINHA;358754;Anterior a 2019;PRAE;;Pendente
Cadeira Fixa Com Assento E Encosto Em Palhinha;CADEIRA FIXA COM ASSENTO E ENCOSTO EM PALHINHA;358755;Anterior a 2019;PRAE;;Pendente
Cadeira Fixa Com Assento E Encosto Em Palhinha;CADEIRA FIXA COM ASSENTO E ENCOSTO EM PALHINHA;358756;Anterior a 2019;PRAE;;Pendente
Cadeira Fixa Com Assento E Encosto Em Palhinha;CADEIRA FIXA COM ASSENTO E ENCOSTO EM PALHINHA;358757;Anterior a 2019;PRAE;;Pendente
Cadeira Fixa Com Assento E Encosto Em Palhinha;CADEIRA FIXA COM ASSENTO E ENCOSTO EM PALHINHA;358758;Anterior a 2019;PRAE;;Pendente
Cadeira Fixa Com Assento E Encosto Em Palhinha;CADEIRA FIXA COM ASSENTO E ENCOSTO EM PALHINHA;358759;Anterior a 2019;PRAE;;Pendente
Cadeira Fixa Com Assento E Encosto Em Palhinha;CADEIRA FIXA COM ASSENTO E ENCOSTO EM PALHINHA;358760;Anterior a 2019;PRAE;;Pendente
Cadeira Fixa Com Assento E Encosto Em Palhinha;CADEIRA FIXA COM ASSENTO E ENCOSTO EM PALHINHA;358761;Anterior a 2019;PRAE;;Pendente
Cadeira Fixa Com Assento E Encosto Em Palhinha;CADEIRA FIXA COM ASSENTO E ENCOSTO EM PALHINHA;358762;Anterior a 2019;PRAE;;Pendente
Cadeira Fixa Com Assento E Encosto Em Palhinha;CADEIRA FIXA COM ASSENTO E ENCOSTO EM PALHINHA;358763;Anterior a 2019;PRAE;;Pendente
Cadeira Fixa Com Assento E Encosto Em Palhinha;CADEIRA FIXA COM ASSENTO E ENCOSTO EM PALHINHA;358764;Anterior a 2019;PRAE;;Pendente
Cadeira Fixa Com Assento E Encosto Em Palhinha;CADEIRA FIXA COM ASSENTO E ENCOSTO EM PALHINHA;358765;Anterior a 2019;PRAE;;Pendente
Cadeira Fixa Com Assento E Encosto Em Palhinha;CADEIRA FIXA COM ASSENTO E ENCOSTO EM PALHINHA;358767;Anterior a 2019;PRAE;;Pendente
Cadeira Fixa Com Assento E Encosto Em Palhinha;CADEIRA FIXA COM ASSENTO E ENCOSTO EM PALHINHA;358768;Anterior a 2019;PRAE;;Pendente
Cadeira Fixa Com Assento E Encosto Em Palhinha;CADEIRA FIXA COM ASSENTO E ENCOSTO EM PALHINHA;358769;Anterior a 2019;PRAE;;Pendente
Cadeira Fixa Com Assento E Encosto Em Palhinha;CADEIRA FIXA COM ASSENTO E ENCOSTO EM PALHINHA;358771;Anterior a 2019;PRAE;;Pendente
Cadeira Fixa Com Assento E Encosto Em Palhinha;CADEIRA FIXA COM ASSENTO E ENCOSTO EM PALHINHA;358772;Anterior a 2019;PRAE;;Pendente
Cadeira Fixa Com Assento E Encosto Em Palhinha;CADEIRA FIXA COM ASSENTO E ENCOSTO EM PALHINHA;358773;Anterior a 2019;PRAE;;Pendente
Cadeira Fixa Com Assento E Encosto Em Palhinha;CADEIRA FIXA COM ASSENTO E ENCOSTO EM PALHINHA;358775;Anterior a 2019;PRAE;;Pendente
Cadeira Fixa Com Assento E Encosto Em Palhinha;CADEIRA FIXA COM ASSENTO E ENCOSTO EM PALHINHA;358776;Anterior a 2019;PRAE;;Pendente
Cadeira Fixa Com Assento E Encosto Em Palhinha;CADEIRA FIXA COM ASSENTO E ENCOSTO EM PALHINHA;358777;Anterior a 2019;PRAE;;Pendente
Cadeira Fixa Com Assento E Encosto Em Palhinha;CADEIRA FIXA COM ASSENTO E ENCOSTO EM PALHINHA;358778;Anterior a 2019;PRAE;;Pendente
Cadeira Fixa Com Assento E Encosto Em Palhinha;CADEIRA FIXA COM ASSENTO E ENCOSTO EM PALHINHA;358779;Anterior a 2019;PRAE;;Pendente
Cadeira Fixa Com Assento E Encosto Em Palhinha;CADEIRA FIXA COM ASSENTO E ENCOSTO EM PALHINHA;358780;Anterior a 2019;PRAE;;Pendente
Cadeira Fixa Com Assento E Encosto Em Palhinha;CADEIRA FIXA COM ASSENTO E ENCOSTO EM PALHINHA;358781;Anterior a 2019;PRAE;;Pendente
Cadeira Fixa Com Assento E Encosto Em Palhinha;CADEIRA FIXA COM ASSENTO E ENCOSTO EM PALHINHA;358782;Anterior a 2019;PRAE;;Pendente
Cadeira Fixa Com Assento E Encosto Em Palhinha;CADEIRA FIXA COM ASSENTO E ENCOSTO EM PALHINHA;358783;Anterior a 2019;PRAE;;Pendente
Cadeira Fixa Com Assento E Encosto Em Palhinha;CADEIRA FIXA COM ASSENTO E ENCOSTO EM PALHINHA;358784;Anterior a 2019;PRAE;;Pendente
Cadeira Fixa Com Assento E Encosto Em Palhinha;CADEIRA FIXA COM ASSENTO E ENCOSTO EM PALHINHA;358785;Anterior a 2019;PRAE;;Pendente
Cadeira Fixa Com Assento E Encosto Em Palhinha;CADEIRA FIXA COM ASSENTO E ENCOSTO EM PALHINHA;358786;Anterior a 2019;PRAE;;Pendente
Cadeira Fixa Com Assento E Encosto Em Palhinha;CADEIRA FIXA COM ASSENTO E ENCOSTO EM PALHINHA;358788;Anterior a 2019;PRAE;;Pendente
Cadeira Fixa Com Assento E Encosto Em Palhinha;CADEIRA FIXA COM ASSENTO E ENCOSTO EM PALHINHA;358789;Anterior a 2019;PRAE;;Pendente
Cadeira Fixa Com Assento E Encosto Em Palhinha;CADEIRA FIXA COM ASSENTO E ENCOSTO EM PALHINHA;358791;Anterior a 2019;PRAE;;Pendente
Cadeira Fixa Com Assento E Encosto Em Palhinha;CADEIRA FIXA COM ASSENTO E ENCOSTO EM PALHINHA;358792;Anterior a 2019;PRAE;;Pendente
Cadeira Fixa Com Assento E Encosto Em Palhinha;CADEIRA FIXA COM ASSENTO E ENCOSTO EM PALHINHA;358793;Anterior a 2019;PRAE;;Pendente
Cadeira Fixa Com Assento E Encosto Em Palhinha;CADEIRA FIXA COM ASSENTO E ENCOSTO EM PALHINHA;358794;Anterior a 2019;PRAE;;Pendente
Cadeira Fixa Com Assento E Encosto Em Palhinha;CADEIRA FIXA COM ASSENTO E ENCOSTO EM PALHINHA;358795;Anterior a 2019;PRAE;;Pendente
Cadeira Fixa Com Assento E Encosto Em Palhinha;CADEIRA FIXA COM ASSENTO E ENCOSTO EM PALHINHA;358796;Anterior a 2019;PRAE;;Pendente
Cadeira Fixa Com Assento E Encosto Em Palhinha;CADEIRA FIXA COM ASSENTO E ENCOSTO EM PALHINHA;358797;Anterior a 2019;PRAE;;Pendente
Cadeira Fixa Com Assento E Encosto Em Palhinha;CADEIRA FIXA COM ASSENTO E ENCOSTO EM PALHINHA;358799;Anterior a 2019;PRAE;;Pendente
Cadeira Fixa Com Assento E Encosto Em Palhinha;CADEIRA FIXA COM ASSENTO E ENCOSTO EM PALHINHA;358800;Anterior a 2019;PRAE;;Pendente
Cadeira Fixa Com Assento E Encosto Em Palhinha;CADEIRA FIXA COM ASSENTO E ENCOSTO EM PALHINHA;358801;Anterior a 2019;PRAE;;Pendente
Cadeira Fixa Com Assento E Encosto Em Palhinha;CADEIRA FIXA COM ASSENTO E ENCOSTO EM PALHINHA;358802;Anterior a 2019;PRAE;;Pendente
Cadeira Fixa Com Assento E Encosto Em Palhinha;CADEIRA FIXA COM ASSENTO E ENCOSTO EM PALHINHA;358803;Anterior a 2019;PRAE;;Pendente
Cadeira Fixa Com Assento E Encosto Em Palhinha;CADEIRA FIXA COM ASSENTO E ENCOSTO EM PALHINHA;358804;Anterior a 2019;PRAE;;Pendente
Cadeira Fixa Com Assento E Encosto Em Palhinha;CADEIRA FIXA COM ASSENTO E ENCOSTO EM PALHINHA;358806;Anterior a 2019;PRAE;;Pendente
Cadeira Fixa Com Assento E Encosto Em Palhinha;CADEIRA FIXA COM ASSENTO E ENCOSTO EM PALHINHA;358807;Anterior a 2019;PRAE;;Pendente
Cadeira Fixa Com Assento E Encosto Em Palhinha;CADEIRA FIXA COM ASSENTO E ENCOSTO EM PALHINHA;358808;Anterior a 2019;PRAE;;Pendente
Cadeira Fixa Com Assento E Encosto Em Palhinha;CADEIRA FIXA COM ASSENTO E ENCOSTO EM PALHINHA;358810;Anterior a 2019;PRAE;;Pendente
Cadeira Fixa Com Assento E Encosto Em Palhinha;CADEIRA FIXA COM ASSENTO E ENCOSTO EM PALHINHA;358811;Anterior a 2019;PRAE;;Pendente
Cadeira Fixa Com Assento E Encosto Em Palhinha;CADEIRA FIXA COM ASSENTO E ENCOSTO EM PALHINHA;358812;Anterior a 2019;PRAE;;Pendente
Cadeira Fixa Com Assento E Encosto Em Palhinha;CADEIRA FIXA COM ASSENTO E ENCOSTO EM PALHINHA;358813;Anterior a 2019;PRAE;;Pendente
Cadeira Fixa Com Assento E Encosto Em Palhinha;CADEIRA FIXA COM ASSENTO E ENCOSTO EM PALHINHA;358814;Anterior a 2019;PRAE;;Pendente
Cadeira Fixa Com Assento E Encosto Em Palhinha;CADEIRA FIXA COM ASSENTO E ENCOSTO EM PALHINHA;358815;Anterior a 2019;PRAE;;Pendente
Cadeira Fixa Com Assento E Encosto Em Palhinha;CADEIRA FIXA COM ASSENTO E ENCOSTO EM PALHINHA;358816;Anterior a 2019;PRAE;;Pendente
Cadeira Fixa Com Assento E Encosto Em Palhinha;CADEIRA FIXA COM ASSENTO E ENCOSTO EM PALHINHA;358820;Anterior a 2019;PRAE;;Pendente
Cadeira Fixa Com Assento E Encosto Em Palhinha;CADEIRA FIXA COM ASSENTO E ENCOSTO EM PALHINHA;358822;Anterior a 2019;PRAE;;Pendente
Cadeira Fixa Com Assento E Encosto Em Palhinha;CADEIRA FIXA COM ASSENTO E ENCOSTO EM PALHINHA;358824;Anterior a 2019;PRAE;;Pendente
Cadeira Fixa Com Assento E Encosto Em Palhinha;CADEIRA FIXA COM ASSENTO E ENCOSTO EM PALHINHA;358825;Anterior a 2019;PRAE;;Pendente
Cadeira Fixa Com Assento E Encosto Em Palhinha;CADEIRA FIXA COM ASSENTO E ENCOSTO EM PALHINHA;358826;Anterior a 2019;PRAE;;Pendente
Cadeira Fixa Com Assento E Encosto Em Palhinha;CADEIRA FIXA COM ASSENTO E ENCOSTO EM PALHINHA;358827;Anterior a 2019;PRAE;;Pendente
Cadeira Fixa Com Assento E Encosto Em Palhinha;CADEIRA FIXA COM ASSENTO E ENCOSTO EM PALHINHA;358828;Anterior a 2019;PRAE;;Pendente
Cadeira Fixa Com Assento E Encosto Em Palhinha;CADEIRA FIXA COM ASSENTO E ENCOSTO EM PALHINHA;358829;Anterior a 2019;PRAE;;Pendente
Cadeira Fixa Com Assento E Encosto Em Palhinha;CADEIRA FIXA COM ASSENTO E ENCOSTO EM PALHINHA;358830;Anterior a 2019;PRAE;;Pendente
Cadeira Fixa Com Assento E Encosto Em Palhinha;CADEIRA FIXA COM ASSENTO E ENCOSTO EM PALHINHA;358831;Anterior a 2019;PRAE;;Pendente
Cadeira Fixa Com Assento E Encosto Em Palhinha;CADEIRA FIXA COM ASSENTO E ENCOSTO EM PALHINHA;358832;Anterior a 2019;PRAE;;Pendente
Cadeira Fixa Com Assento E Encosto Em Palhinha;CADEIRA FIXA COM ASSENTO E ENCOSTO EM PALHINHA;358833;Anterior a 2019;PRAE;;Pendente
Cadeira Fixa Com Assento E Encosto Em Palhinha;CADEIRA FIXA COM ASSENTO E ENCOSTO EM PALHINHA;358835;Anterior a 2019;PRAE;;Pendente
Cadeira Fixa Com Assento E Encosto Em Palhinha;CADEIRA FIXA COM ASSENTO E ENCOSTO EM PALHINHA;358836;Anterior a 2019;PRAE;;Pendente
Cadeira Fixa Com Assento E Encosto Em Palhinha;CADEIRA FIXA COM ASSENTO E ENCOSTO EM PALHINHA;358837;Anterior a 2019;PRAE;;Pendente
Cadeira Fixa Com Assento E Encosto Em Palhinha;CADEIRA FIXA COM ASSENTO E ENCOSTO EM PALHINHA;358838;Anterior a 2019;PRAE;;Pendente
Cadeira Fixa Com Assento E Encosto Em Palhinha;CADEIRA FIXA COM ASSENTO E ENCOSTO EM PALHINHA;358839;Anterior a 2019;PRAE;;Pendente
Cadeira Fixa Com Assento E Encosto Em Palhinha;CADEIRA FIXA COM ASSENTO E ENCOSTO EM PALHINHA;358840;Anterior a 2019;PRAE;;Pendente
Cadeira Fixa Com Assento E Encosto Em Palhinha;CADEIRA FIXA COM ASSENTO E ENCOSTO EM PALHINHA;358841;Anterior a 2019;PRAE;;Pendente
Cadeira Fixa Com Assento E Encosto Em Palhinha;CADEIRA FIXA COM ASSENTO E ENCOSTO EM PALHINHA;358842;Anterior a 2019;PRAE;;Pendente
Cadeira Fixa Com Assento E Encosto Em Palhinha;CADEIRA FIXA COM ASSENTO E ENCOSTO EM PALHINHA;358843;Anterior a 2019;PRAE;;Pendente
Cadeira Fixa Com Assento E Encosto Em Palhinha;CADEIRA FIXA COM ASSENTO E ENCOSTO EM PALHINHA;358844;Anterior a 2019;PRAE;;Pendente
Cadeira Fixa Com Assento E Encosto Em Palhinha;CADEIRA FIXA COM ASSENTO E ENCOSTO EM PALHINHA;358845;Anterior a 2019;PRAE;;Pendente
Cadeira Fixa Com Assento E Encosto Em Palhinha;CADEIRA FIXA COM ASSENTO E ENCOSTO EM PALHINHA;358846;Anterior a 2019;PRAE;;Pendente
Cadeira Fixa Com Assento E Encosto Em Palhinha;CADEIRA FIXA COM ASSENTO E ENCOSTO EM PALHINHA;358847;Anterior a 2019;PRAE;;Pendente
Cadeira Fixa Com Assento E Encosto Em Palhinha;CADEIRA FIXA COM ASSENTO E ENCOSTO EM PALHINHA;358848;Anterior a 2019;PRAE;;Pendente
Cadeira Fixa Com Assento E Encosto Em Palhinha;CADEIRA FIXA COM ASSENTO E ENCOSTO EM PALHINHA;358849;Anterior a 2019;PRAE;;Pendente
Cadeira Fixa Com Assento E Encosto Em Palhinha;CADEIRA FIXA COM ASSENTO E ENCOSTO EM PALHINHA;358851;Anterior a 2019;PRAE;;Pendente
Cadeira Fixa Com Assento E Encosto Em Palhinha;CADEIRA FIXA COM ASSENTO E ENCOSTO EM PALHINHA;358852;Anterior a 2019;PRAE;;Pendente
Cadeira Fixa Com Assento E Encosto Em Palhinha;CADEIRA FIXA COM ASSENTO E ENCOSTO EM PALHINHA;358853;Anterior a 2019;PRAE;;Pendente
Cadeira Fixa Com Assento E Encosto Em Palhinha;CADEIRA FIXA COM ASSENTO E ENCOSTO EM PALHINHA;358854;Anterior a 2019;PRAE;;Pendente
Cadeira Fixa Com Assento E Encosto Em Palhinha;CADEIRA FIXA COM ASSENTO E ENCOSTO EM PALHINHA;358855;Anterior a 2019;PRAE;;Pendente
Cadeira Fixa Com Assento E Encosto Em Palhinha;CADEIRA FIXA COM ASSENTO E ENCOSTO EM PALHINHA;358856;Anterior a 2019;PRAE;;Pendente
Cadeira Fixa Com Assento E Encosto Em Palhinha;CADEIRA FIXA COM ASSENTO E ENCOSTO EM PALHINHA;358857;Anterior a 2019;PRAE;;Pendente
Cadeira Fixa Com Assento E Encosto Em Palhinha;CADEIRA FIXA COM ASSENTO E ENCOSTO EM PALHINHA;358858;Anterior a 2019;PRAE;;Pendente
Cadeira Fixa Com Assento E Encosto Em Palhinha;CADEIRA FIXA COM ASSENTO E ENCOSTO EM PALHINHA;358859;Anterior a 2019;PRAE;;Pendente
Cadeira Fixa Com Assento E Encosto Em Palhinha;CADEIRA FIXA COM ASSENTO E ENCOSTO EM PALHINHA;358860;Anterior a 2019;PRAE;;Pendente
Cadeira Fixa Com Assento E Encosto Em Palhinha;CADEIRA FIXA COM ASSENTO E ENCOSTO EM PALHINHA;358861;Anterior a 2019;PRAE;;Pendente
Cadeira Fixa Com Assento E Encosto Em Palhinha;CADEIRA FIXA COM ASSENTO E ENCOSTO EM PALHINHA;358862;Anterior a 2019;PRAE;;Pendente
Cadeira Fixa Com Assento E Encosto Em Palhinha;CADEIRA FIXA COM ASSENTO E ENCOSTO EM PALHINHA;358863;Anterior a 2019;PRAE;;Pendente
Cadeira Fixa Com Assento E Encosto Em Palhinha;CADEIRA FIXA COM ASSENTO E ENCOSTO EM PALHINHA;358864;Anterior a 2019;PRAE;;Pendente
Cadeira Fixa Com Assento E Encosto Em Palhinha;CADEIRA FIXA COM ASSENTO E ENCOSTO EM PALHINHA;358865;Anterior a 2019;PRAE;;Pendente
Cadeira Fixa Com Assento E Encosto Em Palhinha;CADEIRA FIXA COM ASSENTO E ENCOSTO EM PALHINHA;358866;Anterior a 2019;PRAE;;Pendente
Cadeira Fixa Com Assento E Encosto Em Palhinha;CADEIRA FIXA COM ASSENTO E ENCOSTO EM PALHINHA;358867;Anterior a 2019;PRAE;;Pendente
Cadeira Fixa Com Assento E Encosto Em Palhinha;CADEIRA FIXA COM ASSENTO E ENCOSTO EM PALHINHA;358868;Anterior a 2019;PRAE;;Pendente
Cadeira Fixa Com Assento E Encosto Em Palhinha;CADEIRA FIXA COM ASSENTO E ENCOSTO EM PALHINHA;358869;Anterior a 2019;PRAE;;Pendente
Cadeira Fixa Com Assento E Encosto Em Palhinha;CADEIRA FIXA COM ASSENTO E ENCOSTO EM PALHINHA;358870;Anterior a 2019;PRAE;;Pendente
Cadeira Fixa Com Assento E Encosto Em Palhinha;CADEIRA FIXA COM ASSENTO E ENCOSTO EM PALHINHA;358871;Anterior a 2019;PRAE;;Pendente
Cadeira Fixa Com Assento E Encosto Em Palhinha;CADEIRA FIXA COM ASSENTO E ENCOSTO EM PALHINHA;358872;Anterior a 2019;PRAE;;Pendente
Cadeira Fixa Com Assento E Encosto Em Palhinha;CADEIRA FIXA COM ASSENTO E ENCOSTO EM PALHINHA;358873;Anterior a 2019;PRAE;;Pendente
Cadeira Fixa Com Assento E Encosto Em Palhinha;CADEIRA FIXA COM ASSENTO E ENCOSTO EM PALHINHA;358874;Anterior a 2019;PRAE;;Pendente
Cadeira Fixa Com Assento E Encosto Em Palhinha;CADEIRA FIXA COM ASSENTO E ENCOSTO EM PALHINHA;358875;Anterior a 2019;PRAE;;Pendente
Cadeira Fixa Com Assento E Encosto Em Palhinha;CADEIRA FIXA COM ASSENTO E ENCOSTO EM PALHINHA;358876;Anterior a 2019;PRAE;;Pendente
Cadeira Fixa Com Assento E Encosto Em Palhinha;CADEIRA FIXA COM ASSENTO E ENCOSTO EM PALHINHA;358877;Anterior a 2019;PRAE;;Pendente
Cadeira Fixa Com Assento E Encosto Em Palhinha;CADEIRA FIXA COM ASSENTO E ENCOSTO EM PALHINHA;358878;Anterior a 2019;PRAE;;Pendente
Cadeira Fixa Com Assento E Encosto Em Palhinha;CADEIRA FIXA COM ASSENTO E ENCOSTO EM PALHINHA;358879;Anterior a 2019;PRAE;;Pendente
Cadeira Fixa Com Assento E Encosto Em Palhinha;CADEIRA FIXA COM ASSENTO E ENCOSTO EM PALHINHA;358880;Anterior a 2019;PRAE;;Pendente
Cadeira Fixa Com Assento E Encosto Em Palhinha;CADEIRA FIXA COM ASSENTO E ENCOSTO EM PALHINHA;358881;Anterior a 2019;PRAE;;Pendente
Cadeira Fixa Com Assento E Encosto Em Palhinha;CADEIRA FIXA COM ASSENTO E ENCOSTO EM PALHINHA;358882;Anterior a 2019;PRAE;;Pendente
Cadeira Fixa Com Assento E Encosto Em Palhinha;CADEIRA FIXA COM ASSENTO E ENCOSTO EM PALHINHA;358883;Anterior a 2019;PRAE;;Pendente
Cadeira Fixa Com Assento E Encosto Em Palhinha;CADEIRA FIXA COM ASSENTO E ENCOSTO EM PALHINHA;358884;Anterior a 2019;PRAE;;Pendente
Cadeira Fixa Com Assento E Encosto Em Palhinha;CADEIRA FIXA COM ASSENTO E ENCOSTO EM PALHINHA;358885;Anterior a 2019;PRAE;;Pendente
Cadeira Fixa Com Assento E Encosto Em Palhinha;CADEIRA FIXA COM ASSENTO E ENCOSTO EM PALHINHA;358886;Anterior a 2019;PRAE;;Pendente
Cadeira Fixa Com Assento E Encosto Em Palhinha;CADEIRA FIXA COM ASSENTO E ENCOSTO EM PALHINHA;358887;Anterior a 2019;PRAE;;Pendente
Cadeira Fixa Com Assento E Encosto Em Palhinha;CADEIRA FIXA COM ASSENTO E ENCOSTO EM PALHINHA;358888;Anterior a 2019;PRAE;;Pendente
Cadeira Fixa Com Assento E Encosto Em Palhinha;CADEIRA FIXA COM ASSENTO E ENCOSTO EM PALHINHA;358889;Anterior a 2019;PRAE;;Pendente
Cadeira Fixa Com Assento E Encosto Em Palhinha;CADEIRA FIXA COM ASSENTO E ENCOSTO EM PALHINHA;358890;Anterior a 2019;PRAE;;Pendente
Cadeira Fixa Com Assento E Encosto Em Palhinha;CADEIRA FIXA COM ASSENTO E ENCOSTO EM PALHINHA;358891;Anterior a 2019;PRAE;;Pendente
Cadeira Fixa Com Assento E Encosto Em Palhinha;CADEIRA FIXA COM ASSENTO E ENCOSTO EM PALHINHA;358893;Anterior a 2019;PRAE;;Pendente
Cadeira Fixa Com Assento E Encosto Em Palhinha;CADEIRA FIXA COM ASSENTO E ENCOSTO EM PALHINHA;358894;Anterior a 2019;PRAE;;Pendente
Cadeira Fixa Com Assento E Encosto Em Palhinha;CADEIRA FIXA COM ASSENTO E ENCOSTO EM PALHINHA;358896;Anterior a 2019;PRAE;;Pendente
Cadeira Fixa Com Assento E Encosto Em Palhinha;CADEIRA FIXA COM ASSENTO E ENCOSTO EM PALHINHA;358897;Anterior a 2019;PRAE;;Pendente
Cadeira Fixa Com Assento E Encosto Em Palhinha;CADEIRA FIXA COM ASSENTO E ENCOSTO EM PALHINHA;358898;Anterior a 2019;PRAE;;Pendente
Cadeira Fixa Com Assento E Encosto Em Palhinha;CADEIRA FIXA COM ASSENTO E ENCOSTO EM PALHINHA;358899;Anterior a 2019;PRAE;;Pendente
Cadeira Fixa Com Assento E Encosto Em Palhinha;CADEIRA FIXA COM ASSENTO E ENCOSTO EM PALHINHA;358901;Anterior a 2019;PRAE;;Pendente
Cadeira Fixa Com Assento E Encosto Em Palhinha;CADEIRA FIXA COM ASSENTO E ENCOSTO EM PALHINHA;358902;Anterior a 2019;PRAE;;Pendente
Cadeira Fixa Com Assento E Encosto Em Palhinha;CADEIRA FIXA COM ASSENTO E ENCOSTO EM PALHINHA;358903;Anterior a 2019;PRAE;;Pendente
Cadeira Fixa Com Assento E Encosto Em Palhinha;CADEIRA FIXA COM ASSENTO E ENCOSTO EM PALHINHA;358904;Anterior a 2019;PRAE;;Pendente
Cadeira Fixa Com Assento E Encosto Em Palhinha;CADEIRA FIXA COM ASSENTO E ENCOSTO EM PALHINHA;358905;Anterior a 2019;PRAE;;Pendente
Cadeira Fixa Com Assento E Encosto Em Palhinha;CADEIRA FIXA COM ASSENTO E ENCOSTO EM PALHINHA;358906;Anterior a 2019;PRAE;;Pendente
Cadeira Fixa Com Assento E Encosto Em Palhinha;CADEIRA FIXA COM ASSENTO E ENCOSTO EM PALHINHA;358908;Anterior a 2019;PRAE;;Pendente
Cadeira Fixa Com Assento E Encosto Em Palhinha;CADEIRA FIXA COM ASSENTO E ENCOSTO EM PALHINHA;358909;Anterior a 2019;PRAE;;Pendente
Cadeira Fixa Com Assento E Encosto Em Palhinha;CADEIRA FIXA COM ASSENTO E ENCOSTO EM PALHINHA;358910;Anterior a 2019;PRAE;;Pendente
Cadeira Fixa Com Assento E Encosto Em Palhinha;CADEIRA FIXA COM ASSENTO E ENCOSTO EM PALHINHA;358911;Anterior a 2019;PRAE;;Pendente
Cadeira Fixa Com Assento E Encosto Em Palhinha;CADEIRA FIXA COM ASSENTO E ENCOSTO EM PALHINHA;358912;Anterior a 2019;PRAE;;Pendente
Cadeira Fixa Com Assento E Encosto Em Palhinha;CADEIRA FIXA COM ASSENTO E ENCOSTO EM PALHINHA;358913;Anterior a 2019;PRAE;;Pendente
Cadeira Fixa Com Assento E Encosto Em Palhinha;CADEIRA FIXA COM ASSENTO E ENCOSTO EM PALHINHA;358914;Anterior a 2019;PRAE;;Pendente
Cadeira Fixa Com Assento E Encosto Em Palhinha;CADEIRA FIXA COM ASSENTO E ENCOSTO EM PALHINHA;358915;Anterior a 2019;PRAE;;Pendente
Cadeira Fixa Com Assento E Encosto Em Palhinha;CADEIRA FIXA COM ASSENTO E ENCOSTO EM PALHINHA;358916;Anterior a 2019;PRAE;;Pendente
Cadeira Fixa Com Assento E Encosto Em Palhinha;CADEIRA FIXA COM ASSENTO E ENCOSTO EM PALHINHA;358917;Anterior a 2019;PRAE;;Pendente
Cadeira Fixa Com Assento E Encosto Em Palhinha;CADEIRA FIXA COM ASSENTO E ENCOSTO EM PALHINHA;358918;Anterior a 2019;PRAE;;Pendente
Cadeira Fixa Com Assento E Encosto Em Palhinha;CADEIRA FIXA COM ASSENTO E ENCOSTO EM PALHINHA;358919;Anterior a 2019;PRAE;;Pendente
Cadeira Fixa Com Assento E Encosto Em Palhinha;CADEIRA FIXA COM ASSENTO E ENCOSTO EM PALHINHA;358920;Anterior a 2019;PRAE;;Pendente
Cadeira Fixa Com Assento E Encosto Em Palhinha;CADEIRA FIXA COM ASSENTO E ENCOSTO EM PALHINHA;358921;Anterior a 2019;PRAE;;Pendente
Cadeira Fixa Com Assento E Encosto Em Palhinha;CADEIRA FIXA COM ASSENTO E ENCOSTO EM PALHINHA;358923;Anterior a 2019;PRAE;;Pendente
Cadeira Fixa Com Assento E Encosto Em Palhinha;CADEIRA FIXA COM ASSENTO E ENCOSTO EM PALHINHA;358924;Anterior a 2019;PRAE;;Pendente
Cadeira Fixa Com Assento E Encosto Em Palhinha;CADEIRA FIXA COM ASSENTO E ENCOSTO EM PALHINHA;358925;Anterior a 2019;PRAE;;Pendente
Cadeira Fixa Com Assento E Encosto Em Palhinha;CADEIRA FIXA COM ASSENTO E ENCOSTO EM PALHINHA;358926;Anterior a 2019;PRAE;;Pendente
Cadeira Fixa Com Assento E Encosto Em Palhinha;CADEIRA FIXA COM ASSENTO E ENCOSTO EM PALHINHA;358927;Anterior a 2019;PRAE;;Pendente
Cadeira Fixa Com Assento E Encosto Em Palhinha;CADEIRA FIXA COM ASSENTO E ENCOSTO EM PALHINHA;358932;Anterior a 2019;PRAE;;Pendente
Cadeira Fixa Com Assento E Encosto Em Palhinha;CADEIRA FIXA COM ASSENTO E ENCOSTO EM PALHINHA;358933;Anterior a 2019;PRAE;;Pendente
Cadeira Fixa Com Assento E Encosto Em Palhinha;CADEIRA FIXA COM ASSENTO E ENCOSTO EM PALHINHA;358934;Anterior a 2019;PRAE;;Pendente
Cadeira Fixa Com Assento E Encosto Em Palhinha;CADEIRA FIXA COM ASSENTO E ENCOSTO EM PALHINHA;358935;Anterior a 2019;PRAE;;Pendente
Cadeira Fixa Com Assento E Encosto Em Palhinha;CADEIRA FIXA COM ASSENTO E ENCOSTO EM PALHINHA;358936;Anterior a 2019;PRAE;;Pendente
Cadeira Fixa Com Assento E Encosto Em Palhinha;CADEIRA FIXA COM ASSENTO E ENCOSTO EM PALHINHA;358937;Anterior a 2019;PRAE;;Pendente
Cadeira Fixa Com Assento E Encosto Em Palhinha;CADEIRA FIXA COM ASSENTO E ENCOSTO EM PALHINHA;358940;Anterior a 2019;PRAE;;Pendente
Cadeira Fixa Com Assento E Encosto Em Palhinha;CADEIRA FIXA COM ASSENTO E ENCOSTO EM PALHINHA;358941;Anterior a 2019;PRAE;;Pendente
Cadeira Fixa Com Assento E Encosto Em Palhinha;CADEIRA FIXA COM ASSENTO E ENCOSTO EM PALHINHA;358942;Anterior a 2019;PRAE;;Pendente
Cadeira Fixa Com Assento E Encosto Em Palhinha;CADEIRA FIXA COM ASSENTO E ENCOSTO EM PALHINHA;358945;Anterior a 2019;PRAE;;Pendente
Cadeira Fixa Com Assento E Encosto Em Palhinha;CADEIRA FIXA COM ASSENTO E ENCOSTO EM PALHINHA;358946;Anterior a 2019;PRAE;;Pendente
Cadeira Fixa Com Assento E Encosto Em Palhinha;CADEIRA FIXA COM ASSENTO E ENCOSTO EM PALHINHA;358947;Anterior a 2019;PRAE;;Pendente
Cadeira Fixa Com Assento E Encosto Em Palhinha;CADEIRA FIXA COM ASSENTO E ENCOSTO EM PALHINHA;358948;Anterior a 2019;PRAE;;Pendente
Cadeira Fixa Com Assento E Encosto Em Palhinha;CADEIRA FIXA COM ASSENTO E ENCOSTO EM PALHINHA;358950;Anterior a 2019;PRAE;;Pendente
Cadeira Fixa Com Assento E Encosto Em Palhinha;CADEIRA FIXA COM ASSENTO E ENCOSTO EM PALHINHA;358951;Anterior a 2019;PRAE;;Pendente
Cadeira Fixa Com Assento E Encosto Em Palhinha;CADEIRA FIXA COM ASSENTO E ENCOSTO EM PALHINHA;358953;Anterior a 2019;PRAE;;Pendente
Cadeira Fixa Com Assento E Encosto Em Palhinha;CADEIRA FIXA COM ASSENTO E ENCOSTO EM PALHINHA;358955;Anterior a 2019;PRAE;;Pendente
Cadeira Fixa Com Assento E Encosto Em Palhinha;CADEIRA FIXA COM ASSENTO E ENCOSTO EM PALHINHA;358957;Anterior a 2019;PRAE;;Pendente
Cadeira Fixa Com Assento E Encosto Em Palhinha;CADEIRA FIXA COM ASSENTO E ENCOSTO EM PALHINHA;358958;Anterior a 2019;PRAE;;Pendente
Cadeira Fixa Com Assento E Encosto Em Palhinha;CADEIRA FIXA COM ASSENTO E ENCOSTO EM PALHINHA;358959;Anterior a 2019;PRAE;;Pendente
Cadeira Fixa Com Assento E Encosto Em Palhinha;CADEIRA FIXA COM ASSENTO E ENCOSTO EM PALHINHA;358961;Anterior a 2019;PRAE;;Pendente
Cadeira Fixa Com Assento E Encosto Em Palhinha;CADEIRA FIXA COM ASSENTO E ENCOSTO EM PALHINHA;358964;Anterior a 2019;PRAE;;Pendente
Cadeira Fixa Com Assento E Encosto Em Palhinha;CADEIRA FIXA COM ASSENTO E ENCOSTO EM PALHINHA;358965;Anterior a 2019;PRAE;;Pendente
Cadeira Fixa Com Assento E Encosto Em Palhinha;CADEIRA FIXA COM ASSENTO E ENCOSTO EM PALHINHA;358966;Anterior a 2019;PRAE;;Pendente
Cadeira Fixa Com Assento E Encosto Em Palhinha;CADEIRA FIXA COM ASSENTO E ENCOSTO EM PALHINHA;358967;Anterior a 2019;PRAE;;Pendente
Armario De Aco;ARMARIO DE ACO;361849;Anterior a 2019;PRAE;;Pendente
Armario De Aco;ARMARIO DE ACO;361853;Anterior a 2019;PRAE;;Pendente
Armario De Aco;ARMARIO DE ACO;361854;Anterior a 2019;PRAE;;Pendente
Armario De Aco;ARMARIO DE ACO;361855;Anterior a 2019;PRAE;;Pendente
Armario De Aco;ARMARIO DE ACO;361856;Anterior a 2019;PRAE;;Pendente
Fogao 06 Bocas;FOGAO 06 BOCAS;361932;Anterior a 2019;DIBEM;;Pendente
Fogao 06 Bocas;FOGAO 06 BOCAS;361933;Anterior a 2019;DIBEM;;Pendente
Fogao 06 Bocas;FOGAO 06 BOCAS;361934;Anterior a 2019;DIBEM;;Pendente
Fogao 06 Bocas;FOGAO 06 BOCAS;361936;Anterior a 2019;DIBEM;;Pendente
Forno Microondas;FORNO MICROONDAS;361937;Anterior a 2019;DIBEM;;Pendente
Forno Microondas;FORNO MICROONDAS;361941;Anterior a 2019;DIBEM;;Pendente
Mesa Reunião ;MESA REUNIAO;361976;Anterior a 2019;PRAE;;Pendente
Mesa Reunião ;MESA REUNIAO;361977;Anterior a 2019;PRAE;;Pendente
Mesa Reunião ;MESA REUNIAO;361978;Anterior a 2019;PRAE;;Pendente
Mesa Reunião ;MESA REUNIAO;361979;Anterior a 2019;PRAE;;Pendente
Quadro Branco Magnetizado;QUADRO BRANCO MAGNETIZADO;362048;Anterior a 2019;PRAE;;Pendente
Maquina De Lavar Roupa (Uso Domestico);MAQUINA DE LAVAR ROUPA (USO DOMESTICO);362127;Anterior a 2019;DIBEM;;Pendente
Maquina De Lavar Roupa (Uso Domestico);MAQUINA DE LAVAR ROUPA (USO DOMESTICO);362130;Anterior a 2019;DIBEM;;Pendente
Maquina De Lavar Roupa (Uso Domestico);MAQUINA DE LAVAR ROUPA (USO DOMESTICO);362131;Anterior a 2019;DIBEM;;Pendente
Maquina De Lavar Roupa (Uso Domestico);MAQUINA DE LAVAR ROUPA (USO DOMESTICO);362132;Anterior a 2019;DIBEM;;Pendente
Maquina De Lavar Roupa (Uso Domestico);MAQUINA DE LAVAR ROUPA (USO DOMESTICO);362134;Anterior a 2019;DIBEM;;Pendente
Maquina De Lavar Roupa (Uso Domestico);MAQUINA DE LAVAR ROUPA (USO DOMESTICO);362140;Anterior a 2019;DIBEM;;Pendente
Maquina De Lavar Roupa (Uso Domestico);MAQUINA DE LAVAR ROUPA (USO DOMESTICO);362141;Anterior a 2019;DIBEM;;Pendente
Maquina De Lavar Roupa (Uso Domestico);MAQUINA DE LAVAR ROUPA (USO DOMESTICO);362142;Anterior a 2019;DIBEM;;Pendente
Refrigerador ACIMA DE 400L;REFRIGERADOR DOMESTICO COM CAPACIDADE ACIMA DE 400;362203;Anterior a 2019;DIBEM;Residencia 250;Bom
Refrigerador ACIMA DE 400L;REFRIGERADOR DOMESTICO COM CAPACIDADE ACIMA DE 400;362209;Anterior a 2019;DIBEM;Residência 148;Bom
Refrigerador ACIMA DE 400L;REFRIGERADOR DOMESTICO COM CAPACIDADE ACIMA DE 400;362210;Anterior a 2019;DIBEM;;Pendente
Refrigerador ACIMA DE 400L;REFRIGERADOR DOMESTICO COM CAPACIDADE ACIMA DE 400;362212;Anterior a 2019;DIBEM;Residencia 2216;Ruim
Mesa 02;MESA DE MADEIRA COM 02 GAVETAS;362806;Anterior a 2019;CRU;;Pendente
Mesa 02;MESA DE MADEIRA COM 02 GAVETAS;362807;Anterior a 2019;CRU;;Pendente
Ar Condicionado 12.000 BTUs;APARELHO DE AR CONDICIONADO DE 12.000 BTUS;362822;Anterior a 2019;PRAE;;Pendente
Ar Condicionado 12.000 BTUs;APARELHO DE AR CONDICIONADO DE 12.000 BTUS;362823;Anterior a 2019;PRAE;;Pendente
Flanelografo;FLANELOGRAFO;362931;Anterior a 2019;DIBEM;Residência 1601;Bom
Mesa 02;MESA DE MADEIRA COM 02 GAVETAS;362993;Anterior a 2019;DIBEM;;Pendente
Mesa 02;MESA DE MADEIRA COM 02 GAVETAS;362994;Anterior a 2019;DIBEM;;Pendente
Mesa ;MESA DE MADEIRA SEM GAVETA;362995;Anterior a 2019;PRAE;;Pendente
Mesa ;MESA DE MADEIRA SEM GAVETA;362996;Anterior a 2019;PRAE;;Pendente
Mesa 02;MESA DE MADEIRA COM 02 GAVETAS;362997;Anterior a 2019;DIBEM;;Pendente
Mesa 02;MESA DE MADEIRA COM 02 GAVETAS;363062;Anterior a 2019;CRU;;Pendente
Mesa 02;MESA DE MADEIRA COM 02 GAVETAS;363063;Anterior a 2019;CRU;;Pendente
Gaveteiro;GAVETEIRO;363196;Anterior a 2019;PRAE;;Pendente
Gaveteiro;GAVETEIRO;363197;Anterior a 2019;DIBEM;;Pendente
Mesa 04;MESA DE MADEIRA COM 04 GAVETAS;363199;Anterior a 2019;DIBEM;Residencia 433;Bom
Mesa 04;MESA DE MADEIRA COM 04 GAVETAS;363200;Anterior a 2019;PRAE;;Pendente
Mesa 04;MESA DE MADEIRA COM 04 GAVETAS;363201;Anterior a 2019;PRAE;;Pendente
Mesa 04;MESA DE MADEIRA COM 04 GAVETAS;363202;Anterior a 2019;PRAE;;Pendente
Mesa 04;MESA DE MADEIRA COM 04 GAVETAS;363203;Anterior a 2019;PRAE;;Pendente
Equipamento De Videoconferencia;EQUIPAMENTO DE VIDEOCONFERENCIA;363204;Anterior a 2019;DIBEM;;Pendente
"Televisão 47""";TELEVISOR LCD 47 POLEGADAS;363205;Anterior a 2019;DIBEM;;Pendente
Projetor Para Slides;PROJETOR PARA SLIDES;363206;Anterior a 2019;DIBEM;;Pendente
Acessorio De Informatica;ACESSORIO DE INFORMATICA;363207;Anterior a 2019;DIBEM;;Pendente
Armario Com Prateleira;ARMARIO COM PRATELEIRA;363265;Anterior a 2019;CRU;;Pendente
Armario Com Prateleira;ARMARIO COM PRATELEIRA;363266;Anterior a 2019;CRU;;Pendente
Armario Com Prateleira;ARMARIO COM PRATELEIRA;363267;Anterior a 2019;PRAE;;Pendente
Leitor Optico De Codigo De Barras;LEITOR OPTICO DE CODIGO DE BARRAS;363312;Anterior a 2019;PRAE;;Pendente
Leitor Optico De Codigo De Barras;LEITOR OPTICO DE CODIGO DE BARRAS;363313;Anterior a 2019;PRAE;;Pendente
Leitor Optico De Codigo De Barras;LEITOR OPTICO DE CODIGO DE BARRAS;363315;Anterior a 2019;PRAE;;Pendente
Leitor Optico De Codigo De Barras;LEITOR OPTICO DE CODIGO DE BARRAS;363320;Anterior a 2019;CRU;;Pendente
Leitor Optico De Codigo De Barras;LEITOR OPTICO DE CODIGO DE BARRAS;363321;Anterior a 2019;PRAE;;Pendente
Mesa ;MESA DE MADEIRA OVAL;363337;Anterior a 2019;PRAE;;Pendente
Mesa ;MESA DE MADEIRA OVAL;363338;Anterior a 2019;PRAE;;Pendente
Maquina De Lavar Roupa (Uso Domestico);MAQUINA DE LAVAR ROUPA (USO DOMESTICO);363373;Anterior a 2019;DIBEM;;Pendente
Maquina De Lavar Roupa (Uso Domestico);MAQUINA DE LAVAR ROUPA (USO DOMESTICO);363374;Anterior a 2019;DIBEM;;Pendente
Maquina De Lavar Roupa (Uso Domestico);MAQUINA DE LAVAR ROUPA (USO DOMESTICO);363375;Anterior a 2019;DIBEM;;Pendente
Gaveteiro;GAVETEIRO;363617;Anterior a 2019;PRAE;;Pendente
Bebedouro Eletrico Com Torneiras Para Garrafao;BEBEDOURO ELETRICO COM TORNEIRAS PARA GARRAFAO;363729;Anterior a 2019;CAME;;Pendente
Bebedouro Eletrico Com Torneiras Para Garrafao;BEBEDOURO ELETRICO COM TORNEIRAS PARA GARRAFAO;363898;Anterior a 2019;PRAE;;Pendente
Gravador Leitor De Eprom Acoplado A Computador - C;GRAVADOR LEITOR DE EPROM ACOPLADO A COMPUTADOR - C;364372;Anterior a 2019;CAF;;Pendente
Cadeira Com Assento E Encosto Em Polipropileno E E;CADEIRA COM ASSENTO E ENCOSTO EM POLIPROPILENO E E;365133;Anterior a 2019;PRAE;;Pendente
Cadeira Com Assento E Encosto Em Polipropileno E E;CADEIRA COM ASSENTO E ENCOSTO EM POLIPROPILENO E E;365134;Anterior a 2019;PRAE;;Pendente
Cadeira Giratoria Com Assento E Encosto Estofados;CADEIRA GIRATORIA COM ASSENTO E ENCOSTO ESTOFADOS;365138;Anterior a 2019;CRU;;Pendente
Cadeira Fixa Com Assento E Encosto Em Palhinha;CADEIRA FIXA COM ASSENTO E ENCOSTO EM PALHINHA;365434;Anterior a 2019;PRAE;Residência 148;Bom
Sofa De 01 Lugar;SOFA DE 01 LUGAR;365511;Anterior a 2019;PRAE;;Pendente
Sofa De 01 Lugar;SOFA DE 01 LUGAR;365512;Anterior a 2019;PRAE;;Pendente
Cadeira De Madeira Com Assento E Encosto Anatomico;CADEIRA DE MADEIRA COM ASSENTO E ENCOSTO ANATOMICO;365579;Anterior a 2019;PRAE;;Pendente
Cadeira De Madeira Com Assento E Encosto Anatomico;CADEIRA DE MADEIRA COM ASSENTO E ENCOSTO ANATOMICO;365596;Anterior a 2019;CRU;;Pendente
Cadeira De Madeira Com Assento E Encosto Anatomico;CADEIRA DE MADEIRA COM ASSENTO E ENCOSTO ANATOMICO;365597;Anterior a 2019;CRU;;Pendente
Cadeira Fixa Com Assento E Encosto Estofados;CADEIRA FIXA COM ASSENTO E ENCOSTO ESTOFADOS;365604;Anterior a 2019;PRAE;;Pendente
Cadeira Fixa Com Assento E Encosto Estofados;CADEIRA FIXA COM ASSENTO E ENCOSTO ESTOFADOS;365605;Anterior a 2019;PRAE;Residencia 2133;Ruim
Cadeira Fixa Com Assento E Encosto Estofados;CADEIRA FIXA COM ASSENTO E ENCOSTO ESTOFADOS;365606;Anterior a 2019;CRU;;Pendente
Cadeira Fixa Com Assento E Encosto Estofados;CADEIRA FIXA COM ASSENTO E ENCOSTO ESTOFADOS;365607;Anterior a 2019;PRAE;;Pendente
Gravador Leitor De Eprom Acoplado A Computador - C;GRAVADOR LEITOR DE EPROM ACOPLADO A COMPUTADOR - C;365968;Anterior a 2019;CRU;;Pendente
Bebedouro Eletrico Com Torneira Para Copo E Uma Pa;BEBEDOURO ELETRICO COM TORNEIRA PARA COPO E UMA PA;366366;Anterior a 2019;CASE;;Pendente
Bebedouro Eletrico Com Torneira Para Copo E Uma Pa;BEBEDOURO ELETRICO COM TORNEIRA PARA COPO E UMA PA;366367;Anterior a 2019;DIBEM;;Pendente
Ar Condicionado 30.000 BTUs;AIR SPLIT DE 30.000 BTUS;369745;Anterior a 2019;PRAE;;Pendente
Fogao Domestico A Gas Liquefeito De Petroleo Com 0;FOGAO DOMESTICO A GAS LIQUEFEITO DE PETROLEO COM 0;370536;Anterior a 2019;DIBEM;;Pendente
Ar Condicionado 36.000 BTUs;AIR SPLIT DE 36.000 BTUS;370827;Anterior a 2019;PRAE;;Pendente
Ar Condicionado 36.000 BTUs;AIR SPLIT DE 36.000 BTUS;370828;Anterior a 2019;PRAE;;Pendente
Computador (Desktop);UNIDADE DE PROCESSAMENTO CENTRAL - COMPUTADOR -;371243;Anterior a 2019;PRAE;;Pendente
Computador (Desktop);UNIDADE DE PROCESSAMENTO CENTRAL - COMPUTADOR -;371244;Anterior a 2019;PRAE;;Pendente
Estante De Aco Aberta Com Prateleiras;ESTANTE DE ACO ABERTA COM PRATELEIRAS;371323;Anterior a 2019;PRAE;;Pendente
Estante De Aco Aberta Com Prateleiras;ESTANTE DE ACO ABERTA COM PRATELEIRAS;371324;Anterior a 2019;PRAE;;Pendente
Estante De Aco Aberta Com Prateleiras;ESTANTE DE ACO ABERTA COM PRATELEIRAS;371325;Anterior a 2019;PRAE;;Pendente
Estante De Aco Aberta Com Prateleiras;ESTANTE DE ACO ABERTA COM PRATELEIRAS;371326;Anterior a 2019;PRAE;;Pendente
Estante De Aco Aberta Com Prateleiras;ESTANTE DE ACO ABERTA COM PRATELEIRAS;371327;Anterior a 2019;PRAE;;Pendente
Estante De Aco Aberta Com Prateleiras;ESTANTE DE ACO ABERTA COM PRATELEIRAS;371328;Anterior a 2019;PRAE;;Pendente
Estante De Aco Aberta Com Prateleiras;ESTANTE DE ACO ABERTA COM PRATELEIRAS;371329;Anterior a 2019;PRAE;Residencia 125;Bom
Estante De Aco Aberta Com Prateleiras;ESTANTE DE ACO ABERTA COM PRATELEIRAS;371330;Anterior a 2019;PRAE;;Pendente
Estante De Aco Aberta Com Prateleiras;ESTANTE DE ACO ABERTA COM PRATELEIRAS;371331;Anterior a 2019;PRAE;;Pendente
Estante De Aco Aberta Com Prateleiras;ESTANTE DE ACO ABERTA COM PRATELEIRAS;371332;Anterior a 2019;PRAE;;Pendente
Estante De Aco Aberta Com Prateleiras;ESTANTE DE ACO ABERTA COM PRATELEIRAS;371333;Anterior a 2019;PRAE;;Pendente
Estante De Aco Aberta Com Prateleiras;ESTANTE DE ACO ABERTA COM PRATELEIRAS;371334;Anterior a 2019;PRAE;;Pendente
Estante De Aco Aberta Com Prateleiras;ESTANTE DE ACO ABERTA COM PRATELEIRAS;371335;Anterior a 2019;PRAE;;Pendente
Estante De Aco Aberta Com Prateleiras;ESTANTE DE ACO ABERTA COM PRATELEIRAS;371336;Anterior a 2019;PRAE;;Pendente
Estante De Aco Aberta Com Prateleiras;ESTANTE DE ACO ABERTA COM PRATELEIRAS;371337;Anterior a 2019;PRAE;;Pendente
Estante De Aco Aberta Com Prateleiras;ESTANTE DE ACO ABERTA COM PRATELEIRAS;371338;Anterior a 2019;PRAE;;Pendente
Estante De Aco Aberta Com Prateleiras;ESTANTE DE ACO ABERTA COM PRATELEIRAS;371339;Anterior a 2019;PRAE;;Pendente
Estante De Aco Aberta Com Prateleiras;ESTANTE DE ACO ABERTA COM PRATELEIRAS;371340;Anterior a 2019;PRAE;;Pendente
Estante De Aco Aberta Com Prateleiras;ESTANTE DE ACO ABERTA COM PRATELEIRAS;371341;Anterior a 2019;PRAE;;Pendente
Estante De Aco Aberta Com Prateleiras;ESTANTE DE ACO ABERTA COM PRATELEIRAS;371342;Anterior a 2019;PRAE;;Pendente
Estante De Aco Aberta Com Prateleiras;ESTANTE DE ACO ABERTA COM PRATELEIRAS;371343;Anterior a 2019;PRAE;Residência 148;Bom
Estante De Aco Aberta Com Prateleiras;ESTANTE DE ACO ABERTA COM PRATELEIRAS;371344;Anterior a 2019;PRAE;;Pendente
Estante De Aco Aberta Com Prateleiras;ESTANTE DE ACO ABERTA COM PRATELEIRAS;371345;Anterior a 2019;PRAE;;Pendente
Estante De Aco Aberta Com Prateleiras;ESTANTE DE ACO ABERTA COM PRATELEIRAS;371346;Anterior a 2019;PRAE;Residência 148;Ruim
Estante De Aco Aberta Com Prateleiras;ESTANTE DE ACO ABERTA COM PRATELEIRAS;371347;Anterior a 2019;PRAE;Residência 148;Bom
Estante De Aco Aberta Com Prateleiras;ESTANTE DE ACO ABERTA COM PRATELEIRAS;371348;Anterior a 2019;PRAE;;Pendente
Estante De Aco Aberta Com Prateleiras;ESTANTE DE ACO ABERTA COM PRATELEIRAS;371349;Anterior a 2019;PRAE;Residencia 250;Bom
Estante De Aco Aberta Com Prateleiras;ESTANTE DE ACO ABERTA COM PRATELEIRAS;371350;Anterior a 2019;PRAE;Residencia 250;Bom
Estante De Aco Aberta Com Prateleiras;ESTANTE DE ACO ABERTA COM PRATELEIRAS;371351;Anterior a 2019;PRAE;;Pendente
Estante De Aco Aberta Com Prateleiras;ESTANTE DE ACO ABERTA COM PRATELEIRAS;371352;Anterior a 2019;PRAE;;Pendente
Estante De Aco Aberta Com Prateleiras;ESTANTE DE ACO ABERTA COM PRATELEIRAS;371353;Anterior a 2019;PRAE;Residencia 250;Bom
Estante De Aco Aberta Com Prateleiras;ESTANTE DE ACO ABERTA COM PRATELEIRAS;371354;Anterior a 2019;PRAE;;Pendente
Estante De Aco Aberta Com Prateleiras;ESTANTE DE ACO ABERTA COM PRATELEIRAS;371355;Anterior a 2019;PRAE;;Pendente
Estante De Aco Aberta Com Prateleiras;ESTANTE DE ACO ABERTA COM PRATELEIRAS;371356;Anterior a 2019;PRAE;;Pendente
Estante De Aco Aberta Com Prateleiras;ESTANTE DE ACO ABERTA COM PRATELEIRAS;371357;Anterior a 2019;PRAE;;Pendente
Estante De Aco Aberta Com Prateleiras;ESTANTE DE ACO ABERTA COM PRATELEIRAS;371358;Anterior a 2019;PRAE;;Pendente
Estante De Aco Aberta Com Prateleiras;ESTANTE DE ACO ABERTA COM PRATELEIRAS;371359;Anterior a 2019;PRAE;;Pendente
Estante De Aco Aberta Com Prateleiras;ESTANTE DE ACO ABERTA COM PRATELEIRAS;371360;Anterior a 2019;PRAE;;Pendente
Estante De Aco Aberta Com Prateleiras;ESTANTE DE ACO ABERTA COM PRATELEIRAS;371361;Anterior a 2019;PRAE;;Pendente
Estante De Aco Aberta Com Prateleiras;ESTANTE DE ACO ABERTA COM PRATELEIRAS;371362;Anterior a 2019;PRAE;;Pendente
Estante De Aco Aberta Com Prateleiras;ESTANTE DE ACO ABERTA COM PRATELEIRAS;371363;Anterior a 2019;PRAE;;Pendente
Estante De Aco Aberta Com Prateleiras;ESTANTE DE ACO ABERTA COM PRATELEIRAS;371364;Anterior a 2019;PRAE;;Pendente
Estante De Aco Aberta Com Prateleiras;ESTANTE DE ACO ABERTA COM PRATELEIRAS;371365;Anterior a 2019;PRAE;;Pendente
Estante De Aco Aberta Com Prateleiras;ESTANTE DE ACO ABERTA COM PRATELEIRAS;371366;Anterior a 2019;PRAE;;Pendente
Estante De Aco Aberta Com Prateleiras;ESTANTE DE ACO ABERTA COM PRATELEIRAS;371367;Anterior a 2019;PRAE;;Pendente
Estante De Aco Aberta Com Prateleiras;ESTANTE DE ACO ABERTA COM PRATELEIRAS;371368;Anterior a 2019;PRAE;;Pendente
Estante De Aco Aberta Com Prateleiras;ESTANTE DE ACO ABERTA COM PRATELEIRAS;371370;Anterior a 2019;PRAE;;Pendente
Estante De Aco Aberta Com Prateleiras;ESTANTE DE ACO ABERTA COM PRATELEIRAS;371371;Anterior a 2019;PRAE;;Pendente
Estante De Aco Aberta Com Prateleiras;ESTANTE DE ACO ABERTA COM PRATELEIRAS;371372;Anterior a 2019;PRAE;;Pendente
Estante De Aco Aberta Com Prateleiras;ESTANTE DE ACO ABERTA COM PRATELEIRAS;371373;Anterior a 2019;PRAE;;Pendente
Estante De Aco Aberta Com Prateleiras;ESTANTE DE ACO ABERTA COM PRATELEIRAS;371374;Anterior a 2019;PRAE;;Pendente
Estante De Aco Aberta Com Prateleiras;ESTANTE DE ACO ABERTA COM PRATELEIRAS;371375;Anterior a 2019;PRAE;;Pendente
Estante De Aco Aberta Com Prateleiras;ESTANTE DE ACO ABERTA COM PRATELEIRAS;371376;Anterior a 2019;PRAE;;Pendente
Estante De Aco Aberta Com Prateleiras;ESTANTE DE ACO ABERTA COM PRATELEIRAS;371377;Anterior a 2019;PRAE;;Pendente
Estante De Aco Aberta Com Prateleiras;ESTANTE DE ACO ABERTA COM PRATELEIRAS;371378;Anterior a 2019;PRAE;;Pendente
Estante De Aco Aberta Com Prateleiras;ESTANTE DE ACO ABERTA COM PRATELEIRAS;371379;Anterior a 2019;PRAE;;Pendente
Estante De Aco Aberta Com Prateleiras;ESTANTE DE ACO ABERTA COM PRATELEIRAS;371380;Anterior a 2019;DIBEM;;Pendente
Estante De Aco Aberta Com Prateleiras;ESTANTE DE ACO ABERTA COM PRATELEIRAS;371381;Anterior a 2019;PRAE;;Pendente
Estante De Aco Aberta Com Prateleiras;ESTANTE DE ACO ABERTA COM PRATELEIRAS;371383;Anterior a 2019;PRAE;;Pendente
Estante De Aco Aberta Com Prateleiras;ESTANTE DE ACO ABERTA COM PRATELEIRAS;371384;Anterior a 2019;PRAE;;Pendente
Estante De Aco Aberta Com Prateleiras;ESTANTE DE ACO ABERTA COM PRATELEIRAS;371385;Anterior a 2019;PRAE;;Pendente
Estante De Aco Aberta Com Prateleiras;ESTANTE DE ACO ABERTA COM PRATELEIRAS;371386;Anterior a 2019;PRAE;;Pendente
Estante De Aco Aberta Com Prateleiras;ESTANTE DE ACO ABERTA COM PRATELEIRAS;371387;Anterior a 2019;PRAE;;Pendente
Estante De Aco Aberta Com Prateleiras;ESTANTE DE ACO ABERTA COM PRATELEIRAS;371388;Anterior a 2019;PRAE;;Pendente
Estante De Aco Aberta Com Prateleiras;ESTANTE DE ACO ABERTA COM PRATELEIRAS;371389;Anterior a 2019;PRAE;;Pendente
Estante De Aco Aberta Com Prateleiras;ESTANTE DE ACO ABERTA COM PRATELEIRAS;371391;Anterior a 2019;PRAE;;Pendente
Estante De Aco Aberta Com Prateleiras;ESTANTE DE ACO ABERTA COM PRATELEIRAS;371392;Anterior a 2019;DIBEM;;Pendente
Estante De Aco Aberta Com Prateleiras;ESTANTE DE ACO ABERTA COM PRATELEIRAS;371393;Anterior a 2019;DIBEM;;Pendente
Estante De Aco Aberta Com Prateleiras;ESTANTE DE ACO ABERTA COM PRATELEIRAS;371394;Anterior a 2019;DIBEM;;Pendente
Estante De Aco Aberta Com Prateleiras;ESTANTE DE ACO ABERTA COM PRATELEIRAS;371395;Anterior a 2019;DIBEM;;Pendente
Estante De Aco Aberta Com Prateleiras;ESTANTE DE ACO ABERTA COM PRATELEIRAS;371396;Anterior a 2019;PRAE;;Pendente
Estante De Aco Aberta Com Prateleiras;ESTANTE DE ACO ABERTA COM PRATELEIRAS;371397;Anterior a 2019;PRAE;;Pendente
Estante De Aco Aberta Com Prateleiras;ESTANTE DE ACO ABERTA COM PRATELEIRAS;371398;Anterior a 2019;PRAE;;Pendente
Estante De Aco Aberta Com Prateleiras;ESTANTE DE ACO ABERTA COM PRATELEIRAS;371399;Anterior a 2019;PRAE;;Pendente
Estante De Aco Aberta Com Prateleiras;ESTANTE DE ACO ABERTA COM PRATELEIRAS;371400;Anterior a 2019;PRAE;;Pendente
Estante De Aco Aberta Com Prateleiras;ESTANTE DE ACO ABERTA COM PRATELEIRAS;371402;Anterior a 2019;PRAE;;Pendente
Estante De Aco Aberta Com Prateleiras;ESTANTE DE ACO ABERTA COM PRATELEIRAS;371403;Anterior a 2019;PRAE;;Pendente
Estante De Aco Aberta Com Prateleiras;ESTANTE DE ACO ABERTA COM PRATELEIRAS;371404;Anterior a 2019;PRAE;;Pendente
Estante De Aco Aberta Com Prateleiras;ESTANTE DE ACO ABERTA COM PRATELEIRAS;371405;Anterior a 2019;PRAE;;Pendente
Estante De Aco Aberta Com Prateleiras;ESTANTE DE ACO ABERTA COM PRATELEIRAS;371406;Anterior a 2019;PRAE;;Pendente
Estante De Aco Aberta Com Prateleiras;ESTANTE DE ACO ABERTA COM PRATELEIRAS;371407;Anterior a 2019;PRAE;;Pendente
Estante De Aco Aberta Com Prateleiras;ESTANTE DE ACO ABERTA COM PRATELEIRAS;371408;Anterior a 2019;PRAE;;Pendente
Estante De Aco Aberta Com Prateleiras;ESTANTE DE ACO ABERTA COM PRATELEIRAS;371409;Anterior a 2019;PRAE;;Pendente
Estante De Aco Aberta Com Prateleiras;ESTANTE DE ACO ABERTA COM PRATELEIRAS;371410;Anterior a 2019;PRAE;;Pendente
Estante De Aco Aberta Com Prateleiras;ESTANTE DE ACO ABERTA COM PRATELEIRAS;371411;Anterior a 2019;PRAE;;Pendente
Estante De Aco Aberta Com Prateleiras;ESTANTE DE ACO ABERTA COM PRATELEIRAS;371412;Anterior a 2019;PRAE;;Pendente
Estante De Aco Aberta Com Prateleiras;ESTANTE DE ACO ABERTA COM PRATELEIRAS;371413;Anterior a 2019;PRAE;;Pendente
Estante De Aco Aberta Com Prateleiras;ESTANTE DE ACO ABERTA COM PRATELEIRAS;371414;Anterior a 2019;PRAE;;Pendente
Estante De Aco Aberta Com Prateleiras;ESTANTE DE ACO ABERTA COM PRATELEIRAS;371415;Anterior a 2019;PRAE;;Pendente
Estante De Aco Aberta Com Prateleiras;ESTANTE DE ACO ABERTA COM PRATELEIRAS;371416;Anterior a 2019;PRAE;;Pendente
Estante De Aco Aberta Com Prateleiras;ESTANTE DE ACO ABERTA COM PRATELEIRAS;371417;Anterior a 2019;PRAE;;Pendente
Estante De Aco Aberta Com Prateleiras;ESTANTE DE ACO ABERTA COM PRATELEIRAS;371418;Anterior a 2019;PRAE;;Pendente
Estante De Aco Aberta Com Prateleiras;ESTANTE DE ACO ABERTA COM PRATELEIRAS;371419;Anterior a 2019;PRAE;;Pendente
Estante De Aco Aberta Com Prateleiras;ESTANTE DE ACO ABERTA COM PRATELEIRAS;371420;Anterior a 2019;PRAE;;Pendente
Estante De Aco Aberta Com Prateleiras;ESTANTE DE ACO ABERTA COM PRATELEIRAS;371421;Anterior a 2019;PRAE;;Pendente
Estante De Aco Aberta Com Prateleiras;ESTANTE DE ACO ABERTA COM PRATELEIRAS;371422;Anterior a 2019;PRAE;;Pendente
Estante De Aco Aberta Com Prateleiras;ESTANTE DE ACO ABERTA COM PRATELEIRAS;371423;Anterior a 2019;PRAE;;Pendente
Estante De Aco Aberta Com Prateleiras;ESTANTE DE ACO ABERTA COM PRATELEIRAS;371424;Anterior a 2019;PRAE;;Pendente
Estante De Aco Aberta Com Prateleiras;ESTANTE DE ACO ABERTA COM PRATELEIRAS;371431;Anterior a 2019;PRAE;Residência 1601;Bom
Estante De Aco Aberta Com Prateleiras;ESTANTE DE ACO ABERTA COM PRATELEIRAS;371432;Anterior a 2019;PRAE;Residência 1601;Bom
Estante De Aco Aberta Com Prateleiras;ESTANTE DE ACO ABERTA COM PRATELEIRAS;371433;Anterior a 2019;PRAE;Residência 1601;Bom
Estante De Aco Aberta Com Prateleiras;ESTANTE DE ACO ABERTA COM PRATELEIRAS;371434;Anterior a 2019;PRAE;Residência 1601;Bom
Estante De Aco Aberta Com Prateleiras;ESTANTE DE ACO ABERTA COM PRATELEIRAS;371435;Anterior a 2019;PRAE;Residência 1601;Bom
Estante De Aco Aberta Com Prateleiras;ESTANTE DE ACO ABERTA COM PRATELEIRAS;371436;Anterior a 2019;PRAE;;Pendente
Estante De Aco Aberta Com Prateleiras;ESTANTE DE ACO ABERTA COM PRATELEIRAS;371437;Anterior a 2019;PRAE;Residencia 2133;Bom
Estante De Aco Aberta Com Prateleiras;ESTANTE DE ACO ABERTA COM PRATELEIRAS;371438;Anterior a 2019;PRAE;Residencia 2133;Bom
Estante De Aco Aberta Com Prateleiras;ESTANTE DE ACO ABERTA COM PRATELEIRAS;371439;Anterior a 2019;PRAE;Residencia 2133;Bom
Estante De Aco Aberta Com Prateleiras;ESTANTE DE ACO ABERTA COM PRATELEIRAS;371440;Anterior a 2019;PRAE;;Pendente
Estante De Aco Aberta Com Prateleiras;ESTANTE DE ACO ABERTA COM PRATELEIRAS;371441;Anterior a 2019;PRAE;;Pendente
Estante De Aco Aberta Com Prateleiras;ESTANTE DE ACO ABERTA COM PRATELEIRAS;371442;Anterior a 2019;PRAE;Residencia 2133;Bom
Estante De Aco Aberta Com Prateleiras;ESTANTE DE ACO ABERTA COM PRATELEIRAS;371443;Anterior a 2019;PRAE;;Pendente
Estante De Aco Aberta Com Prateleiras;ESTANTE DE ACO ABERTA COM PRATELEIRAS;371444;Anterior a 2019;PRAE;;Pendente
Estante De Aco Aberta Com Prateleiras;ESTANTE DE ACO ABERTA COM PRATELEIRAS;371445;Anterior a 2019;PRAE;Residencia 2133;Bom
Estante De Aco Aberta Com Prateleiras;ESTANTE DE ACO ABERTA COM PRATELEIRAS;371446;Anterior a 2019;PRAE;;Pendente
Estante De Aco Aberta Com Prateleiras;ESTANTE DE ACO ABERTA COM PRATELEIRAS;371447;Anterior a 2019;PRAE;Residencia 2216;Bom
Estante De Aco Aberta Com Prateleiras;ESTANTE DE ACO ABERTA COM PRATELEIRAS;371448;Anterior a 2019;PRAE;Residencia 2216;Bom
Estante De Aco Aberta Com Prateleiras;ESTANTE DE ACO ABERTA COM PRATELEIRAS;371449;Anterior a 2019;PRAE;Residencia 2216;Bom
Estante De Aco Aberta Com Prateleiras;ESTANTE DE ACO ABERTA COM PRATELEIRAS;371450;Anterior a 2019;PRAE;Residencia 2216;Bom
Estante De Aco Aberta Com Prateleiras;ESTANTE DE ACO ABERTA COM PRATELEIRAS;371451;Anterior a 2019;PRAE;Residencia 2216;Bom
Estante De Aco Aberta Com Prateleiras;ESTANTE DE ACO ABERTA COM PRATELEIRAS;371452;Anterior a 2019;PRAE;;Pendente
Estante De Aco Aberta Com Prateleiras;ESTANTE DE ACO ABERTA COM PRATELEIRAS;371453;Anterior a 2019;PRAE;;Pendente
Estante De Aco Aberta Com Prateleiras;ESTANTE DE ACO ABERTA COM PRATELEIRAS;371454;Anterior a 2019;PRAE;;Pendente
Estante De Aco Aberta Com Prateleiras;ESTANTE DE ACO ABERTA COM PRATELEIRAS;371455;Anterior a 2019;PRAE;;Pendente
Estante De Aco Aberta Com Prateleiras;ESTANTE DE ACO ABERTA COM PRATELEIRAS;371456;Anterior a 2019;PRAE;;Pendente
Estante De Aco Aberta Com Prateleiras;ESTANTE DE ACO ABERTA COM PRATELEIRAS;371457;Anterior a 2019;PRAE;;Pendente
Estante De Aco Aberta Com Prateleiras;ESTANTE DE ACO ABERTA COM PRATELEIRAS;371458;Anterior a 2019;PRAE;;Pendente
Estante De Aco Aberta Com Prateleiras;ESTANTE DE ACO ABERTA COM PRATELEIRAS;371459;Anterior a 2019;PRAE;;Pendente
Switch;SWITCH;371791;Anterior a 2019;PRAE;;Pendente
"Televisão 50""";TELEVISOR LED 50;379346;Anterior a 2019;PRAE;;Pendente
Central Telefonica;CENTRAL TELEFONICA;379538;Anterior a 2019;PRAE;;Pendente
Central Telefonica;CENTRAL TELEFONICA;379539;Anterior a 2019;PRAE;;Pendente
Central Telefonica;CENTRAL TELEFONICA;379652;Anterior a 2019;CAME;;Pendente
Central Telefonica;CENTRAL TELEFONICA;379653;Anterior a 2019;CAME;;Pendente
"Televisão 55""";TELEVISOR LED 55';380106;Anterior a 2019;DIBEM;;Pendente
Ventilador De Parede;VENTILADOR DE PAREDE;380343;Anterior a 2019;PRAE;;Pendente
Ventilador De Parede;VENTILADOR DE PAREDE;380344;Anterior a 2019;PRAE;;Pendente
Ventilador De Parede;VENTILADOR DE PAREDE;380345;Anterior a 2019;PRAE;;Pendente
Ventilador De Parede;VENTILADOR DE PAREDE;380348;Anterior a 2019;PRAE;;Pendente
Computador (Desktop);PROCESSADOR DE DADOS;380866;Anterior a 2019;PRAE;;Pendente
Computador (Desktop);PROCESSADOR DE DADOS;380867;Anterior a 2019;PRAE;;Pendente
Ar Condicionado 9.000 BTUs;AIR SPLIT DE 9.000 BTUS;380983;Anterior a 2019;PRAE;;Pendente
Ar Condicionado 9.000 BTUs;AIR SPLIT DE 9.000 BTUS;380984;Anterior a 2019;PRAE;;Pendente
Ar Condicionado 9.000 BTUs;AIR SPLIT DE 9.000 BTUS;380985;Anterior a 2019;PRAE;;Pendente
Cadeira Para Auditorio Com Assento E Encosto Em Po;CADEIRA PARA AUDITORIO COM ASSENTO E ENCOSTO EM PO;398632;Anterior a 2019;DIBEM;;Pendente
Cadeira De Ferro;CADEIRA DE FERRO;595933;Anterior a 2019;DIBEM;;Pendente
Micro Motor Odontologico Para Baixa Rotacao;MICRO MOTOR ODONTOLOGICO PARA BAIXA ROTACAO;601387;Anterior a 2019;CAME;;Pendente
Mesa 03;MESA DE MADEIRA COM 03 GAVETAS;801091;Anterior a 2019;DIBEM;;Pendente
Ilha Estação De Trabalho Em Madeira;ILHA ESTAÇÃO DE TRABALHO EM MADEIRA;801357;Anterior a 2019;DIBEM;;Pendente
Estante De Aco Aberta Com Prateleiras;ESTANTE DE ACO ABERTA COM PRATELEIRAS;801786;Anterior a 2019;DIBEM;;Pendente
Mesa 02;MESA DE MADEIRA COM 02 GAVETAS;802087;Anterior a 2019;PRAE;;Pendente
Ilha Estação De Trabalho Em Madeira;ILHA ESTAÇÃO DE TRABALHO EM MADEIRA;802095;Anterior a 2019;PRAE;;Pendente
Estante De Aco Aberta Com Prateleiras;ESTANTE DE ACO ABERTA COM PRATELEIRAS;802097;Anterior a 2019;PRAE;;Pendente
Gaveteiro;GAVETEIRO;802098;Anterior a 2019;PRAE;;Pendente
Armario Baixo;ARMARIO BAIXO;802099;Anterior a 2019;PRAE;;Pendente
Armario De Madeira Com Portas De Abrir;ARMARIO DE MADEIRA COM PORTAS DE ABRIR;802100;Anterior a 2019;PRAE;;Pendente
Cadeira Fixa Com Assento E Encosto Estofados;CADEIRA FIXA COM ASSENTO E ENCOSTO ESTOFADOS;802274;Anterior a 2019;PRAE;;Pendente
Fogao Domestico A Gas Liquefeito De Petroleo Com 0;FOGAO DOMESTICO A GAS LIQUEFEITO DE PETROLEO COM 0;802279;Anterior a 2019;PRAE;;Pendente
Cadeira Giratoria Com Assento E Encosto Estofados;CADEIRA GIRATORIA COM ASSENTO E ENCOSTO ESTOFADOS;802407;Anterior a 2019;PRAE;;Pendente
Rack Para Som;RACK PARA SOM;803029;Anterior a 2019;DIBEM;;Pendente
Cadeira Fixa Com Assento E Encosto Estofados;CADEIRA FIXA COM ASSENTO E ENCOSTO ESTOFADOS;803030;Anterior a 2019;DIBEM;;Pendente
Quadro Negro De Madeira Para Sala De Aula;QUADRO NEGRO DE MADEIRA PARA SALA DE AULA;803145;Anterior a 2019;PRAE;;Pendente
Mesa Angular ;MESA RETANGULAR DE MADEIRA PARA REUNIAO;803147;Anterior a 2019;PRAE;;Pendente
Mesa Angular ;MESA RETANGULAR DE MADEIRA PARA REUNIAO;803148;Anterior a 2019;PRAE;;Pendente
Mesa 02;MESA DE MADEIRA COM 02 GAVETAS;803150;Anterior a 2019;PRAE;;Pendente
Cadeira Estofada Modelo Diretor Com Braços;CADEIRA ESTOFADA MODELO DIRETOR COM BRAÇOS;803757;Anterior a 2019;PRAE;;Pendente
Cadeira Giratoria Com Rodizios, Assento E Encosto;CADEIRA GIRATORIA COM RODIZIOS, ASSENTO E ENCOSTO;803761;Anterior a 2019;PRAE;;Pendente
Cadeira Giratoria Com Rodizios, Assento E Encosto;CADEIRA GIRATORIA COM RODIZIOS, ASSENTO E ENCOSTO;803762;Anterior a 2019;PRAE;;Pendente
Cadeira Giratoria Com Rodizios, Assento E Encosto;CADEIRA GIRATORIA COM RODIZIOS, ASSENTO E ENCOSTO;803780;Anterior a 2019;PRAE;Residência 1601;Bom
Cadeira Giratoria Com Assento E Encosto Estofados;CADEIRA GIRATORIA COM ASSENTO E ENCOSTO ESTOFADOS;803953;Anterior a 2019;PRAE;Residência 148;Bom
Banco Individual De Madeira;BANCO INDIVIDUAL DE MADEIRA;803963;Anterior a 2019;CAME;;Pendente
Maquina Seladora;MAQUINA SELADORA;803971;Anterior a 2019;CAME;;Pendente
Refrigerador;REFRIGERADOR DOMESTICO;803972;Anterior a 2019;CAME;;Pendente
Armario De Madeira Com Portas De Abrir;ARMARIO DE MADEIRA COM PORTAS DE ABRIR;803973;Anterior a 2019;CAME;;Pendente
Mesa 03;MESA DE MADEIRA COM 03 GAVETAS;804226;Anterior a 2019;DIBEM;;Pendente
Mesa ;CARTEIRA ESCOLAR INDIVIDUAL COM MESA E CADEIRA CON;808737;Anterior a 2019;CASE;;Pendente
Quadro Branco Magnetizado;QUADRO BRANCO MAGNETIZADO;812425;Anterior a 2019;CASE;;Pendente
Cadeira Com Assento E Encosto Estofado, Conjugada;CADEIRA COM ASSENTO E ENCOSTO ESTOFADO, CONJUGADA;832864;Anterior a 2019;PRAE;;Pendente
Cadeira Com Assento E Encosto Estofado, Conjugada;CADEIRA COM ASSENTO E ENCOSTO ESTOFADO, CONJUGADA;832867;Anterior a 2019;PRAE;;Pendente
Cadeira De Madeira Com Assento E Encosto Anatomico;CADEIRA DE MADEIRA COM ASSENTO E ENCOSTO ANATOMICO;833117;Anterior a 2019;DIBEM;;Pendente
Cadeira De Madeira Com Assento E Encosto Anatomico;CADEIRA DE MADEIRA COM ASSENTO E ENCOSTO ANATOMICO;833119;Anterior a 2019;DIBEM;;Pendente
Cadeira De Madeira Com Assento E Encosto Anatomico;CADEIRA DE MADEIRA COM ASSENTO E ENCOSTO ANATOMICO;833121;Anterior a 2019;DIBEM;;Pendente
Guarda-Roupa De Madeira Com Duas Portas;GUARDA-ROUPA DE MADEIRA COM DUAS PORTAS;833123;Anterior a 2019;DIBEM;Residência 148;Ruim
Cadeira Giratoria Com Rodizios, Assento E Encosto;CADEIRA GIRATORIA COM RODIZIOS, ASSENTO E ENCOSTO;833124;Anterior a 2019;DIBEM;;Pendente
Cadeira De Madeira Com Assento E Encosto Anatomico;CADEIRA DE MADEIRA COM ASSENTO E ENCOSTO ANATOMICO;833125;Anterior a 2019;DIBEM;;Pendente
Guarda-Roupa De Madeira Com Duas Portas;GUARDA-ROUPA DE MADEIRA COM DUAS PORTAS;833126;Anterior a 2019;DIBEM;Residência 148;Bom
Beliche De Aco;BELICHE DE ACO;833127;Anterior a 2019;DIBEM;;Pendente
Fogao Domestico A Gas Liquefeito De Petroleo Com 0;FOGAO DOMESTICO A GAS LIQUEFEITO DE PETROLEO COM 0;833128;Anterior a 2019;DIBEM;;Pendente
Caldeira;CALDEIRA;833129;Anterior a 2019;DIBEM;;Pendente
Cadeira De Madeira Com Assento E Encosto Anatomico;CADEIRA DE MADEIRA COM ASSENTO E ENCOSTO ANATOMICO;833130;Anterior a 2019;DIBEM;Residência 1601;Ruim
Cadeira De Madeira Com Assento E Encosto Anatomico;CADEIRA DE MADEIRA COM ASSENTO E ENCOSTO ANATOMICO;833131;Anterior a 2019;DIBEM;;Pendente
Cadeira Com Assento E Encosto Em Palhinha, Girator;CADEIRA COM ASSENTO E ENCOSTO EM PALHINHA, GIRATOR;833132;Anterior a 2019;DIBEM;;Pendente
Cadeira De Madeira Com Assento E Encosto Anatomico;CADEIRA DE MADEIRA COM ASSENTO E ENCOSTO ANATOMICO;833133;Anterior a 2019;DIBEM;Residência 1601;Ruim
Cadeira De Madeira Com Assento E Encosto Anatomico;CADEIRA DE MADEIRA COM ASSENTO E ENCOSTO ANATOMICO;833134;Anterior a 2019;DIBEM;Residência 1601;Ruim
Cadeira De Madeira Com Assento E Encosto Anatomico;CADEIRA DE MADEIRA COM ASSENTO E ENCOSTO ANATOMICO;833135;Anterior a 2019;DIBEM;Residência 1601;Ruim
Beliche De Aco;BELICHE DE ACO;833138;Anterior a 2019;DIBEM;Residência 1601;Bom
Cadeira De Madeira Com Assento E Encosto Anatomico;CADEIRA DE MADEIRA COM ASSENTO E ENCOSTO ANATOMICO;833140;Anterior a 2019;DIBEM;;Pendente
Armario De Madeira Com Portas De Abrir;ARMARIO DE MADEIRA COM PORTAS DE ABRIR;833142;Anterior a 2019;DIBEM;Residencia 2133;Bom
Beliche De Aco;BELICHE DE ACO;833143;Anterior a 2019;DIBEM;;Pendente
Beliche De Aco;BELICHE DE ACO;833144;Anterior a 2019;DIBEM;;Pendente
Beliche De Aco;BELICHE DE ACO;833145;Anterior a 2019;DIBEM;;Pendente
Armario De Madeira Com Portas De Abrir;ARMARIO DE MADEIRA COM PORTAS DE ABRIR;833146;Anterior a 2019;DIBEM;;Pendente
Cadeira Com Assento E Encosto Em Palhinha, Girator;CADEIRA COM ASSENTO E ENCOSTO EM PALHINHA, GIRATOR;833147;Anterior a 2019;DIBEM;;Pendente
Cama De Madeira Para Solteiro;CAMA DE MADEIRA PARA SOLTEIRO;833148;Anterior a 2019;DIBEM;;Pendente
Armario De Madeira Com Portas De Abrir;ARMARIO DE MADEIRA COM PORTAS DE ABRIR;833149;Anterior a 2019;DIBEM;;Pendente
Cama De Madeira Para Solteiro;CAMA DE MADEIRA PARA SOLTEIRO;833159;Anterior a 2019;DIBEM;;Pendente
Cama De Aco Para Solteiro;CAMA DE ACO PARA SOLTEIRO;833160;Anterior a 2019;DIBEM;;Pendente
Mesa ;MESA DE MADEIRA PARA TELEFONE;833161;Anterior a 2019;DIBEM;;Pendente
Cadeira Fixa Com Assento E Encosto Estofados;CADEIRA FIXA COM ASSENTO E ENCOSTO ESTOFADOS;833162;Anterior a 2019;DIBEM;;Pendente
Beliche De Madeira;BELICHE DE MADEIRA;833164;Anterior a 2019;DIBEM;;Pendente
Cama De Madeira Para Solteiro;CAMA DE MADEIRA PARA SOLTEIRO;833165;Anterior a 2019;DIBEM;;Pendente
Mesa ;MESA DE MADEIRA PARA MAQUINA DE ESCREVER;833166;Anterior a 2019;DIBEM;;Pendente
Ar Condicionado 18.000 BTUs;"APARELHO DE AR CONDICIONADO DE 18.000 BTU""S";833167;Anterior a 2019;DIBEM;;Pendente
Estante De Madeira Aberta Com Prateleiras;ESTANTE DE MADEIRA ABERTA COM PRATELEIRAS;833168;Anterior a 2019;DIBEM;;Pendente
"Televisão 52""";"TV LCD 52"" PARA VIDEOCONFERENCIA";833169;Anterior a 2019;DIBEM;;Pendente
Mesa ;MESA PARA IMPRESSORA;833170;Anterior a 2019;DIBEM;;Pendente
Cadeira Fixa Com Assento E Encosto Em Palhinha;CADEIRA FIXA COM ASSENTO E ENCOSTO EM PALHINHA;833171;Anterior a 2019;DIBEM;Residencia 250;Ruim
Cadeira Fixa Com Assento E Encosto Estofados;CADEIRA FIXA COM ASSENTO E ENCOSTO ESTOFADOS;833172;Anterior a 2019;DIBEM;Residencia 250;Ruim
Arquivo De Aco Com Gavetas;ARQUIVO DE ACO COM GAVETAS;833173;Anterior a 2019;DIBEM;Residencia 250;Bom
Cama De Madeira Para Solteiro;CAMA DE MADEIRA PARA SOLTEIRO;833174;Anterior a 2019;DIBEM;Residencia 2216;Bom
Rack De Informatica;RACK DE INFORMATICA;833175;Anterior a 2019;DIBEM;;Pendente
Beliche De Madeira;BELICHE DE MADEIRA;833176;Anterior a 2019;DIBEM;;Pendente
Mesa ;MESA DE MADEIRA PARA TELEFONE;833177;Anterior a 2019;DIBEM;;Pendente
Mesa ;MESA DE MADEIRA PARA TELEFONE;833178;Anterior a 2019;DIBEM;;Pendente
Ar Condicionado 18.000 BTUs;"APARELHO DE AR CONDICIONADO DE 18.000 BTU""S";833182;Anterior a 2019;DIBEM;;Pendente
Refrigerador DE 40 ATL;REFRIGERADOR TIPO FRIGOBAR COM CAPACIDADE DE 40 AT;833184;Anterior a 2019;DIBEM;;Pendente
Sofa Com Capacidade Para 02 Lugares;SOFA COM CAPACIDADE PARA 02 LUGARES;833188;Anterior a 2019;DIBEM;;Pendente
Mesa Angular ;MESA RETANGULAR DE MADEIRA PARA REUNIAO;833189;Anterior a 2019;DIBEM;;Pendente
Guarda-Roupa De Madeira Com Duas Portas;GUARDA-ROUPA DE MADEIRA COM DUAS PORTAS;833190;Anterior a 2019;DIBEM;;Pendente
Cadeira Giratoria Com Rodizios, Assento E Encosto;CADEIRA GIRATORIA COM RODIZIOS, ASSENTO E ENCOSTO;833191;Anterior a 2019;DIBEM;;Pendente
Mesa 03;MESA DE MADEIRA COM 03 GAVETAS;833192;Anterior a 2019;DIBEM;;Pendente
Maquina De Costura Industrial;MAQUINA DE COSTURA INDUSTRIAL;833195;Anterior a 2019;DIBEM;;Pendente
Cadeira Giratoria Com Rodizios, Assento E Encosto;CADEIRA GIRATORIA COM RODIZIOS, ASSENTO E ENCOSTO;833196;Anterior a 2019;DIBEM;;Pendente
Mesa Angular 1;CONJUNTO DE MOVEIS 1 MESA RETANGULAR;833200;Anterior a 2019;DIBEM;;Pendente
Mesa Angular 1;CONJUNTO DE MOVEIS 1 MESA RETANGULAR;833201;Anterior a 2019;DIBEM;;Pendente
Mesa ;MESA OFICIAL PARA PING PONG;833202;Anterior a 2019;DIBEM;;Pendente
Mesa ;MESA DE MADEIRA PARA LEITURA COM REVESTIMENTO EM L;833203;Anterior a 2019;DIBEM;;Pendente
"Televisão 52""";"TV LCD 52"" PARA VIDEOCONFERENCIA";833204;Anterior a 2019;DIBEM;;Pendente
Hub Inteligente;HUB INTELIGENTE;833205;Anterior a 2019;DIBEM;;Pendente
Hub Inteligente;HUB INTELIGENTE;833206;Anterior a 2019;DIBEM;;Pendente
Rack De Informatica Metalico;RACK DE INFORMATICA METALICO;833208;Anterior a 2019;DIBEM;;Pendente
Cadeira De Madeira Com Assento E Encosto Anatomico;CADEIRA DE MADEIRA COM ASSENTO E ENCOSTO ANATOMICO;833209;Anterior a 2019;DIBEM;;Pendente
Cama De Aco Para Solteiro;CAMA DE ACO PARA SOLTEIRO;833211;Anterior a 2019;DIBEM;;Pendente
Cama De Aco Para Solteiro;CAMA DE ACO PARA SOLTEIRO;833212;Anterior a 2019;DIBEM;;Pendente
Armario De Madeira Com Portas De Abrir;ARMARIO DE MADEIRA COM PORTAS DE ABRIR;833213;Anterior a 2019;DIBEM;;Pendente
Cama De Madeira Para Solteiro;CAMA DE MADEIRA PARA SOLTEIRO;833214;Anterior a 2019;DIBEM;;Pendente
Cadeira Giratoria Com Rodizios, Assento E Encosto;CADEIRA GIRATORIA COM RODIZIOS, ASSENTO E ENCOSTO;833215;Anterior a 2019;DIBEM;;Pendente
Batedeira Eletrica;BATEDEIRA ELETRICA;833216;Anterior a 2019;DIBEM;;Pendente
Cama De Madeira Para Solteiro;CAMA DE MADEIRA PARA SOLTEIRO;833217;Anterior a 2019;DIBEM;;Pendente
Armario De Madeira Com Portas De Abrir;ARMARIO DE MADEIRA COM PORTAS DE ABRIR;833218;Anterior a 2019;DIBEM;;Pendente
Conjunto Estofado Composto De Sofa Para 03 Lugares;CONJUNTO ESTOFADO COMPOSTO DE SOFA PARA 03 LUGARES;833222;Anterior a 2019;DIBEM;;Pendente
Cama De Madeira Para Solteiro;CAMA DE MADEIRA PARA SOLTEIRO;833223;Anterior a 2019;DIBEM;;Pendente
Cama De Aco Para Solteiro;CAMA DE ACO PARA SOLTEIRO;833224;Anterior a 2019;DIBEM;;Pendente
Cama De Aco Para Solteiro;CAMA DE ACO PARA SOLTEIRO;833227;Anterior a 2019;DIBEM;;Pendente
Estacao De Trabalho;ESTACAO DE TRABALHO;833228;Anterior a 2019;DIBEM;;Pendente
Ilha Estação De Trabalho Em Madeira;ILHA ESTAÇÃO DE TRABALHO EM MADEIRA;833229;Anterior a 2019;DIBEM;;Pendente
Quadro Branco Magnetizado;QUADRO BRANCO MAGNETIZADO;833230;Anterior a 2019;DIBEM;;Pendente
Cama De Madeira Para Solteiro;CAMA DE MADEIRA PARA SOLTEIRO;833233;Anterior a 2019;DIBEM;Residencia 433;Bom
Cama De Madeira Para Solteiro;CAMA DE MADEIRA PARA SOLTEIRO;833234;Anterior a 2019;DIBEM;Residencia 433;Bom
Sofa Com Capacidade Para 02 Lugares;SOFA COM CAPACIDADE PARA 02 LUGARES;833235;Anterior a 2019;DIBEM;;Pendente
Mesa 02;MESA DE MADEIRA COM 02 GAVETAS;833236;Anterior a 2019;DIBEM;;Pendente
Beliche De Madeira;BELICHE DE MADEIRA;833237;Anterior a 2019;DIBEM;;Pendente
Cama De Madeira Para Solteiro;CAMA DE MADEIRA PARA SOLTEIRO;833238;Anterior a 2019;DIBEM;;Pendente
Cadeira De Madeira Com Assento E Encosto Anatomico;CADEIRA DE MADEIRA COM ASSENTO E ENCOSTO ANATOMICO;833240;Anterior a 2019;DIBEM;;Pendente
Switch Central Atm De Chassi;SWITCH CENTRAL ATM DE CHASSI;905947;Anterior a 2019;DIBEM;;Pendente
Contra Angulo;CONTRA ANGULO;990422;Anterior a 2019;CAME;;Pendente
Contra Angulo;CONTRA ANGULO;990423;Anterior a 2019;CAME;;Pendente
Contra Angulo;CONTRA ANGULO;990424;Anterior a 2019;CAME;;Pendente
Colchao;COLCHAO;993982;Anterior a 2019;DIBEM;;Pendente
Colchao;COLCHAO;993983;Anterior a 2019;DIBEM;;Pendente
Colchao;COLCHAO;993984;Anterior a 2019;DIBEM;;Pendente
Colchao;COLCHAO;993985;Anterior a 2019;DIBEM;;Pendente
Colchao;COLCHAO;993986;Anterior a 2019;DIBEM;;Pendente
Colchao;COLCHAO;993987;Anterior a 2019;DIBEM;;Pendente
Colchao;COLCHAO;993988;Anterior a 2019;DIBEM;;Pendente
Colchao;COLCHAO;994034;Anterior a 2019;DIBEM;;Pendente
Colchao;COLCHAO;994035;Anterior a 2019;DIBEM;;Pendente
Colchao;COLCHAO;994036;Anterior a 2019;DIBEM;;Pendente
Colchao;COLCHAO;994037;Anterior a 2019;DIBEM;;Pendente
Colchao;COLCHAO;994038;Anterior a 2019;DIBEM;;Pendente
Colchao;COLCHAO;994043;Anterior a 2019;DIBEM;;Pendente
Colchao;COLCHAO;994044;Anterior a 2019;DIBEM;;Pendente
Colchao;COLCHAO;994045;Anterior a 2019;DIBEM;;Pendente
Colchao;COLCHAO;994046;Anterior a 2019;DIBEM;;Pendente
Colchao;COLCHAO;994047;Anterior a 2019;DIBEM;;Pendente
Colchao;COLCHAO;994048;Anterior a 2019;DIBEM;;Pendente
Colchao;COLCHAO;994049;Anterior a 2019;DIBEM;;Pendente
Colchao;COLCHAO;994050;Anterior a 2019;DIBEM;;Pendente
Colchao;COLCHAO;994051;Anterior a 2019;DIBEM;;Pendente
Colchao;COLCHAO;994052;Anterior a 2019;DIBEM;;Pendente
Colchao;COLCHAO;994053;Anterior a 2019;DIBEM;;Pendente
Colchao;COLCHAO;994054;Anterior a 2019;DIBEM;;Pendente
Colchao;COLCHAO;994055;Anterior a 2019;DIBEM;;Pendente
Colchao;COLCHAO;994056;Anterior a 2019;DIBEM;;Pendente
Colchao;COLCHAO;994057;Anterior a 2019;DIBEM;;Pendente
Colchao;COLCHAO;994058;Anterior a 2019;DIBEM;;Pendente
Colchao;COLCHAO;994059;Anterior a 2019;DIBEM;;Pendente
Colchao;COLCHAO;994060;Anterior a 2019;DIBEM;;Pendente
Colchao;COLCHAO;994061;Anterior a 2019;DIBEM;;Pendente
Colchao;COLCHAO;994062;Anterior a 2019;DIBEM;;Pendente
Colchao;COLCHAO;994063;Anterior a 2019;DIBEM;;Pendente
Colchao;COLCHAO;994064;Anterior a 2019;DIBEM;;Pendente
Colchao;COLCHAO;994065;Anterior a 2019;DIBEM;;Pendente
Colchao;COLCHAO;994066;Anterior a 2019;DIBEM;;Pendente
Colchao;COLCHAO;994067;Anterior a 2019;DIBEM;;Pendente
Colchao;COLCHAO;994068;Anterior a 2019;DIBEM;;Pendente
Colchao;COLCHAO;994069;Anterior a 2019;DIBEM;;Pendente
Colchao;COLCHAO;994070;Anterior a 2019;DIBEM;;Pendente
Colchao;COLCHAO;994071;Anterior a 2019;DIBEM;;Pendente
Colchao;COLCHAO;994072;Anterior a 2019;DIBEM;;Pendente
Colchao;COLCHAO;994073;Anterior a 2019;DIBEM;;Pendente
Colchao;COLCHAO;994074;Anterior a 2019;DIBEM;;Pendente
Colchao;COLCHAO;994075;Anterior a 2019;DIBEM;;Pendente
Colchao;COLCHAO;994102;Anterior a 2019;DIBEM;;Pendente
Colchao;COLCHAO;994103;Anterior a 2019;DIBEM;;Pendente
Colchao;COLCHAO;994104;Anterior a 2019;DIBEM;;Pendente
Colchao;COLCHAO;994105;Anterior a 2019;DIBEM;;Pendente
Colchao;COLCHAO;994106;Anterior a 2019;DIBEM;;Pendente
Colchao;COLCHAO;994107;Anterior a 2019;DIBEM;;Pendente
Colchao;COLCHAO;994108;Anterior a 2019;DIBEM;;Pendente
Colchao;COLCHAO;994109;Anterior a 2019;DIBEM;;Pendente
Colchao;COLCHAO;994110;Anterior a 2019;DIBEM;;Pendente
Colchao;COLCHAO;994111;Anterior a 2019;DIBEM;;Pendente
Colchao;COLCHAO;994112;Anterior a 2019;DIBEM;;Pendente
Colchao;COLCHAO;994113;Anterior a 2019;DIBEM;;Pendente
Colchao;COLCHAO;994114;Anterior a 2019;DIBEM;;Pendente
Colchao;COLCHAO;994115;Anterior a 2019;DIBEM;;Pendente
Colchao;COLCHAO;994116;Anterior a 2019;DIBEM;;Pendente
Colchao;COLCHAO;994117;Anterior a 2019;DIBEM;;Pendente
Colchao;COLCHAO;994118;Anterior a 2019;DIBEM;;Pendente
Colchao;COLCHAO;994119;Anterior a 2019;DIBEM;;Pendente
Colchao;COLCHAO;994120;Anterior a 2019;DIBEM;;Pendente
Colchao;COLCHAO;994121;Anterior a 2019;DIBEM;;Pendente
Colchao;COLCHAO;994122;Anterior a 2019;DIBEM;;Pendente
Colchao;COLCHAO;994123;Anterior a 2019;DIBEM;;Pendente
Colchao;COLCHAO;994124;Anterior a 2019;DIBEM;;Pendente
Colchao;COLCHAO;994125;Anterior a 2019;DIBEM;;Pendente
Colchao;COLCHAO;994126;Anterior a 2019;DIBEM;;Pendente
Colchao;COLCHAO;994127;Anterior a 2019;DIBEM;;Pendente
Colchao;COLCHAO;994128;Anterior a 2019;DIBEM;;Pendente
Colchao;COLCHAO;994129;Anterior a 2019;DIBEM;;Pendente
Colchao;COLCHAO;994130;Anterior a 2019;DIBEM;;Pendente
Colchao;COLCHAO;994131;Anterior a 2019;DIBEM;;Pendente
Colchao;COLCHAO;994132;Anterior a 2019;DIBEM;;Pendente
Colchao;COLCHAO;994133;Anterior a 2019;DIBEM;;Pendente
Colchao;COLCHAO;994134;Anterior a 2019;DIBEM;;Pendente
Colchao;COLCHAO;994135;Anterior a 2019;DIBEM;;Pendente
Colchao;COLCHAO;994136;Anterior a 2019;DIBEM;;Pendente
Colchao;COLCHAO;994137;Anterior a 2019;DIBEM;;Pendente
Colchao;COLCHAO;994138;Anterior a 2019;DIBEM;;Pendente
Colchao;COLCHAO;994139;Anterior a 2019;DIBEM;;Pendente
Colchao;COLCHAO;994140;Anterior a 2019;DIBEM;;Pendente
Colchao;COLCHAO;994141;Anterior a 2019;DIBEM;;Pendente
Colchao;COLCHAO;994142;Anterior a 2019;DIBEM;;Pendente
Colchao;COLCHAO;994143;Anterior a 2019;DIBEM;;Pendente
Colchao;COLCHAO;994144;Anterior a 2019;DIBEM;;Pendente
Colchao;COLCHAO;994145;Anterior a 2019;DIBEM;;Pendente
Colchao;COLCHAO;994146;Anterior a 2019;DIBEM;;Pendente
Colchao;COLCHAO;994147;Anterior a 2019;DIBEM;;Pendente
Colchao;COLCHAO;994148;Anterior a 2019;DIBEM;;Pendente
Colchao;COLCHAO;994149;Anterior a 2019;DIBEM;;Pendente
Colchao;COLCHAO;994150;Anterior a 2019;DIBEM;;Pendente
Colchao;COLCHAO;994151;Anterior a 2019;DIBEM;;Pendente
Colchao;COLCHAO;994152;Anterior a 2019;DIBEM;;Pendente
Colchao;COLCHAO;994153;Anterior a 2019;DIBEM;;Pendente
Colchao;COLCHAO;994154;Anterior a 2019;DIBEM;;Pendente
Colchao;COLCHAO;994155;Anterior a 2019;DIBEM;;Pendente
Colchao;COLCHAO;994156;Anterior a 2019;DIBEM;;Pendente
Colchao;COLCHAO;994157;Anterior a 2019;DIBEM;;Pendente
Colchao;COLCHAO;994158;Anterior a 2019;DIBEM;;Pendente
Colchao;COLCHAO;994159;Anterior a 2019;DIBEM;;Pendente
Colchao;COLCHAO;994160;Anterior a 2019;DIBEM;;Pendente
Colchao;COLCHAO;994161;Anterior a 2019;DIBEM;;Pendente
Colchao;COLCHAO;994162;Anterior a 2019;DIBEM;;Pendente
Colchao;COLCHAO;994163;Anterior a 2019;DIBEM;;Pendente
Colchao;COLCHAO;994164;Anterior a 2019;DIBEM;;Pendente
Colchao;COLCHAO;994165;Anterior a 2019;DIBEM;;Pendente
Colchao;COLCHAO;994166;Anterior a 2019;DIBEM;;Pendente
Colchao;COLCHAO;994167;Anterior a 2019;DIBEM;;Pendente
Colchao;COLCHAO;994168;Anterior a 2019;DIBEM;;Pendente
Colchao;COLCHAO;994169;Anterior a 2019;DIBEM;;Pendente
Colchao;COLCHAO;994170;Anterior a 2019;DIBEM;;Pendente
Colchao;COLCHAO;994171;Anterior a 2019;DIBEM;;Pendente
Colchao;COLCHAO;994172;Anterior a 2019;DIBEM;;Pendente
Colchao;COLCHAO;994173;Anterior a 2019;DIBEM;;Pendente
Colchao;COLCHAO;994174;Anterior a 2019;DIBEM;;Pendente
Colchao;COLCHAO;994175;Anterior a 2019;DIBEM;;Pendente
Colchao;COLCHAO;994176;Anterior a 2019;DIBEM;;Pendente
Colchao;COLCHAO;994177;Anterior a 2019;DIBEM;;Pendente
Colchao;COLCHAO;994178;Anterior a 2019;DIBEM;;Pendente
Colchao;COLCHAO;994179;Anterior a 2019;DIBEM;;Pendente
Colchao;COLCHAO;994180;Anterior a 2019;DIBEM;;Pendente
Colchao;COLCHAO;994181;Anterior a 2019;DIBEM;;Pendente
Colchao;COLCHAO;994182;Anterior a 2019;DIBEM;;Pendente
Colchao;COLCHAO;994183;Anterior a 2019;DIBEM;;Pendente
Colchao;COLCHAO;994184;Anterior a 2019;DIBEM;;Pendente
Colchao;COLCHAO;994185;Anterior a 2019;DIBEM;;Pendente
Colchao;COLCHAO;994186;Anterior a 2019;DIBEM;;Pendente
Colchao;COLCHAO;994187;Anterior a 2019;DIBEM;;Pendente
Colchao;COLCHAO;994188;Anterior a 2019;DIBEM;;Pendente
Colchao;COLCHAO;994189;Anterior a 2019;DIBEM;;Pendente
Colchao;COLCHAO;994190;Anterior a 2019;DIBEM;;Pendente
Colchao;COLCHAO;994191;Anterior a 2019;DIBEM;;Pendente
Colchao;COLCHAO;994192;Anterior a 2019;DIBEM;;Pendente
Colchao;COLCHAO;994193;Anterior a 2019;DIBEM;;Pendente
Colchao;COLCHAO;994194;Anterior a 2019;DIBEM;;Pendente
Colchao;COLCHAO;994195;Anterior a 2019;DIBEM;;Pendente
Colchao;COLCHAO;994196;Anterior a 2019;DIBEM;;Pendente
Colchao;COLCHAO;994197;Anterior a 2019;DIBEM;;Pendente
Colchao;COLCHAO;994198;Anterior a 2019;DIBEM;;Pendente
Colchao;COLCHAO;994199;Anterior a 2019;DIBEM;;Pendente
Colchao;COLCHAO;994200;Anterior a 2019;DIBEM;;Pendente
Colchao;COLCHAO;994201;Anterior a 2019;DIBEM;;Pendente
Colchao;COLCHAO;994202;Anterior a 2019;DIBEM;;Pendente
Colchao;COLCHAO;994203;Anterior a 2019;DIBEM;;Pendente
Colchao;COLCHAO;994204;Anterior a 2019;DIBEM;;Pendente
Colchao;COLCHAO;994205;Anterior a 2019;DIBEM;;Pendente
Colchao;COLCHAO;994206;Anterior a 2019;DIBEM;;Pendente
Colchao;COLCHAO;994207;Anterior a 2019;DIBEM;;Pendente
Colchao;COLCHAO;994208;Anterior a 2019;DIBEM;;Pendente
Colchao;COLCHAO;994209;Anterior a 2019;DIBEM;;Pendente
Colchao;COLCHAO;994210;Anterior a 2019;DIBEM;;Pendente
Colchao;COLCHAO;994211;Anterior a 2019;DIBEM;;Pendente
Colchao;COLCHAO;994212;Anterior a 2019;DIBEM;;Pendente
Colchao;COLCHAO;994213;Anterior a 2019;DIBEM;;Pendente
Colchao;COLCHAO;994214;Anterior a 2019;DIBEM;;Pendente
Colchao;COLCHAO;994215;Anterior a 2019;DIBEM;;Pendente
Colchao;COLCHAO;994216;Anterior a 2019;DIBEM;;Pendente
Colchao;COLCHAO;994217;Anterior a 2019;DIBEM;;Pendente
Colchao;COLCHAO;994218;Anterior a 2019;DIBEM;;Pendente
Colchao;COLCHAO;994219;Anterior a 2019;DIBEM;;Pendente
Colchao;COLCHAO;994220;Anterior a 2019;DIBEM;;Pendente
Colchao;COLCHAO;994221;Anterior a 2019;DIBEM;;Pendente
Colchao;COLCHAO;994222;Anterior a 2019;DIBEM;;Pendente
Colchao;COLCHAO;994223;Anterior a 2019;DIBEM;;Pendente
Colchao;COLCHAO;994224;Anterior a 2019;DIBEM;;Pendente
Colchao;COLCHAO;994225;Anterior a 2019;DIBEM;;Pendente
Colchao;COLCHAO;994226;Anterior a 2019;DIBEM;;Pendente
Colchao;COLCHAO;994227;Anterior a 2019;DIBEM;;Pendente
Colchao;COLCHAO;994228;Anterior a 2019;DIBEM;;Pendente
Colchao;COLCHAO;994229;Anterior a 2019;DIBEM;;Pendente
Colchao;COLCHAO;994230;Anterior a 2019;DIBEM;;Pendente
Colchao;COLCHAO;994231;Anterior a 2019;DIBEM;;Pendente
Colchao;COLCHAO;994232;Anterior a 2019;DIBEM;;Pendente
Colchao;COLCHAO;994233;Anterior a 2019;DIBEM;;Pendente
Colchao;COLCHAO;994234;Anterior a 2019;DIBEM;;Pendente
Colchao;COLCHAO;994235;Anterior a 2019;DIBEM;;Pendente
Colchao;COLCHAO;994236;Anterior a 2019;DIBEM;;Pendente
Colchao;COLCHAO;994237;Anterior a 2019;DIBEM;;Pendente
Colchao;COLCHAO;994238;Anterior a 2019;DIBEM;;Pendente
Colchao;COLCHAO;994239;Anterior a 2019;DIBEM;;Pendente
Colchao;COLCHAO;994240;Anterior a 2019;DIBEM;;Pendente
Colchao;COLCHAO;994241;Anterior a 2019;DIBEM;;Pendente
Colchao;COLCHAO;994242;Anterior a 2019;DIBEM;;Pendente
Colchao;COLCHAO;994243;Anterior a 2019;DIBEM;;Pendente
Colchao;COLCHAO;994244;Anterior a 2019;DIBEM;;Pendente
Colchao;COLCHAO;994245;Anterior a 2019;DIBEM;;Pendente
Colchao;COLCHAO;994246;Anterior a 2019;DIBEM;;Pendente
Colchao;COLCHAO;994247;Anterior a 2019;DIBEM;;Pendente
Colchao;COLCHAO;994248;Anterior a 2019;DIBEM;;Pendente
Colchao;COLCHAO;994249;Anterior a 2019;DIBEM;;Pendente
Colchao;COLCHAO;994250;Anterior a 2019;DIBEM;;Pendente
Colchao;COLCHAO;994251;Anterior a 2019;DIBEM;;Pendente
Colchao;COLCHAO;994252;Anterior a 2019;DIBEM;;Pendente
Colchao;COLCHAO;994253;Anterior a 2019;DIBEM;;Pendente
Colchao;COLCHAO;994254;Anterior a 2019;DIBEM;;Pendente
Colchao;COLCHAO;994255;Anterior a 2019;DIBEM;;Pendente
Colchao;COLCHAO;994256;Anterior a 2019;DIBEM;;Pendente
Colchao;COLCHAO;994257;Anterior a 2019;DIBEM;;Pendente
Colchao;COLCHAO;994258;Anterior a 2019;DIBEM;;Pendente
Colchao;COLCHAO;994259;Anterior a 2019;DIBEM;;Pendente
Colchao;COLCHAO;994260;Anterior a 2019;DIBEM;;Pendente
Colchao;COLCHAO;994261;Anterior a 2019;DIBEM;;Pendente
Colchao;COLCHAO;994262;Anterior a 2019;DIBEM;;Pendente
Colchao;COLCHAO;994263;Anterior a 2019;DIBEM;;Pendente
Colchao;COLCHAO;994264;Anterior a 2019;DIBEM;;Pendente
Colchao;COLCHAO;994274;Anterior a 2019;DIBEM;;Pendente
Colchao;COLCHAO;994275;Anterior a 2019;DIBEM;;Pendente
Colchao;COLCHAO;994276;Anterior a 2019;DIBEM;;Pendente
Colchao;COLCHAO;994277;Anterior a 2019;DIBEM;;Pendente
Colchao;COLCHAO;994278;Anterior a 2019;DIBEM;;Pendente
Colchao;COLCHAO;994279;Anterior a 2019;DIBEM;;Pendente
Colchao;COLCHAO;994280;Anterior a 2019;DIBEM;;Pendente
Colchao;COLCHAO;994281;Anterior a 2019;DIBEM;;Pendente
Colchao;COLCHAO;994282;Anterior a 2019;DIBEM;;Pendente
Colchao;COLCHAO;994283;Anterior a 2019;DIBEM;;Pendente
Colchao;COLCHAO;994284;Anterior a 2019;DIBEM;;Pendente
Colchao;COLCHAO;994285;Anterior a 2019;DIBEM;;Pendente
Colchao;COLCHAO;994286;Anterior a 2019;DIBEM;;Pendente
Colchao;COLCHAO;994287;Anterior a 2019;DIBEM;;Pendente
Colchao;COLCHAO;994288;Anterior a 2019;DIBEM;;Pendente
Colchao;COLCHAO;994289;Anterior a 2019;DIBEM;;Pendente
Colchao;COLCHAO;994290;Anterior a 2019;DIBEM;;Pendente
Colchao;COLCHAO;994291;Anterior a 2019;DIBEM;;Pendente
Colchao;COLCHAO;994292;Anterior a 2019;DIBEM;;Pendente
Colchao;COLCHAO;994293;Anterior a 2019;DIBEM;;Pendente
Colchao;COLCHAO;994294;Anterior a 2019;DIBEM;;Pendente
Colchao;COLCHAO;994295;Anterior a 2019;DIBEM;;Pendente
Colchao;COLCHAO;994296;Anterior a 2019;DIBEM;;Pendente
Colchao;COLCHAO;994297;Anterior a 2019;DIBEM;;Pendente
Balanca Com Prato;BALANCA COM PRATO;994834;Anterior a 2019;CRU;;Pendente
Balanca Com Prato;BALANCA COM PRATO;994835;Anterior a 2019;CRU;;Pendente
Balanca Com Prato;BALANCA COM PRATO;994836;Anterior a 2019;PRAE;;Pendente
Balanca Com Prato;BALANCA COM PRATO;994837;Anterior a 2019;PRAE;;Pendente
Botijao Para Gas Butano Capacidade De 13Kg;BOTIJAO PARA GAS BUTANO CAPACIDADE DE 13KG;2017000340;2017;DIBEM;;Pendente
Terminal Eletronico De Acesso Para Identificacao;TERMINAL ELETRONICO DE ACESSO PARA IDENTIFICACAO;2018000013;2018;CRU;;Pendente
Terminal Eletronico De Acesso Para Identificacao;TERMINAL ELETRONICO DE ACESSO PARA IDENTIFICACAO;2018000016;2018;DSO;;Pendente
Colchao;COLCHAO;2018000130;2018;DIBEM;;Pendente
Colchao;COLCHAO;2018000131;2018;DIBEM;;Pendente
Colchao;COLCHAO;2018000132;2018;DIBEM;;Pendente
Colchao;COLCHAO;2018000133;2018;DIBEM;;Pendente
Colchao;COLCHAO;2018000134;2018;DIBEM;;Pendente
Colchao;COLCHAO;2018000135;2018;DIBEM;;Pendente
Colchao;COLCHAO;2018000136;2018;DIBEM;;Pendente
Colchao;COLCHAO;2018000137;2018;DIBEM;;Pendente
Colchao;COLCHAO;2018000138;2018;DIBEM;;Pendente
Colchao;COLCHAO;2018000139;2018;DIBEM;;Pendente
Colchao;COLCHAO;2018000140;2018;DIBEM;;Pendente
Colchao;COLCHAO;2018000141;2018;DIBEM;;Pendente
Colchao;COLCHAO;2018000142;2018;DIBEM;;Pendente
Colchao;COLCHAO;2018000143;2018;DIBEM;;Pendente
Colchao;COLCHAO;2018000144;2018;DIBEM;;Pendente
Colchao;COLCHAO;2018000145;2018;DIBEM;;Pendente
Colchao;COLCHAO;2018000146;2018;DIBEM;;Pendente
Colchao;COLCHAO;2018000147;2018;DIBEM;;Pendente
Colchao;COLCHAO;2018000148;2018;DIBEM;;Pendente
Colchao;COLCHAO;2018000149;2018;DIBEM;;Pendente
Colchao;COLCHAO;2018000150;2018;DIBEM;;Pendente
Colchao;COLCHAO;2018000151;2018;DIBEM;;Pendente
Colchao;COLCHAO;2018000152;2018;DIBEM;;Pendente
Colchao;COLCHAO;2018000153;2018;DIBEM;;Pendente
Colchao;COLCHAO;2018000154;2018;DIBEM;;Pendente
Colchao;COLCHAO;2018000155;2018;DIBEM;;Pendente
Colchao;COLCHAO;2018000156;2018;DIBEM;;Pendente
Colchao;COLCHAO;2018000157;2018;DIBEM;;Pendente
Colchao;COLCHAO;2018000158;2018;DIBEM;;Pendente
Colchao;COLCHAO;2018000159;2018;DIBEM;;Pendente
Colchao;COLCHAO;2018000160;2018;DIBEM;;Pendente
Colchao;COLCHAO;2018000161;2018;DIBEM;;Pendente
Colchao;COLCHAO;2018000162;2018;DIBEM;;Pendente
Colchao;COLCHAO;2018000163;2018;DIBEM;;Pendente
Colchao;COLCHAO;2018000164;2018;DIBEM;;Pendente
Colchao;COLCHAO;2018000165;2018;DIBEM;;Pendente
Colchao;COLCHAO;2018000166;2018;DIBEM;;Pendente
Colchao;COLCHAO;2018000167;2018;DIBEM;;Pendente
Colchao;COLCHAO;2018000168;2018;DIBEM;;Pendente
Colchao;COLCHAO;2018000169;2018;DIBEM;;Pendente
Colchao;COLCHAO;2018000170;2018;DIBEM;;Pendente
Colchao;COLCHAO;2018000171;2018;DIBEM;;Pendente
Colchao;COLCHAO;2018000172;2018;DIBEM;;Pendente
Colchao;COLCHAO;2018000173;2018;DIBEM;;Pendente
Colchao;COLCHAO;2018000174;2018;DIBEM;;Pendente
Colchao;COLCHAO;2018000175;2018;DIBEM;;Pendente
Colchao;COLCHAO;2018000176;2018;DIBEM;;Pendente
Colchao;COLCHAO;2018000177;2018;DIBEM;;Pendente
Colchao;COLCHAO;2018000178;2018;DIBEM;;Pendente
Colchao;COLCHAO;2018000179;2018;DIBEM;;Pendente
Colchao;COLCHAO;2018000180;2018;DIBEM;;Pendente
Colchao;COLCHAO;2018000181;2018;DIBEM;;Pendente
Colchao;COLCHAO;2018000182;2018;DIBEM;;Pendente
Colchao;COLCHAO;2018000183;2018;DIBEM;;Pendente
Colchao;COLCHAO;2018000184;2018;DIBEM;;Pendente
Colchao;COLCHAO;2018000185;2018;DIBEM;;Pendente
Colchao;COLCHAO;2018000186;2018;DIBEM;;Pendente
Colchao;COLCHAO;2018000187;2018;DIBEM;;Pendente
Colchao;COLCHAO;2018000188;2018;DIBEM;;Pendente
Colchao;COLCHAO;2018000189;2018;DIBEM;;Pendente
Colchao;COLCHAO;2018000190;2018;DIBEM;;Pendente
Colchao;COLCHAO;2018000191;2018;DIBEM;;Pendente
Colchao;COLCHAO;2018000192;2018;DIBEM;;Pendente
Colchao;COLCHAO;2018000193;2018;DIBEM;;Pendente
Colchao;COLCHAO;2018000194;2018;DIBEM;;Pendente
Colchao;COLCHAO;2018000195;2018;DIBEM;;Pendente
Colchao;COLCHAO;2018000196;2018;DIBEM;;Pendente
Colchao;COLCHAO;2018000197;2018;DIBEM;;Pendente
Colchao;COLCHAO;2018000198;2018;DIBEM;;Pendente
Colchao;COLCHAO;2018000199;2018;DIBEM;;Pendente
Colchao;COLCHAO;2018000200;2018;DIBEM;;Pendente
Colchao;COLCHAO;2018000201;2018;DIBEM;;Pendente
Colchao;COLCHAO;2018000202;2018;DIBEM;;Pendente
Colchao;COLCHAO;2018000203;2018;DIBEM;;Pendente
Colchao;COLCHAO;2018000204;2018;DIBEM;;Pendente
Colchao;COLCHAO;2018000205;2018;DIBEM;;Pendente
Colchao;COLCHAO;2018000206;2018;DIBEM;;Pendente
Colchao;COLCHAO;2018000207;2018;DIBEM;;Pendente
Colchao;COLCHAO;2018000208;2018;DIBEM;;Pendente
Colchao;COLCHAO;2018000209;2018;DIBEM;;Pendente
Colchao;COLCHAO;2018000210;2018;DIBEM;;Pendente
Colchao;COLCHAO;2018000211;2018;DIBEM;;Pendente
Colchao;COLCHAO;2018000212;2018;DIBEM;;Pendente
Colchao;COLCHAO;2018000213;2018;DIBEM;;Pendente
Colchao;COLCHAO;2018000214;2018;DIBEM;;Pendente
Colchao;COLCHAO;2018000215;2018;DIBEM;;Pendente
Colchao;COLCHAO;2018000216;2018;DIBEM;;Pendente
Colchao;COLCHAO;2018000217;2018;DIBEM;;Pendente
Colchao;COLCHAO;2018000218;2018;DIBEM;;Pendente
Colchao;COLCHAO;2018000219;2018;DIBEM;;Pendente
Colchao;COLCHAO;2018000220;2018;DIBEM;;Pendente
Colchao;COLCHAO;2018000221;2018;DIBEM;;Pendente
Colchao;COLCHAO;2018000222;2018;DIBEM;;Pendente
Colchao;COLCHAO;2018000223;2018;DIBEM;;Pendente
Colchao;COLCHAO;2018000224;2018;DIBEM;;Pendente
Colchao;COLCHAO;2018000225;2018;DIBEM;;Pendente
Colchao;COLCHAO;2018000226;2018;DIBEM;;Pendente
Colchao;COLCHAO;2018000227;2018;PRAE;;Pendente
Colchao;COLCHAO;2018000228;2018;PRAE;;Pendente
Colchao;COLCHAO;2018000229;2018;PRAE;;Pendente
Colchao;COLCHAO;2018000230;2018;PRAE;;Pendente
Colchao;COLCHAO;2018000231;2018;PRAE;;Pendente
Colchao;COLCHAO;2018000232;2018;PRAE;;Pendente
Colchao;COLCHAO;2018000233;2018;PRAE;;Pendente
Colchao;COLCHAO;2018000234;2018;PRAE;;Pendente
Colchao;COLCHAO;2018000235;2018;PRAE;;Pendente
Colchao;COLCHAO;2018000236;2018;PRAE;;Pendente
Colchao;COLCHAO;2018000237;2018;PRAE;;Pendente
Colchao;COLCHAO;2018000238;2018;PRAE;;Pendente
Colchao;COLCHAO;2018000239;2018;PRAE;;Pendente
Colchao;COLCHAO;2018000240;2018;PRAE;;Pendente
Colchao;COLCHAO;2018000241;2018;PRAE;;Pendente
Colchao;COLCHAO;2018000242;2018;PRAE;;Pendente
Colchao;COLCHAO;2018000243;2018;PRAE;;Pendente
Colchao;COLCHAO;2018000244;2018;PRAE;;Pendente
Colchao;COLCHAO;2018000245;2018;PRAE;;Pendente
Colchao;COLCHAO;2018000246;2018;PRAE;;Pendente
Colchao;COLCHAO;2018000247;2018;PRAE;;Pendente
Colchao;COLCHAO;2018000248;2018;PRAE;;Pendente
Colchao;COLCHAO;2018000249;2018;PRAE;;Pendente
Estacao De Trabalho;ESTACAO DE TRABALHO;2018001006;2018;CAME;;Pendente
Forno Microondas;FORNO MICROONDAS;2018002952;2018;PRAE;;Pendente
Forno Microondas;FORNO MICROONDAS;2018002953;2018;PRAE;;Pendente
Computador (Desktop);MICROCOMPUTADOR;2019000409;2019;PRAE;;Pendente
Computador (Desktop);MICROCOMPUTADOR;2019000410;2019;PRAE;;Pendente
Computador (Desktop);MICROCOMPUTADOR;2019000411;2019;PRAE;;Pendente
Computador (Desktop);MICROCOMPUTADOR;2019000412;2019;PRAE;;Pendente
Computador (Desktop);MICROCOMPUTADOR;2019000413;2019;PRAE;;Pendente
Computador (Desktop);MICROCOMPUTADOR;2019000516;2019;CAF;;Pendente
Computador (Desktop);MICROCOMPUTADOR;2019000633;2019;CAF;;Pendente
Conjunto Didático Automação;CONJUNTO DIDÁTICO AUTOMAÇÃO;2019004152;2019;CAME;;Pendente
Conjunto Didático Automação;CONJUNTO DIDÁTICO AUTOMAÇÃO;2019004153;2019;CAME;;Pendente
Fonte De Alimentação Injetor Poe;Fonte de Alimentação Injetor PoE;2019004343;2019;DIBEM;;Pendente
Fonte De Alimentação Injetor Poe;Fonte de Alimentação Injetor PoE;2019004344;2019;DIBEM;;Pendente
Fonte De Alimentação Injetor Poe;Fonte de Alimentação Injetor PoE;2019004345;2019;DIBEM;;Pendente
Fonte De Alimentação Injetor Poe;Fonte de Alimentação Injetor PoE;2019004346;2019;DIBEM;;Pendente
Fonte De Alimentação Injetor Poe;Fonte de Alimentação Injetor PoE;2019004347;2019;DIBEM;;Pendente
Fonte De Alimentação Injetor Poe;Fonte de Alimentação Injetor PoE;2019004370;2019;DIBEM;;Pendente
Fonte De Alimentação Injetor Poe;Fonte de Alimentação Injetor PoE;2019004371;2019;DIBEM;;Pendente
Fonte De Alimentação Injetor Poe;Fonte de Alimentação Injetor PoE;2019004372;2019;DIBEM;;Pendente
Fonte De Alimentação Injetor Poe;Fonte de Alimentação Injetor PoE;2019004373;2019;DIBEM;;Pendente
Fonte De Alimentação Injetor Poe;Fonte de Alimentação Injetor PoE;2019004374;2019;DIBEM;;Pendente
Fonte De Alimentação Injetor Poe;Fonte de Alimentação Injetor PoE;2019004375;2019;DIBEM;;Pendente
Fonte De Alimentação Injetor Poe;Fonte de Alimentação Injetor PoE;2019004376;2019;DIBEM;;Pendente
Fonte De Alimentação Injetor Poe;Fonte de Alimentação Injetor PoE;2019004377;2019;DIBEM;;Pendente
Fonte De Alimentação Injetor Poe;Fonte de Alimentação Injetor PoE;2019004378;2019;DIBEM;;Pendente
Fonte De Alimentação Injetor Poe;Fonte de Alimentação Injetor PoE;2019004379;2019;DIBEM;;Pendente
Fonte De Alimentação Injetor Poe;Fonte de Alimentação Injetor PoE;2019004380;2019;DIBEM;;Pendente
Fonte De Alimentação Injetor Poe;Fonte de Alimentação Injetor PoE;2019004381;2019;DIBEM;;Pendente
Fonte De Alimentação Injetor Poe;Fonte de Alimentação Injetor PoE;2019004382;2019;DIBEM;;Pendente
Fonte De Alimentação Injetor Poe;Fonte de Alimentação Injetor PoE;2019004383;2019;DIBEM;;Pendente
Fonte De Alimentação Injetor Poe;Fonte de Alimentação Injetor PoE;2019004384;2019;DIBEM;;Pendente
Fonte De Alimentação Injetor Poe;Fonte de Alimentação Injetor PoE;2019004385;2019;DIBEM;;Pendente
Fonte De Alimentação Injetor Poe;Fonte de Alimentação Injetor PoE;2019004386;2019;DIBEM;;Pendente
Fonte De Alimentação Injetor Poe;Fonte de Alimentação Injetor PoE;2019004387;2019;DIBEM;;Pendente
Fonte De Alimentação Injetor Poe;Fonte de Alimentação Injetor PoE;2019004388;2019;DIBEM;;Pendente
Fonte De Alimentação Injetor Poe;Fonte de Alimentação Injetor PoE;2019004389;2019;DIBEM;;Pendente
Fonte De Alimentação Injetor Poe;Fonte de Alimentação Injetor PoE;2019004390;2019;DIBEM;;Pendente
Fonte De Alimentação Injetor Poe;Fonte de Alimentação Injetor PoE;2019004391;2019;DIBEM;;Pendente
Fonte De Alimentação Injetor Poe;Fonte de Alimentação Injetor PoE;2019004392;2019;DIBEM;;Pendente
Fonte De Alimentação Injetor Poe;Fonte de Alimentação Injetor PoE;2019004393;2019;DIBEM;;Pendente
Fonte De Alimentação Injetor Poe;Fonte de Alimentação Injetor PoE;2019004394;2019;DIBEM;;Pendente
Fonte De Alimentação Injetor Poe;Fonte de Alimentação Injetor PoE;2019004395;2019;DIBEM;;Pendente
Fonte De Alimentação Injetor Poe;Fonte de Alimentação Injetor PoE;2019004400;2019;DIBEM;;Pendente
Fonte De Alimentação Injetor Poe;Fonte de Alimentação Injetor PoE;2019004516;2019;DIBEM;;Pendente
Fonte De Alimentação Injetor Poe;Fonte de Alimentação Injetor PoE;2019004517;2019;DIBEM;;Pendente
Fonte De Alimentação Injetor Poe;Fonte de Alimentação Injetor PoE;2019004518;2019;DIBEM;;Pendente
Fonte De Alimentação Injetor Poe;Fonte de Alimentação Injetor PoE;2019004519;2019;DIBEM;;Pendente
Fonte De Alimentação Injetor Poe;Fonte de Alimentação Injetor PoE;2019004520;2019;DIBEM;;Pendente
Fonte De Alimentação Injetor Poe;Fonte de Alimentação Injetor PoE;2019004521;2019;DIBEM;;Pendente
Wirelles;WIRELLES;2019004565;2019;DIBEM;;Pendente
Wirelles;WIRELLES;2019004567;2019;CAME;;Pendente
Wirelles;WIRELLES;2019004568;2019;CAME;;Pendente
Wirelles;WIRELLES;2019004570;2019;DIBEM;;Pendente
Wirelles;WIRELLES;2019004571;2019;DIBEM;;Pendente
Wirelles;WIRELLES;2019004572;2019;DIBEM;;Pendente
Wirelles;WIRELLES;2019004573;2019;DIBEM;;Pendente
Wirelles;WIRELLES;2019004574;2019;DIBEM;Residencia 125;Inservível
Wirelles;WIRELLES;2019004575;2019;DIBEM;;Pendente
Wirelles;WIRELLES;2019004576;2019;DIBEM;Residencia 125;Ruim
Wirelles;WIRELLES;2019004577;2019;DIBEM;Residencia 125;Bom
Wirelles;WIRELLES;2019004578;2019;DIBEM;;Pendente
Wirelles;WIRELLES;2019004579;2019;DIBEM;;Pendente
Wirelles;WIRELLES;2019004580;2019;DIBEM;;Pendente
Wirelles;WIRELLES;2019004581;2019;DIBEM;;Pendente
Wirelles;WIRELLES;2019004582;2019;DIBEM;;Pendente
Wirelles;WIRELLES;2019004583;2019;DIBEM;;Pendente
Wirelles;WIRELLES;2019004584;2019;DIBEM;;Pendente
Wirelles;WIRELLES;2019004585;2019;DIBEM;;Pendente
Wirelles;WIRELLES;2019004586;2019;DIBEM;;Pendente
Wirelles;WIRELLES;2019004587;2019;DIBEM;;Pendente
Wirelles;WIRELLES;2019004588;2019;DIBEM;;Pendente
Wirelles;WIRELLES;2019004589;2019;DIBEM;;Pendente
Wirelles;WIRELLES;2019004590;2019;DIBEM;;Pendente
Wirelles;WIRELLES;2019004591;2019;DIBEM;;Pendente
Wirelles;WIRELLES;2019004592;2019;DIBEM;;Pendente
Wirelles;WIRELLES;2019004593;2019;DIBEM;;Pendente
Wirelles;WIRELLES;2019004594;2019;DIBEM;;Pendente
Wirelles;WIRELLES;2019004595;2019;DIBEM;;Pendente
Wirelles;WIRELLES;2019004596;2019;DIBEM;Residência 1601;Bom
Wirelles;WIRELLES;2019004597;2019;DIBEM;;Pendente
Wirelles;WIRELLES;2019004598;2019;DIBEM;;Pendente
Wirelles;WIRELLES;2019004599;2019;DIBEM;;Pendente
Wirelles;WIRELLES;2019004600;2019;DIBEM;Residencia 2133;Bom
Wirelles;WIRELLES;2019004712;2019;CAME;;Pendente
Wirelles;WIRELLES;2019004769;2019;DIBEM;;Pendente
Wirelles;WIRELLES;2019004770;2019;DIBEM;;Pendente
Wirelles;WIRELLES;2019004771;2019;DIBEM;;Pendente
Wirelles;WIRELLES;2019004772;2019;DIBEM;;Pendente
Wirelles;WIRELLES;2019004773;2019;DIBEM;;Pendente
Wirelles;WIRELLES;2019004774;2019;DIBEM;;Pendente
Telefone Sem Fio;TELEFONE SEM FIO;2019004834;2019;PRAE;;Pendente
Cadeira Odontologica;CADEIRA ODONTOLOGICA;2019004887;2019;CAME;;Pendente
Cadeira Odontologica;CADEIRA ODONTOLOGICA;2019004888;2019;CAME;;Pendente
Ar Condicionado 12.000 BTUs;APARELHO DE AR CONDICIONADO DE 12.000 BTUS;2019005201;2019;PRAE;;Pendente
Ar Condicionado 12.000 BTUs;APARELHO DE AR CONDICIONADO DE 12.000 BTUS;2019005202;2019;PRAE;;Pendente
Ar Condicionado 12.000 BTUs;APARELHO DE AR CONDICIONADO DE 12.000 BTUS;2019005203;2019;PRAE;;Pendente
Ar Condicionado 12.000 BTUs;APARELHO DE AR CONDICIONADO DE 12.000 BTUS;2019005204;2019;PRAE;;Pendente
Ar Condicionado 12.000 BTUs;APARELHO DE AR CONDICIONADO DE 12.000 BTUS;2019005205;2019;PRAE;;Pendente
Ar Condicionado 12.000 BTUs;APARELHO DE AR CONDICIONADO DE 12.000 BTUS;2019005206;2019;PRAE;;Pendente
Ar Condicionado 12.000 BTUs;APARELHO DE AR CONDICIONADO DE 12.000 BTUS;2019005207;2019;PRAE;;Pendente
Ar Condicionado 12.000 BTUs;APARELHO DE AR CONDICIONADO DE 12.000 BTUS;2019005208;2019;PRAE;;Pendente
Telefone Sem Fio;TELEFONE SEM FIO;2019005286;2019;PRAE;;Pendente
Cadeira Fixa;CADEIRA FIXA;2019006109;2019;DIBEM;;Pendente
Cadeira Fixa;CADEIRA FIXA;2019006110;2019;DIBEM;;Pendente
Cadeira Fixa;CADEIRA FIXA;2019006111;2019;DIBEM;;Pendente
Cadeira Fixa;CADEIRA FIXA;2019006112;2019;DIBEM;;Pendente
Cadeira Fixa;CADEIRA FIXA;2019006113;2019;DIBEM;;Pendente
Cadeira Fixa;CADEIRA FIXA;2019006114;2019;DIBEM;;Pendente
Cadeira Fixa;CADEIRA FIXA;2019006115;2019;DIBEM;;Pendente
Cadeira Fixa;CADEIRA FIXA;2019006116;2019;DIBEM;;Pendente
Cadeira Fixa;CADEIRA FIXA;2019006117;2019;DIBEM;;Pendente
Cadeira Fixa;CADEIRA FIXA;2019006118;2019;DIBEM;;Pendente
Cadeira Fixa;CADEIRA FIXA;2019006119;2019;DIBEM;;Pendente
Cadeira Fixa;CADEIRA FIXA;2019006120;2019;DIBEM;;Pendente
Cadeira Fixa;CADEIRA FIXA;2019006121;2019;DIBEM;;Pendente
Cadeira Fixa;CADEIRA FIXA;2019006122;2019;DIBEM;;Pendente
Cadeira Fixa;CADEIRA FIXA;2019006123;2019;DIBEM;;Pendente
Cadeira Fixa;CADEIRA FIXA;2019006124;2019;DIBEM;;Pendente
Cadeira Fixa;CADEIRA FIXA;2019006125;2019;DIBEM;Residencia 250;Bom
Cadeira Fixa;CADEIRA FIXA;2019006126;2019;DIBEM;;Pendente
Cadeira Fixa;CADEIRA FIXA;2019006127;2019;DIBEM;Residência 1601;Bom
Cadeira Fixa;CADEIRA FIXA;2019006128;2019;DIBEM;;Pendente
Cadeira Fixa;CADEIRA FIXA;2019006129;2019;DIBEM;;Pendente
Cadeira Fixa;CADEIRA FIXA;2019006130;2019;DIBEM;;Pendente
Cadeira Fixa;CADEIRA FIXA;2019006131;2019;DIBEM;;Pendente
Cadeira Fixa;CADEIRA FIXA;2019006132;2019;DIBEM;;Pendente
Cadeira Fixa;CADEIRA FIXA;2019006133;2019;DIBEM;;Pendente
Cadeira Fixa;CADEIRA FIXA;2019006134;2019;DIBEM;;Pendente
Cadeira Fixa;CADEIRA FIXA;2019006135;2019;DIBEM;;Pendente
Cadeira Fixa;CADEIRA FIXA;2019006136;2019;DIBEM;;Pendente
Cadeira Fixa;CADEIRA FIXA;2019006137;2019;DIBEM;;Pendente
Cadeira Fixa;CADEIRA FIXA;2019006138;2019;DIBEM;;Pendente
Cadeira Fixa;CADEIRA FIXA;2019006139;2019;DIBEM;;Pendente
Cadeira Fixa;CADEIRA FIXA;2019006140;2019;DIBEM;;Pendente
Cadeira Fixa;CADEIRA FIXA;2019006141;2019;DIBEM;;Pendente
Cadeira Fixa;CADEIRA FIXA;2019006142;2019;DIBEM;;Pendente
Cadeira Fixa;CADEIRA FIXA;2019006143;2019;DIBEM;;Pendente
Cadeira Fixa;CADEIRA FIXA;2019006144;2019;DIBEM;;Pendente
Cadeira Fixa;CADEIRA FIXA;2019006145;2019;DIBEM;;Pendente
Cadeira Fixa;CADEIRA FIXA;2019006146;2019;DIBEM;;Pendente
Cadeira Fixa;CADEIRA FIXA;2019006147;2019;DIBEM;;Pendente
Cadeira Fixa;CADEIRA FIXA;2019006148;2019;DIBEM;;Pendente
Cadeira Fixa;CADEIRA FIXA;2019006149;2019;DIBEM;;Pendente
Cadeira Fixa;CADEIRA FIXA;2019006150;2019;DIBEM;;Pendente
Cadeira Fixa;CADEIRA FIXA;2019006151;2019;DIBEM;;Pendente
Cadeira Fixa;CADEIRA FIXA;2019006152;2019;DIBEM;;Pendente
Cadeira Fixa;CADEIRA FIXA;2019006153;2019;DIBEM;;Pendente
Cadeira Fixa;CADEIRA FIXA;2019006154;2019;DIBEM;;Pendente
Cadeira Fixa;CADEIRA FIXA;2019006155;2019;DIBEM;;Pendente
Cadeira Fixa;CADEIRA FIXA;2019006156;2019;DIBEM;;Pendente
Cadeira Fixa;CADEIRA FIXA;2019006157;2019;DIBEM;;Pendente
Cadeira Fixa;CADEIRA FIXA;2019006158;2019;DIBEM;;Pendente
Cadeira Fixa;CADEIRA FIXA;2019006159;2019;DIBEM;;Pendente
Cadeira Fixa;CADEIRA FIXA;2019006160;2019;DIBEM;;Pendente
Cadeira Fixa;CADEIRA FIXA;2019006161;2019;DIBEM;;Pendente
Cadeira Fixa;CADEIRA FIXA;2019006162;2019;DIBEM;;Pendente
Cadeira Fixa;CADEIRA FIXA;2019006163;2019;DIBEM;;Pendente
Cadeira Fixa;CADEIRA FIXA;2019006164;2019;DIBEM;;Pendente
Cadeira Fixa;CADEIRA FIXA;2019006165;2019;DIBEM;;Pendente
Cadeira Fixa;CADEIRA FIXA;2019006166;2019;DIBEM;;Pendente
Cadeira Fixa;CADEIRA FIXA;2019006167;2019;DIBEM;;Pendente
Cadeira Fixa;CADEIRA FIXA;2019006168;2019;DIBEM;;Pendente
Telefone Sem Fio;TELEFONE SEM FIO;2019006392;2019;CRU;;Pendente
Telefone Sem Fio;TELEFONE SEM FIO;2019006393;2019;CRU;;Pendente
Telefone Sem Fio;TELEFONE SEM FIO;2019006394;2019;PRAE;;Pendente
Telefone Sem Fio;TELEFONE SEM FIO;2019006395;2019;PRAE;;Pendente
Telefone Sem Fio;TELEFONE SEM FIO;2019006396;2019;PRAE;;Pendente
Telefone Sem Fio;TELEFONE SEM FIO;2019006397;2019;PRAE;;Pendente
Telefone Sem Fio;TELEFONE SEM FIO;2019006398;2019;PRAE;;Pendente
Telefone Sem Fio;TELEFONE SEM FIO;2019006399;2019;PRAE;;Pendente
Colchao;COLCHAO;2020001622;2020;CASE;;Pendente
Colchao;COLCHAO;2020001623;2020;CASE;;Pendente
Colchao;COLCHAO;2020001624;2020;CASE;;Pendente
Colchao;COLCHAO;2020001625;2020;CASE;;Pendente
Colchao;COLCHAO;2020001626;2020;CASE;;Pendente
Colchao;COLCHAO;2020001627;2020;CASE;;Pendente
Colchao;COLCHAO;2020001628;2020;CASE;;Pendente
Colchao;COLCHAO;2020001629;2020;CASE;;Pendente
Colchao;COLCHAO;2020001630;2020;CASE;;Pendente
Colchao;COLCHAO;2020001631;2020;CASE;;Pendente
Colchao;COLCHAO;2020001632;2020;CASE;;Pendente
Colchao;COLCHAO;2020001633;2020;CASE;;Pendente
Colchao;COLCHAO;2020001634;2020;CASE;;Pendente
Colchao;COLCHAO;2020001635;2020;CASE;;Pendente
Colchao;COLCHAO;2020001636;2020;CASE;;Pendente
Colchao;COLCHAO;2020001637;2020;CASE;;Pendente
Colchao;COLCHAO;2020001638;2020;CASE;;Pendente
Colchao;COLCHAO;2020001639;2020;CASE;;Pendente
Colchao;COLCHAO;2020001640;2020;CASE;;Pendente
Colchao;COLCHAO;2020001641;2020;CASE;;Pendente
Colchao;COLCHAO;2020001642;2020;CASE;;Pendente
Colchao;COLCHAO;2020001643;2020;CASE;;Pendente
Colchao;COLCHAO;2020001644;2020;CASE;;Pendente
Colchao;COLCHAO;2020001645;2020;CASE;;Pendente
Colchao;COLCHAO;2020001646;2020;CASE;;Pendente
Colchao;COLCHAO;2020001647;2020;CASE;;Pendente
Colchao;COLCHAO;2020001648;2020;CASE;;Pendente
Colchao;COLCHAO;2020001649;2020;CASE;;Pendente
Colchao;COLCHAO;2020001650;2020;CASE;;Pendente
Colchao;COLCHAO;2020001651;2020;CASE;;Pendente
Colchao;COLCHAO;2020001652;2020;CASE;;Pendente
Colchao;COLCHAO;2020001653;2020;CASE;;Pendente
Colchao;COLCHAO;2020001654;2020;CASE;;Pendente
Colchao;COLCHAO;2020001655;2020;CASE;;Pendente
Colchao;COLCHAO;2020001656;2020;CASE;;Pendente
Colchao;COLCHAO;2020001657;2020;CASE;;Pendente
Colchao;COLCHAO;2020001658;2020;CASE;;Pendente
Colchao;COLCHAO;2020001659;2020;CASE;;Pendente
Colchao;COLCHAO;2020001660;2020;CASE;;Pendente
Colchao;COLCHAO;2020001661;2020;CASE;;Pendente
Colchao;COLCHAO;2020001662;2020;CASE;;Pendente
Colchao;COLCHAO;2020001663;2020;CASE;;Pendente
Colchao;COLCHAO;2020001664;2020;CASE;;Pendente
Colchao;COLCHAO;2020001665;2020;CASE;;Pendente
Colchao;COLCHAO;2020001666;2020;CASE;;Pendente
Colchao;COLCHAO;2020001667;2020;CASE;;Pendente
Colchao;COLCHAO;2020001668;2020;CASE;;Pendente
Colchao;COLCHAO;2020001669;2020;CASE;;Pendente
Colchao;COLCHAO;2020001670;2020;CASE;;Pendente
Colchao;COLCHAO;2020001671;2020;CASE;;Pendente
Colchao;COLCHAO;2020001672;2020;CASE;;Pendente
Colchao;COLCHAO;2020001673;2020;CASE;;Pendente
Colchao;COLCHAO;2020001674;2020;CASE;;Pendente
Colchao;COLCHAO;2020001675;2020;CASE;;Pendente
Colchao;COLCHAO;2020001676;2020;CASE;;Pendente
Colchao;COLCHAO;2020001677;2020;CASE;;Pendente
Colchao;COLCHAO;2020001678;2020;CASE;;Pendente
Colchao;COLCHAO;2020001679;2020;CASE;;Pendente
Colchao;COLCHAO;2020001680;2020;CASE;;Pendente
Colchao;COLCHAO;2020001681;2020;CASE;;Pendente
Colchao;COLCHAO;2020001682;2020;CASE;;Pendente
Colchao;COLCHAO;2020001683;2020;CASE;;Pendente
Colchao;COLCHAO;2020001684;2020;CASE;;Pendente
Colchao;COLCHAO;2020001685;2020;CASE;;Pendente
Colchao;COLCHAO;2020001686;2020;CASE;;Pendente
Colchao;COLCHAO;2020001687;2020;CASE;;Pendente
Colchao;COLCHAO;2020001688;2020;CASE;;Pendente
Colchao;COLCHAO;2020001689;2020;CASE;;Pendente
Colchao;COLCHAO;2020001690;2020;CASE;;Pendente
Colchao;COLCHAO;2020001691;2020;CASE;;Pendente
Colchao;COLCHAO;2020001692;2020;CASE;;Pendente
Colchao;COLCHAO;2020001693;2020;CASE;;Pendente
Colchao;COLCHAO;2020001694;2020;CASE;;Pendente
Colchao;COLCHAO;2020001695;2020;CASE;;Pendente
Colchao;COLCHAO;2020001696;2020;CASE;;Pendente
Colchao;COLCHAO;2020001697;2020;CASE;;Pendente
Colchao;COLCHAO;2020001698;2020;CASE;;Pendente
Colchao;COLCHAO;2020001699;2020;CASE;;Pendente
Colchao;COLCHAO;2020001700;2020;CASE;;Pendente
Colchao;COLCHAO;2020001701;2020;CASE;;Pendente
Colchao;COLCHAO;2020001702;2020;CASE;;Pendente
Colchao;COLCHAO;2020001703;2020;CASE;;Pendente
Colchao;COLCHAO;2020001704;2020;CASE;;Pendente
Colchao;COLCHAO;2020001705;2020;CASE;;Pendente
Colchao;COLCHAO;2020001706;2020;CASE;;Pendente
Colchao;COLCHAO;2020001707;2020;CASE;;Pendente
Colchao;COLCHAO;2020001708;2020;CASE;;Pendente
Colchao;COLCHAO;2020001709;2020;CASE;;Pendente
Colchao;COLCHAO;2020001710;2020;CASE;;Pendente
Colchao;COLCHAO;2020001711;2020;CASE;;Pendente
Colchao;COLCHAO;2020001712;2020;CASE;;Pendente
Colchao;COLCHAO;2020001713;2020;CASE;;Pendente
Colchao;COLCHAO;2020001714;2020;CASE;;Pendente
Colchao;COLCHAO;2020001715;2020;CASE;;Pendente
Colchao;COLCHAO;2020001716;2020;CASE;;Pendente
Colchao;COLCHAO;2020001717;2020;CASE;;Pendente
Colchao;COLCHAO;2020001718;2020;CASE;;Pendente
Colchao;COLCHAO;2020001719;2020;CASE;;Pendente
Colchao;COLCHAO;2020001720;2020;CASE;;Pendente
Colchao;COLCHAO;2020001721;2020;CASE;;Pendente
Colchao;COLCHAO;2020001722;2020;CASE;;Pendente
Colchao;COLCHAO;2020001723;2020;CASE;;Pendente
Colchao;COLCHAO;2020001724;2020;CASE;;Pendente
Colchao;COLCHAO;2020001725;2020;CASE;;Pendente
Colchao;COLCHAO;2020001726;2020;CASE;;Pendente
Colchao;COLCHAO;2020001727;2020;CASE;;Pendente
Colchao;COLCHAO;2020001728;2020;CASE;;Pendente
Colchao;COLCHAO;2020001729;2020;CASE;;Pendente
Colchao;COLCHAO;2020001730;2020;CASE;;Pendente
Colchao;COLCHAO;2020001731;2020;CASE;;Pendente
Colchao;COLCHAO;2020001732;2020;CASE;;Pendente
Colchao;COLCHAO;2020001733;2020;CASE;;Pendente
Colchao;COLCHAO;2020001734;2020;CASE;;Pendente
Colchao;COLCHAO;2020001735;2020;CASE;;Pendente
Colchao;COLCHAO;2020001736;2020;CASE;;Pendente
Colchao;COLCHAO;2020001737;2020;CASE;;Pendente
Colchao;COLCHAO;2020001738;2020;CASE;;Pendente
Colchao;COLCHAO;2020001739;2020;CASE;;Pendente
Colchao;COLCHAO;2020001740;2020;CASE;;Pendente
Colchao;COLCHAO;2020001741;2020;CASE;;Pendente
Colchao;COLCHAO;2020001742;2020;CASE;;Pendente
Colchao;COLCHAO;2020001743;2020;CASE;;Pendente
Colchao;COLCHAO;2020001744;2020;CASE;;Pendente
Colchao;COLCHAO;2020001745;2020;CASE;;Pendente
Colchao;COLCHAO;2020001746;2020;CASE;;Pendente
Colchao;COLCHAO;2020001747;2020;CASE;;Pendente
Colchao;COLCHAO;2020001748;2020;CASE;;Pendente
Colchao;COLCHAO;2020001749;2020;CASE;;Pendente
Colchao;COLCHAO;2020001750;2020;CASE;;Pendente
Colchao;COLCHAO;2020001751;2020;CASE;;Pendente
Colchao;COLCHAO;2020001752;2020;CASE;;Pendente
Colchao;COLCHAO;2020001753;2020;CASE;;Pendente
Colchao;COLCHAO;2020001754;2020;CASE;;Pendente
Colchao;COLCHAO;2020001755;2020;CASE;;Pendente
Colchao;COLCHAO;2020001756;2020;CASE;;Pendente
Colchao;COLCHAO;2020001757;2020;CASE;;Pendente
Colchao;COLCHAO;2020001758;2020;CASE;;Pendente
Colchao;COLCHAO;2020001759;2020;CASE;;Pendente
Colchao;COLCHAO;2020001760;2020;CASE;;Pendente
Colchao;COLCHAO;2020001761;2020;CASE;;Pendente
Colchao;COLCHAO;2020001762;2020;CASE;;Pendente
Colchao;COLCHAO;2020001763;2020;CASE;;Pendente
Colchao;COLCHAO;2020001764;2020;CASE;;Pendente
Colchao;COLCHAO;2020001765;2020;CASE;;Pendente
Colchao;COLCHAO;2020001766;2020;CASE;;Pendente
Colchao;COLCHAO;2020001767;2020;CASE;;Pendente
Colchao;COLCHAO;2020001768;2020;CASE;;Pendente
Colchao;COLCHAO;2020001769;2020;CASE;;Pendente
Colchao;COLCHAO;2020001770;2020;CASE;;Pendente
Colchao;COLCHAO;2020001771;2020;CASE;;Pendente
Colchao;COLCHAO;2020001772;2020;CASE;;Pendente
Colchao;COLCHAO;2020001773;2020;CASE;;Pendente
Colchao;COLCHAO;2020001774;2020;CASE;;Pendente
Colchao;COLCHAO;2020001775;2020;CASE;;Pendente
Colchao;COLCHAO;2020001776;2020;CASE;;Pendente
Colchao;COLCHAO;2020001777;2020;CASE;;Pendente
Colchao;COLCHAO;2020001778;2020;CASE;;Pendente
Colchao;COLCHAO;2020001779;2020;CASE;;Pendente
Colchao;COLCHAO;2020001780;2020;CASE;;Pendente
Colchao;COLCHAO;2020001781;2020;CASE;;Pendente
Colchao;COLCHAO;2020001782;2020;CASE;;Pendente
Colchao;COLCHAO;2020001783;2020;CASE;;Pendente
Colchao;COLCHAO;2020001784;2020;CASE;;Pendente
Colchao;COLCHAO;2020001785;2020;CASE;;Pendente
Colchao;COLCHAO;2020001786;2020;CASE;;Pendente
Colchao;COLCHAO;2020001787;2020;CASE;;Pendente
Colchao;COLCHAO;2020001788;2020;CASE;;Pendente
Colchao;COLCHAO;2020001789;2020;CASE;;Pendente
Colchao;COLCHAO;2020001790;2020;CASE;;Pendente
Colchao;COLCHAO;2020001791;2020;CASE;;Pendente
Colchao;COLCHAO;2020001792;2020;CASE;;Pendente
Colchao;COLCHAO;2020001793;2020;CASE;;Pendente
Colchao;COLCHAO;2020001794;2020;CASE;;Pendente
Colchao;COLCHAO;2020001795;2020;CASE;;Pendente
Colchao;COLCHAO;2020001796;2020;CASE;;Pendente
Colchao;COLCHAO;2020001797;2020;CASE;;Pendente
Colchao;COLCHAO;2020001798;2020;CASE;;Pendente
Colchao;COLCHAO;2020001799;2020;CASE;;Pendente
Colchao;COLCHAO;2020001800;2020;CASE;;Pendente
Colchao;COLCHAO;2020001801;2020;CASE;;Pendente
Colchao;COLCHAO;2020001802;2020;CASE;;Pendente
Colchao;COLCHAO;2020001803;2020;CASE;;Pendente
Colchao;COLCHAO;2020001804;2020;CASE;;Pendente
Colchao;COLCHAO;2020001805;2020;CASE;;Pendente
Colchao;COLCHAO;2020001806;2020;CASE;;Pendente
Colchao;COLCHAO;2020001807;2020;CASE;;Pendente
Colchao;COLCHAO;2020001808;2020;CASE;;Pendente
Colchao;COLCHAO;2020001809;2020;CASE;;Pendente
Colchao;COLCHAO;2020001810;2020;CASE;;Pendente
Colchao;COLCHAO;2020001811;2020;CASE;;Pendente
Colchao;COLCHAO;2020001812;2020;CASE;;Pendente
Colchao;COLCHAO;2020001813;2020;CASE;;Pendente
Colchao;COLCHAO;2020001814;2020;CASE;;Pendente
Colchao;COLCHAO;2020001815;2020;CASE;;Pendente
Colchao;COLCHAO;2020001816;2020;CASE;;Pendente
Colchao;COLCHAO;2020001817;2020;CASE;;Pendente
Colchao;COLCHAO;2020001818;2020;CASE;;Pendente
Colchao;COLCHAO;2020001819;2020;CASE;;Pendente
Colchao;COLCHAO;2020001820;2020;CASE;;Pendente
Colchao;COLCHAO;2020001821;2020;CASE;;Pendente
Gaveteiro;GAVETEIRO;2020002860;2020;PRAE;;Pendente
Gaveteiro;GAVETEIRO;2020002861;2020;PRAE;;Pendente
Armário Arquivo;ARMÁRIO ARQUIVO;2020003238;2020;CAME;;Pendente
Armário Arquivo;ARMÁRIO ARQUIVO;2020003239;2020;CAME;;Pendente
Armário Arquivo;ARMÁRIO ARQUIVO;2020003240;2020;CAME;;Pendente
Armário Arquivo;ARMÁRIO ARQUIVO;2020003241;2020;CAME;;Pendente
Armário Alto Misto;ARMÁRIO ALTO MISTO;2020003242;2020;CAME;;Pendente
Armário Alto Misto;ARMÁRIO ALTO MISTO;2020003243;2020;CAME;;Pendente
Armário Alto Misto;ARMÁRIO ALTO MISTO;2020003244;2020;CAME;;Pendente
Armário Alto Misto;ARMÁRIO ALTO MISTO;2020003245;2020;CAME;;Pendente
Armário Alto Misto;ARMÁRIO ALTO MISTO;2020003246;2020;CAME;;Pendente
Armário Alto Misto;ARMÁRIO ALTO MISTO;2020003247;2020;CAME;;Pendente
Armário Alto Misto;ARMÁRIO ALTO MISTO;2020003248;2020;CAME;;Pendente
Armário Alto Misto;ARMÁRIO ALTO MISTO;2020003249;2020;CAME;;Pendente
Armário Alto Misto;ARMÁRIO ALTO MISTO;2020003250;2020;CAME;;Pendente
Gaveteiro (5 Gavetas);GAVETEIRO (5 GAVETAS);2020003251;2020;CAME;;Pendente
Gaveteiro (5 Gavetas);GAVETEIRO (5 GAVETAS);2020003252;2020;CAME;;Pendente
Gaveteiro (5 Gavetas);GAVETEIRO (5 GAVETAS);2020003253;2020;CAME;;Pendente
Gaveteiro (5 Gavetas);GAVETEIRO (5 GAVETAS);2020003254;2020;CAME;;Pendente
Gaveteiro (5 Gavetas);GAVETEIRO (5 GAVETAS);2020003255;2020;CAME;;Pendente
Gaveteiro (5 Gavetas);GAVETEIRO (5 GAVETAS);2020003256;2020;CAME;;Pendente
Gaveteiro (5 Gavetas);GAVETEIRO (5 GAVETAS);2020003257;2020;CAME;;Pendente
Gaveteiro (5 Gavetas);GAVETEIRO (5 GAVETAS);2020003258;2020;CAME;;Pendente
Gaveteiro (5 Gavetas);GAVETEIRO (5 GAVETAS);2020003259;2020;CAME;;Pendente
Gaveteiro (5 Gavetas);GAVETEIRO (5 GAVETAS);2020003260;2020;CAME;;Pendente
Gaveteiro (5 Gavetas);GAVETEIRO (5 GAVETAS);2020003261;2020;CAME;;Pendente
Mesa Angular ;MESA ANGULAR;2020003266;2020;CAME;;Pendente
Mesa Angular ;MESA ANGULAR;2020003267;2020;CAME;;Pendente
Mesa Angular ;MESA ANGULAR;2020003268;2020;CAME;;Pendente
Mesa Angular ;MESA ANGULAR;2020003270;2020;CAME;;Pendente
Mesa Angular ;MESA ANGULAR;2020003271;2020;CAME;;Pendente
Computador (Desktop);MICROCOMPUTADOR;2020003946;2020;DIBEM;Residência 25;Ruim
Computador (Desktop);MICROCOMPUTADOR;2020003947;2020;DIBEM;;Pendente
Computador (Desktop);MICROCOMPUTADOR;2020003948;2020;DIBEM;;Pendente
Computador (Desktop);MICROCOMPUTADOR;2020003949;2020;DIBEM;;Pendente
Computador (Desktop);MICROCOMPUTADOR;2020003950;2020;DIBEM;;Pendente
Computador (Desktop);MICROCOMPUTADOR;2020003951;2020;DIBEM;;Pendente
Computador (Desktop);MICROCOMPUTADOR;2020003952;2020;DIBEM;;Pendente
Computador (Desktop);MICROCOMPUTADOR;2020003953;2020;DIBEM;;Pendente
Computador (Desktop);MICROCOMPUTADOR;2020003954;2020;DIBEM;;Pendente
Computador (Desktop);MICROCOMPUTADOR;2020003955;2020;DIBEM;;Pendente
Computador (Desktop);MICROCOMPUTADOR;2020003956;2020;DIBEM;Residencia 125;Bom
Computador (Desktop);MICROCOMPUTADOR;2020003957;2020;DIBEM;Residencia 125;Bom
Computador (Desktop);MICROCOMPUTADOR;2020003958;2020;DIBEM;;Pendente
Computador (Desktop);MICROCOMPUTADOR;2020003959;2020;DIBEM;;Pendente
Computador (Desktop);MICROCOMPUTADOR;2020003960;2020;DIBEM;Residencia 125;Bom
Computador (Desktop);MICROCOMPUTADOR;2020003961;2020;DIBEM;Residência 148;Inservível
Computador (Desktop);MICROCOMPUTADOR;2020003962;2020;DIBEM;;Pendente
Computador (Desktop);MICROCOMPUTADOR;2020003963;2020;DIBEM;;Pendente
Computador (Desktop);MICROCOMPUTADOR;2020003964;2020;DIBEM;;Pendente
Computador (Desktop);MICROCOMPUTADOR;2020003965;2020;DIBEM;;Pendente
Computador (Desktop);MICROCOMPUTADOR;2020003966;2020;DIBEM;;Pendente
Computador (Desktop);MICROCOMPUTADOR;2020003967;2020;DIBEM;Residência 1601;Ruim
Computador (Desktop);MICROCOMPUTADOR;2020003968;2020;DIBEM;Residencia 2133;Bom
Computador (Desktop);MICROCOMPUTADOR;2020003969;2020;DIBEM;;Pendente
Computador (Desktop);MICROCOMPUTADOR;2020003970;2020;DIBEM;Residencia 2216;Bom
Computador (Desktop);MICROCOMPUTADOR;2020003971;2020;DIBEM;;Pendente
Computador (Desktop);MICROCOMPUTADOR;2020003972;2020;DIBEM;;Pendente
Computador (Desktop);MICROCOMPUTADOR;2020003973;2020;DIBEM;Residencia 250;Ruim
Computador (Desktop);MICROCOMPUTADOR;2020003974;2020;DIBEM;;Pendente
Computador (Desktop);MICROCOMPUTADOR;2020003975;2020;PRAE;;Pendente
Computador (Desktop);MICROCOMPUTADOR;2020003976;2020;PRAE;;Pendente
Computador (Desktop);MICROCOMPUTADOR;2020003977;2020;PRAE;;Pendente
Computador (Desktop);MICROCOMPUTADOR;2020003978;2020;PRAE;;Pendente
Computador (Desktop);MICROCOMPUTADOR;2020003979;2020;PRAE;;Pendente
Computador (Desktop);MICROCOMPUTADOR;2020003980;2020;PRAE;;Pendente
Computador (Desktop);MICROCOMPUTADOR;2020003981;2020;PRAE;;Pendente
Computador (Desktop);MICROCOMPUTADOR;2020003982;2020;PRAE;;Pendente
Computador (Desktop);MICROCOMPUTADOR;2020003983;2020;PRAE;;Pendente
Computador (Desktop);MICROCOMPUTADOR;2020003984;2020;PRAE;;Pendente
Estacao De Trabalho;ESTACAO DE TRABALHO;2020004420;2020;PRAE;;Pendente
Estacao De Trabalho;ESTACAO DE TRABALHO;2020004431;2020;CRU;;Pendente
Mesa Angular 1200X1400X730;MESA ANGULAR 1200 X 1400 X 730MM;2020005350;2020;PRAE;;Pendente
Mesa Angular 1200X1400X730;MESA ANGULAR 1200 X 1400 X 730MM;2020005351;2020;PRAE;;Pendente
Armário Tipo Balcão 900 X 600 X 730Mm;ARMÁRIO TIPO BALCÃO 900 X 600 X 730MM;2020005352;2020;CAME;;Pendente
Armário Tipo Balcão 900 X 600 X 730Mm;ARMÁRIO TIPO BALCÃO 900 X 600 X 730MM;2020005353;2020;CAME;;Pendente
Armário Tipo Balcão 900 X 600 X 730Mm;ARMÁRIO TIPO BALCÃO 900 X 600 X 730MM;2020005354;2020;CAME;;Pendente
Armário Tipo Balcão 900 X 600 X 730Mm;ARMÁRIO TIPO BALCÃO 900 X 600 X 730MM;2020005355;2020;CAME;;Pendente
Armário Tipo Balcão 900 X 600 X 730Mm;ARMÁRIO TIPO BALCÃO 900 X 600 X 730MM;2020005356;2020;CAME;;Pendente
Armário Tipo Balcão 900 X 600 X 730Mm;ARMÁRIO TIPO BALCÃO 900 X 600 X 730MM;2020005357;2020;CAME;;Pendente
Armário Tipo Balcão 900 X 600 X 730Mm;ARMÁRIO TIPO BALCÃO 900 X 600 X 730MM;2020005360;2020;CAME;;Pendente
Armário Estante 460 X 500 X 2100 Mm;ARMÁRIO ESTANTE 460 X 500 X 2100 MM;2020005364;2020;CAME;;Pendente
Armário Estante 460 X 500 X 1400 Mm;ARMÁRIO ESTANTE 460 X 500 X 1400 MM;2020005365;2020;CAME;;Pendente
Armário Estante 460 X 500 X 2100 Mm;ARMÁRIO ESTANTE 460 X 500 X 2100 MM;2020005366;2020;CAME;;Pendente
Armário Estante 460 X 500 X 2100 Mm;ARMÁRIO ESTANTE 460 X 500 X 2100 MM;2020005367;2020;CAME;;Pendente
Armário Estante 460 X 500 X 2100 Mm;ARMÁRIO ESTANTE 460 X 500 X 2100 MM;2020005368;2020;CAME;;Pendente
Cadeira Interlocutor Com Braço;CADEIRA INTERLOCUTOR COM BRAÇO;2020005399;2020;CAME;;Pendente
Cadeira Interlocutor Com Braço;CADEIRA INTERLOCUTOR COM BRAÇO;2020005400;2020;CAME;;Pendente
Cadeira Interlocutor Com Braço;CADEIRA INTERLOCUTOR COM BRAÇO;2020005401;2020;CAME;;Pendente
Cadeira Interlocutor Com Braço;CADEIRA INTERLOCUTOR COM BRAÇO;2020005402;2020;CAME;;Pendente
Cadeira Interlocutor Com Braço;CADEIRA INTERLOCUTOR COM BRAÇO;2020005403;2020;CAME;;Pendente
Cadeira Interlocutor Com Braço;CADEIRA INTERLOCUTOR COM BRAÇO;2020005404;2020;CAME;;Pendente
Cadeira Interlocutor Com Braço;CADEIRA INTERLOCUTOR COM BRAÇO;2020005405;2020;CAME;;Pendente
Cadeira Interlocutor Com Braço;CADEIRA INTERLOCUTOR COM BRAÇO;2020005407;2020;CAME;;Pendente
Cadeira Interlocutor Com Braço;CADEIRA INTERLOCUTOR COM BRAÇO;2020005408;2020;CAME;;Pendente
Cadeira Interlocutor Com Braço;CADEIRA INTERLOCUTOR COM BRAÇO;2020005409;2020;CAME;;Pendente
Cadeira Interlocutor Com Braço;CADEIRA INTERLOCUTOR COM BRAÇO;2020005410;2020;CAME;;Pendente
Cadeira Interlocutor Com Braço;CADEIRA INTERLOCUTOR COM BRAÇO;2020005412;2020;CAME;;Pendente
Cadeira Interlocutor Com Braço;CADEIRA INTERLOCUTOR COM BRAÇO;2020005413;2020;CAME;;Pendente
Cadeira Interlocutor Com Braço;CADEIRA INTERLOCUTOR COM BRAÇO;2020005414;2020;CAME;;Pendente
Cadeira Interlocutor Com Braço;CADEIRA INTERLOCUTOR COM BRAÇO;2020005415;2020;CAME;;Pendente
Cadeira Interlocutor Com Braço;CADEIRA INTERLOCUTOR COM BRAÇO;2020005416;2020;CAME;;Pendente
Cadeira Interlocutor Com Braço;CADEIRA INTERLOCUTOR COM BRAÇO;2020005417;2020;CAME;;Pendente
Cadeira Interlocutor Com Braço;CADEIRA INTERLOCUTOR COM BRAÇO;2020005418;2020;CAME;;Pendente
Cadeira Interlocutor Com Braço;CADEIRA INTERLOCUTOR COM BRAÇO;2020005419;2020;CAME;;Pendente
Cadeira Interlocutor Com Braço;CADEIRA INTERLOCUTOR COM BRAÇO;2020005420;2020;CAME;;Pendente
Cadeira Interlocutor Com Braço;CADEIRA INTERLOCUTOR COM BRAÇO;2020005421;2020;CAME;;Pendente
Cadeira Interlocutor Com Braço;CADEIRA INTERLOCUTOR COM BRAÇO;2020005422;2020;CAME;;Pendente
Cadeira Interlocutor Com Braço;CADEIRA INTERLOCUTOR COM BRAÇO;2020005423;2020;CAME;;Pendente
Cadeira Interlocutor Com Braço;CADEIRA INTERLOCUTOR COM BRAÇO;2020005424;2020;CAME;;Pendente
Cadeira Interlocutor Com Braço;CADEIRA INTERLOCUTOR COM BRAÇO;2020005425;2020;CAME;;Pendente
Cadeira Interlocutor Com Braço;CADEIRA INTERLOCUTOR COM BRAÇO;2020005426;2020;CAME;;Pendente
Cadeira Interlocutor Com Braço;CADEIRA INTERLOCUTOR COM BRAÇO;2020005427;2020;CAME;;Pendente
Cadeira Interlocutor Com Braço;CADEIRA INTERLOCUTOR COM BRAÇO;2020005428;2020;CAME;;Pendente
Cadeira Interlocutor Com Braço;CADEIRA INTERLOCUTOR COM BRAÇO;2020005429;2020;CAME;;Pendente
Cadeira Interlocutor Com Braço;CADEIRA INTERLOCUTOR COM BRAÇO;2020005430;2020;CAME;;Pendente
Cadeira Interlocutor Com Braço;CADEIRA INTERLOCUTOR COM BRAÇO;2020005431;2020;CAME;;Pendente
Cadeira Interlocutor Com Braço;CADEIRA INTERLOCUTOR COM BRAÇO;2020005432;2020;CAME;;Pendente
Cadeira Interlocutor Com Braço;CADEIRA INTERLOCUTOR COM BRAÇO;2020005433;2020;CAME;;Pendente
Gaveteiro Volante (2 Gavetas E 1 Gavetão);GAVETEIRO VOLANTE (2 GAVETAS E 1 GAVETÃO);2020005435;2020;CAME;;Pendente
Gaveteiro Volante (2 Gavetas E 1 Gavetão);GAVETEIRO VOLANTE (2 GAVETAS E 1 GAVETÃO);2020005436;2020;CAME;;Pendente
Gaveteiro Volante (2 Gavetas E 1 Gavetão);GAVETEIRO VOLANTE (2 GAVETAS E 1 GAVETÃO);2020005437;2020;CAME;;Pendente
Gaveteiro Volante (2 Gavetas E 1 Gavetão);GAVETEIRO VOLANTE (2 GAVETAS E 1 GAVETÃO);2020005438;2020;CAME;;Pendente
Gaveteiro Volante (2 Gavetas E 1 Gavetão);GAVETEIRO VOLANTE (2 GAVETAS E 1 GAVETÃO);2020005439;2020;CAME;;Pendente
Gaveteiro Volante (2 Gavetas E 1 Gavetão);GAVETEIRO VOLANTE (2 GAVETAS E 1 GAVETÃO);2020005440;2020;CAME;;Pendente
Gaveteiro Volante (2 Gavetas E 1 Gavetão);GAVETEIRO VOLANTE (2 GAVETAS E 1 GAVETÃO);2020005441;2020;CAME;;Pendente
Gaveteiro Volante (2 Gavetas E 1 Gavetão);GAVETEIRO VOLANTE (2 GAVETAS E 1 GAVETÃO);2020005442;2020;CAME;;Pendente
Gaveteiro Volante (2 Gavetas E 1 Gavetão);GAVETEIRO VOLANTE (2 GAVETAS E 1 GAVETÃO);2020005443;2020;CAME;;Pendente
Gaveteiro Volante (2 Gavetas E 1 Gavetão);GAVETEIRO VOLANTE (2 GAVETAS E 1 GAVETÃO);2020005444;2020;CAME;;Pendente
Mesa Angular 1300X1300X730;MESA ANGULAR 1300 X 1300 X 730MM;2020005445;2020;CAME;;Pendente
Mesa Angular 1300X1300X730;MESA ANGULAR 1300 X 1300 X 730MM;2020005446;2020;CAME;;Pendente
Mesa Angular 1300X1300X730;MESA ANGULAR 1300 X 1300 X 730MM;2020005447;2020;CAME;;Pendente
Mesa Angular 1300X1300X730;MESA ANGULAR 1300 X 1300 X 730MM;2020005448;2020;CAME;;Pendente
Mesa Angular 1300X1300X730;MESA ANGULAR 1300 X 1300 X 730MM;2020005449;2020;CAME;;Pendente
Mesa Angular 1300X1300X730;MESA ANGULAR 1300 X 1300 X 730MM;2020005450;2020;CAME;;Pendente
Mesa Angular 1300X1300X730;MESA ANGULAR 1300 X 1300 X 730MM;2020005451;2020;CAME;;Pendente
Mesa Reunião 1200X2000X730;MESA DE REUNIÃO BOTE 1200 X 2000 X 730MM;2020005453;2020;CAME;;Pendente
Ar Condicionado 24.000 BTUs;APARELHO DE AR CONDICIONADO DE 24.000 BTUS;2020006650;2020;CAME;;Pendente
Ar Condicionado 24.000 BTUs;APARELHO DE AR CONDICIONADO DE 24.000 BTUS;2020006651;2020;CAME;;Pendente
Ar Condicionado 12.000 BTUs;APARELHO DE AR CONDICIONADO DE 12.000 BTUS;2020006714;2020;DIBEM;Residencia 125;Bom
Ar Condicionado 12.000 BTUs;APARELHO DE AR CONDICIONADO DE 12.000 BTUS;2020006715;2020;DIBEM;Residencia 125;Inservível
Ar Condicionado 9.000 BTUs;APARELHO DE AR CONDICIONADO DE 9.000 BTUS;2020006716;2020;DIBEM;;Pendente
Cadeira Secretaria C/ Braços;CADEIRA SECRETARIA C/ BRAÇOS;2020006995;2020;CAME;;Pendente
Cadeira Secretaria C/ Braços;CADEIRA SECRETARIA C/ BRAÇOS;2020006996;2020;CAME;;Pendente
Cadeira Secretaria C/ Braços;CADEIRA SECRETARIA C/ BRAÇOS;2020006997;2020;CAME;;Pendente
Cadeira Secretaria C/ Braços;CADEIRA SECRETARIA C/ BRAÇOS;2020006998;2020;CAME;;Pendente
Cadeira Secretaria C/ Braços;CADEIRA SECRETARIA C/ BRAÇOS;2020006999;2020;CAME;;Pendente
Cadeira Secretaria C/ Braços;CADEIRA SECRETARIA C/ BRAÇOS;2020007000;2020;CAME;;Pendente
Cadeira Secretaria C/ Braços;CADEIRA SECRETARIA C/ BRAÇOS;2020007001;2020;CAME;;Pendente
Cadeira Secretaria C/ Braços;CADEIRA SECRETARIA C/ BRAÇOS;2020007002;2020;CAME;;Pendente
Cadeira Secretaria C/ Braços;CADEIRA SECRETARIA C/ BRAÇOS;2020007003;2020;CAME;;Pendente
Cadeira Secretaria C/ Braços;CADEIRA SECRETARIA C/ BRAÇOS;2020007004;2020;CAME;;Pendente
Cadeira Secretaria C/ Braços;CADEIRA SECRETARIA C/ BRAÇOS;2020007005;2020;CAME;;Pendente
Cadeira Secretaria C/ Braços;CADEIRA SECRETARIA C/ BRAÇOS;2020007006;2020;CAME;;Pendente
Cadeira Secretaria C/ Braços;CADEIRA SECRETARIA C/ BRAÇOS;2020007007;2020;CAME;;Pendente
Cadeira Secretaria C/ Braços;CADEIRA SECRETARIA C/ BRAÇOS;2020007008;2020;CAME;;Pendente
Cadeira Secretaria C/ Braços;CADEIRA SECRETARIA C/ BRAÇOS;2020007009;2020;CAME;;Pendente
Cadeira Secretaria C/ Braços;CADEIRA SECRETARIA C/ BRAÇOS;2020007010;2020;CAME;;Pendente
Cadeira Secretaria C/ Braços;CADEIRA SECRETARIA C/ BRAÇOS;2020007011;2020;CAME;;Pendente
Cadeira Secretaria C/ Braços;CADEIRA SECRETARIA C/ BRAÇOS;2020007012;2020;DIBEM;;Pendente
Cadeira Secretaria C/ Braços;CADEIRA SECRETARIA C/ BRAÇOS;2020007014;2020;DIBEM;;Pendente
Cadeira Secretaria C/ Braços;CADEIRA SECRETARIA C/ BRAÇOS;2020007015;2020;DIBEM;;Pendente
Cadeira Secretaria C/ Braços;CADEIRA SECRETARIA C/ BRAÇOS;2020007016;2020;DIBEM;;Pendente
Cadeira Secretaria C/ Braços;CADEIRA SECRETARIA C/ BRAÇOS;2020007017;2020;DIBEM;;Pendente
Cadeira Secretaria C/ Braços;CADEIRA SECRETARIA C/ BRAÇOS;2020007018;2020;DIBEM;;Pendente
Cadeira Secretaria C/ Braços;CADEIRA SECRETARIA C/ BRAÇOS;2020007019;2020;CRU;;Pendente
Cadeira Secretaria C/ Braços;CADEIRA SECRETARIA C/ BRAÇOS;2020007020;2020;DIBEM;;Pendente
Cadeira Secretaria C/ Braços;CADEIRA SECRETARIA C/ BRAÇOS;2020007021;2020;DIBEM;;Pendente
Cadeira Secretaria C/ Braços;CADEIRA SECRETARIA C/ BRAÇOS;2020007023;2020;DIBEM;;Pendente
Cadeira Secretaria C/ Braços;CADEIRA SECRETARIA C/ BRAÇOS;2020007024;2020;DIBEM;;Pendente
Cadeira Secretaria C/ Braços;CADEIRA SECRETARIA C/ BRAÇOS;2020007025;2020;DIBEM;;Pendente
Cadeira Secretaria C/ Braços;CADEIRA SECRETARIA C/ BRAÇOS;2020007026;2020;DIBEM;;Pendente
Cadeira Secretaria C/ Braços;CADEIRA SECRETARIA C/ BRAÇOS;2020007027;2020;DIBEM;;Pendente
Cadeira Secretaria C/ Braços;CADEIRA SECRETARIA C/ BRAÇOS;2020007028;2020;DIBEM;;Pendente
Cadeira Secretaria C/ Braços;CADEIRA SECRETARIA C/ BRAÇOS;2020007029;2020;DIBEM;;Pendente
Cadeira Secretaria C/ Braços;CADEIRA SECRETARIA C/ BRAÇOS;2020007030;2020;DIBEM;;Pendente
Cadeira Secretaria C/ Braços;CADEIRA SECRETARIA C/ BRAÇOS;2020007031;2020;DIBEM;;Pendente
Cadeira Secretaria C/ Braços;CADEIRA SECRETARIA C/ BRAÇOS;2020007032;2020;DIBEM;;Pendente
Cadeira Secretaria C/ Braços;CADEIRA SECRETARIA C/ BRAÇOS;2020007033;2020;DIBEM;;Pendente
Cadeira Secretaria C/ Braços;CADEIRA SECRETARIA C/ BRAÇOS;2020007034;2020;DIBEM;;Pendente
Termometro Digital;TERMOMETRO DIGITAL;2020007197;2020;PRAE;;Pendente
Termometro Digital;TERMOMETRO DIGITAL;2020007198;2020;PRAE;;Pendente
Termometro Digital;TERMOMETRO DIGITAL;2020007270;2020;CAME;;Pendente
Quadro Branco (1,20M X 1,00M);QUADRO BRANCO (1,20M X 1,00M);2020007438;2020;CAME;;Pendente
Quadro Branco (1,20M X 1,00M);QUADRO BRANCO (1,20M X 1,00M);2020007439;2020;CAME;;Pendente
Quadro Branco (1,20M X 1,00M);QUADRO BRANCO (1,20M X 1,00M);2020007440;2020;CAME;;Pendente
Quadro Branco (1,20M X 1,00M);QUADRO BRANCO (1,20M X 1,00M);2020007441;2020;CAME;;Pendente
Computador (Desktop);MICROCOMPUTADOR;2020008043;2020;PRAE;;Pendente
Computador (Desktop);MICROCOMPUTADOR;2020008069;2020;DIBEM;;Pendente
Computador (Desktop);MICROCOMPUTADOR;2020008086;2020;DSO;;Pendente
Computador (Desktop);MICROCOMPUTADOR;2020008087;2020;DSO;;Pendente
Computador (Desktop);MICROCOMPUTADOR;2020008088;2020;DSO;;Pendente
Medidor De Pressão Arterial;MEDIDOR DE PRESSÃO ARTERIAL;2020008146;2020;CAME;;Pendente
Medidor De Pressão Arterial;MEDIDOR DE PRESSÃO ARTERIAL;2020008147;2020;CAME;;Pendente
Medidor De Pressão Arterial;MEDIDOR DE PRESSÃO ARTERIAL;2020008148;2020;CAME;;Pendente
Medidor De Pressão Arterial;MEDIDOR DE PRESSÃO ARTERIAL;2020008149;2020;CAME;;Pendente
Medidor De Pressão Arterial;MEDIDOR DE PRESSÃO ARTERIAL;2020008150;2020;CAME;;Pendente
Cadeira Fixa (S/ Braços);CADEIRA FIXA (S/ BRAÇOS);2020008333;2020;CAME;;Pendente
Cadeira Fixa (S/ Braços);CADEIRA FIXA (S/ BRAÇOS);2020008334;2020;CAME;;Pendente
Mesa 1000X750X740;MESA RETA (1000 X 750 X 740MM);2020008336;2020;CAME;;Pendente
Mesa 1000X750X740;MESA RETA (1000 X 750 X 740MM);2020008337;2020;CAME;;Pendente
Mesa 1000X750X740;MESA RETA (1000 X 750 X 740MM);2020008339;2020;CAME;;Pendente
Mesa 1000X750X740;MESA RETA (1000 X 750 X 740MM);2020008340;2020;CAME;;Pendente
Mesa 1000X750X740;MESA RETA (1000 X 750 X 740MM);2020008341;2020;CAME;;Pendente
Mesa 1000X750X740;MESA RETA (1000 X 750 X 740MM);2020008342;2020;CAME;;Pendente
Mesa 1000X750X740;MESA RETA (1000 X 750 X 740MM);2020008343;2020;CAME;;Pendente
Maquina De Lavar Roupa;MAQUINA DE LAVAR ROUPA;2020009624;2020;DIBEM;;Pendente
Maquina De Lavar Roupa;MAQUINA DE LAVAR ROUPA;2020009625;2020;DIBEM;;Pendente
Maquina De Lavar Roupa;MAQUINA DE LAVAR ROUPA;2020009626;2020;DIBEM;;Pendente
Maquina De Lavar Roupa;MAQUINA DE LAVAR ROUPA;2020009627;2020;DIBEM;;Pendente
Maquina De Lavar Roupa;MAQUINA DE LAVAR ROUPA;2020009628;2020;DIBEM;;Pendente
Maquina De Lavar Roupa;MAQUINA DE LAVAR ROUPA;2020009629;2020;DIBEM;;Pendente
Maquina De Lavar Roupa;MAQUINA DE LAVAR ROUPA;2020009630;2020;DIBEM;;Pendente
Maquina De Lavar Roupa;MAQUINA DE LAVAR ROUPA;2020009631;2020;DIBEM;;Pendente
Maquina De Lavar Roupa;MAQUINA DE LAVAR ROUPA;2020009632;2020;DIBEM;;Pendente
Maquina De Lavar Roupa;MAQUINA DE LAVAR ROUPA;2020009633;2020;DIBEM;Residência 148;Ruim
Maquina De Lavar Roupa;MAQUINA DE LAVAR ROUPA;2020009635;2020;DIBEM;;Pendente
Maquina De Lavar Roupa;MAQUINA DE LAVAR ROUPA;2020009636;2020;DIBEM;Residencia 250;Bom
Maquina De Lavar Roupa;MAQUINA DE LAVAR ROUPA;2020009637;2020;DIBEM;Residencia 2216;Bom
Maquina De Lavar Roupa;MAQUINA DE LAVAR ROUPA;2020009638;2020;DIBEM;;Pendente
Maquina De Lavar Roupa;MAQUINA DE LAVAR ROUPA;2020009639;2020;DIBEM;Residência 1601;Bom
Maquina De Lavar Roupa;MAQUINA DE LAVAR ROUPA;2020009640;2020;DIBEM;Residência 25;Ruim
Maquina De Lavar Roupa;MAQUINA DE LAVAR ROUPA;2020009641;2020;DIBEM;;Pendente
Ventilador De Parede;VENTILADOR DE PAREDE;2021000110;2021;DIBEM;;Pendente
Ventilador De Parede;VENTILADOR DE PAREDE;2021000111;2021;DIBEM;;Pendente
Ventilador De Parede;VENTILADOR DE PAREDE;2021000112;2021;DIBEM;;Pendente
Ventilador De Parede;VENTILADOR DE PAREDE;2021000113;2021;DIBEM;;Pendente
Ventilador De Parede;VENTILADOR DE PAREDE;2021000114;2021;DIBEM;;Pendente
Ventilador De Parede;VENTILADOR DE PAREDE;2021000115;2021;DIBEM;;Pendente
Ventilador De Parede;VENTILADOR DE PAREDE;2021000116;2021;DIBEM;;Pendente
Ventilador De Parede;VENTILADOR DE PAREDE;2021000117;2021;DIBEM;;Pendente
Ventilador De Parede;VENTILADOR DE PAREDE;2021000118;2021;DIBEM;;Pendente
Ventilador De Parede;VENTILADOR DE PAREDE;2021000119;2021;DIBEM;;Pendente
Ventilador De Parede;VENTILADOR DE PAREDE;2021000120;2021;DIBEM;;Pendente
Ventilador De Parede;VENTILADOR DE PAREDE;2021000121;2021;DIBEM;;Pendente
Ventilador De Parede;VENTILADOR DE PAREDE;2021000122;2021;DIBEM;;Pendente
Ventilador De Parede;VENTILADOR DE PAREDE;2021000123;2021;DIBEM;;Pendente
Ventilador De Parede;VENTILADOR DE PAREDE;2021000124;2021;DIBEM;;Pendente
Ventilador De Parede;VENTILADOR DE PAREDE;2021000125;2021;DIBEM;;Pendente
Aparelho De Raio-X;APARELHO DE RAIO-X;2021000649;2021;CAME;;Pendente
Switch;SWITCH;2021000684;2021;DIBEM;;Pendente
Switch;SWITCH;2021000704;2021;DIBEM;;Pendente
Switch;SWITCH;2021000705;2021;DIBEM;;Pendente
Mesa Angular 1200/600X600/740;MESA ANGULAR (1200/600X600/740);2021001067;2021;CAF;;Pendente
Mesa Angular 1400/600X1400/600X740;MESA ANGULAR (1400/600X1400/600X740);2021001318;2021;PRAE;;Pendente
Mesa Angular 1400/600X1400/600X740;MESA ANGULAR (1400/600X1400/600X740);2021001319;2021;PRAE;;Pendente
Mesa Angular 1400/600X1400/600X740;MESA ANGULAR (1400/600X1400/600X740);2021001320;2021;PRAE;;Pendente
Mesa Angular 1400/600X1400/600X740;MESA ANGULAR (1400/600X1400/600X740);2021001397;2021;PRAE;;Pendente
Mesa Angular 1400/600X1400/600X740;MESA ANGULAR (1400/600X1400/600X740);2021001398;2021;PRAE;;Pendente
Mesa Angular 1400/600X1400/600X740;MESA ANGULAR (1400/600X1400/600X740);2021001399;2021;PRAE;;Pendente
Mesa Angular 1400/600X1400/600X740;MESA ANGULAR (1400/600X1400/600X740);2021001400;2021;PRAE;;Pendente
Mesa Angular 1400/600X1400/600X740;MESA ANGULAR (1400/600X1400/600X740);2021001401;2021;PRAE;;Pendente
Mesa Angular 1400/600X1400/600X740;MESA ANGULAR (1400/600X1400/600X740);2021001402;2021;PRAE;;Pendente
Mesa Angular 1400/600X1400/600X740;MESA ANGULAR (1400/600X1400/600X740);2021001403;2021;PRAE;;Pendente
Mesa Angular 1400/600X1400/600X740;MESA ANGULAR (1400/600X1400/600X740);2021001404;2021;PRAE;;Pendente
Mesa Angular 1400/600X1400/600X740;MESA ANGULAR (1400/600X1400/600X740);2021001405;2021;PRAE;;Pendente
Mesa Angular 1400/600X1400/600X740;MESA ANGULAR (1400/600X1400/600X740);2021001406;2021;PRAE;;Pendente
Mesa Angular 1400/600X1400/600X740;MESA ANGULAR (1400/600X1400/600X740);2021001407;2021;PRAE;;Pendente
Mesa Angular 1400/600X1400/600X740;MESA ANGULAR (1400/600X1400/600X740);2021001408;2021;PRAE;;Pendente
Mesa Angular 1400/600X1400/600X740;MESA ANGULAR (1400/600X1400/600X740);2021001409;2021;PRAE;;Pendente
Mesa Angular 1400/600X1400/600X740;MESA ANGULAR (1400/600X1400/600X740);2021001410;2021;PRAE;;Pendente
Mesa Angular 1400/600X1400/600X740;MESA ANGULAR (1400/600X1400/600X740);2021001411;2021;PRAE;;Pendente
Mesa Angular 1400/600X1400/600X740;MESA ANGULAR (1400/600X1400/600X740);2021001412;2021;PRAE;;Pendente
Mesa Angular 1400/600X1400/600X740;MESA ANGULAR (1400/600X1400/600X740);2021001413;2021;PRAE;;Pendente
Mesa Angular 1400/600X1400/600X740;MESA ANGULAR (1400/600X1400/600X740);2021001414;2021;PRAE;;Pendente
Mesa Angular 1400/600X1400/600X740;MESA ANGULAR (1400/600X1400/600X740);2021001415;2021;PRAE;;Pendente
Mesa Angular 1400/600X1400/600X740;MESA ANGULAR (1400/600X1400/600X740);2021001416;2021;PRAE;;Pendente
Mesa Angular 1400/600X1400/600X740;MESA ANGULAR (1400/600X1400/600X740);2021001417;2021;PRAE;;Pendente
Mesa Angular 1400/600X1400/600X740;MESA ANGULAR (1400/600X1400/600X740);2021001418;2021;PRAE;;Pendente
Mesa Angular 1400/600X1400/600X740;MESA ANGULAR (1400/600X1400/600X740);2021001429;2021;PRAE;;Pendente
Mesa Angular 1400/600X1400/600X740;MESA ANGULAR (1400/600X1400/600X740);2021001430;2021;PRAE;;Pendente
Cadeira Secretária Com Braços;CADEIRA SECRETÁRIA COM BRAÇOS;2021001829;2021;PRAE;;Pendente
Cadeira Secretária Com Braços;CADEIRA SECRETÁRIA COM BRAÇOS;2021001830;2021;PRAE;;Pendente
Cadeira Secretária Com Braços;CADEIRA SECRETÁRIA COM BRAÇOS;2021001831;2021;PRAE;;Pendente
Cadeira Secretária Com Braços;CADEIRA SECRETÁRIA COM BRAÇOS;2021001832;2021;PRAE;;Pendente
Computador (Desktop);MICROCOMPUTADOR;2021005510;2021;PRAE;;Pendente
Computador (Desktop);MICROCOMPUTADOR;2021005511;2021;PRAE;;Pendente
Computador (Desktop);MICROCOMPUTADOR;2021005512;2021;PRAE;;Pendente
Computador (Desktop);MICROCOMPUTADOR;2021005513;2021;PRAE;;Pendente
Computador (Desktop);MICROCOMPUTADOR;2021005653;2021;PRAE;;Pendente
Conjunto Lixeira Coleta Seletiva;CONJUNTO LIXEIRA COLETA SELETIVA;2021005678;2021;PRAE;;Pendente
Conjunto Lixeira Coleta Seletiva;CONJUNTO LIXEIRA COLETA SELETIVA;2021005679;2021;PRAE;;Pendente
Conjunto Lixeira Coleta Seletiva;CONJUNTO LIXEIRA COLETA SELETIVA;2021005680;2021;PRAE;;Pendente
Conjunto Lixeira Coleta Seletiva;CONJUNTO LIXEIRA COLETA SELETIVA;2021005681;2021;PRAE;;Pendente
Conjunto Lixeira Coleta Seletiva;CONJUNTO LIXEIRA COLETA SELETIVA;2021005682;2021;PRAE;;Pendente
Conjunto Lixeira Coleta Seletiva;CONJUNTO LIXEIRA COLETA SELETIVA;2021005683;2021;PRAE;;Pendente
Conjunto Lixeira Coleta Seletiva;CONJUNTO LIXEIRA COLETA SELETIVA;2021005685;2021;PRAE;;Pendente
Conjunto Lixeira Coleta Seletiva;CONJUNTO LIXEIRA COLETA SELETIVA;2021005686;2021;PRAE;;Pendente
Conjunto Lixeira Coleta Seletiva;CONJUNTO LIXEIRA COLETA SELETIVA;2021005687;2021;PRAE;;Pendente
"Televisão 43""";"TELEVISOR DE 43""";2021005688;2021;PRAE;;Pendente
"Televisão 43""";"TELEVISOR DE 43""";2021005689;2021;PRAE;;Pendente
"Televisão 43""";"TELEVISOR DE 43""";2021005690;2021;PRAE;;Pendente
"Televisão 43""";"TELEVISOR DE 43""";2021005692;2021;PRAE;;Pendente
"Televisão 43""";"TELEVISOR DE 43""";2021005693;2021;PRAE;;Pendente
"Televisão 43""";"TELEVISOR DE 43""";2021005694;2021;PRAE;Residencia 433;Bom
"Televisão 43""";"TELEVISOR DE 43""";2021005695;2021;PRAE;Residência 1601;Bom
"Televisão 43""";"TELEVISOR DE 43""";2021005696;2021;PRAE;;Pendente
"Televisão 43""";"TELEVISOR DE 43""";2021005697;2021;PRAE;;Pendente
Computador (Desktop);COMPUTADOR;2022000083;2022;CAME;;Pendente
Computador (Desktop);COMPUTADOR;2022000084;2022;CAME;;Pendente
Computador (Desktop);COMPUTADOR;2022000085;2022;CAME;;Pendente
Computador (Desktop);COMPUTADOR;2022000086;2022;CAME;;Pendente
Computador (Desktop);COMPUTADOR;2022000087;2022;CAME;;Pendente
Computador (Desktop);COMPUTADOR;2022000088;2022;CAME;;Pendente
Computador (Desktop);COMPUTADOR;2022000089;2022;CAME;;Pendente
Computador (Desktop);COMPUTADOR;2022000090;2022;CAME;;Pendente
Computador (Desktop);COMPUTADOR;2022000091;2022;CAME;;Pendente
Computador (Desktop);COMPUTADOR;2022000092;2022;CAME;;Pendente
Computador (Desktop);COMPUTADOR;2022000174;2022;PRAE;;Pendente
Computador (Desktop);COMPUTADOR;2022000175;2022;PRAE;;Pendente
Computador (Desktop);COMPUTADOR;2022000176;2022;CRU;;Pendente
Computador (Desktop);COMPUTADOR;2022000177;2022;CRU;;Pendente
Computador (Desktop);COMPUTADOR;2022000178;2022;PRAE;;Pendente
Computador (Desktop);COMPUTADOR;2022000179;2022;PRAE;;Pendente
Computador (Desktop);COMPUTADOR;2022000182;2022;PRAE;;Pendente
Computador (Desktop);COMPUTADOR;2022000184;2022;CRU;;Pendente
Computador (Desktop);COMPUTADOR;2022000185;2022;PRAE;;Pendente
Computador (Desktop);COMPUTADOR;2022000186;2022;PRAE;;Pendente
Computador (Desktop);COMPUTADOR;2022000187;2022;PRAE;;Pendente
Computador (Desktop);COMPUTADOR;2022000189;2022;CRU;;Pendente
Computador (Desktop);COMPUTADOR;2022000190;2022;PRAE;;Pendente
Ar Condicionado 12.000 BTUs;APARELHO DE AR CONDICIONADO DE 12.000 BTUS;2022000518;2022;CAME;;Pendente
Fogaotipo Cooktop;FOGAOTIPO COOKTOP;2022000762;2022;PRAE;Residencia 125;Bom
Fogaotipo Cooktop;FOGAOTIPO COOKTOP;2022000763;2022;PRAE;Residencia 125;Bom
Fogaotipo Cooktop;FOGAOTIPO COOKTOP;2022000764;2022;PRAE;Residencia 125;Bom
Fogaotipo Cooktop;FOGAOTIPO COOKTOP;2022000765;2022;PRAE;Residencia 125;Bom
Fogaotipo Cooktop;FOGAOTIPO COOKTOP;2022000766;2022;PRAE;Residencia 125;Bom
Fogaotipo Cooktop;FOGAOTIPO COOKTOP;2022000767;2022;PRAE;Residencia 125;Bom
Fogaotipo Cooktop;FOGAOTIPO COOKTOP;2022000768;2022;PRAE;Residencia 125;Bom
Fogaotipo Cooktop;FOGAOTIPO COOKTOP;2022000769;2022;PRAE;Residencia 125;Bom
Fogaotipo Cooktop;FOGAOTIPO COOKTOP;2022000770;2022;PRAE;Residencia 125;Bom
Fogaotipo Cooktop;FOGAOTIPO COOKTOP;2022000771;2022;PRAE;Residencia 125;Bom
Fogaotipo Cooktop;FOGAOTIPO COOKTOP;2022000772;2022;PRAE;Residencia 125;Bom
Fogaotipo Cooktop;FOGAOTIPO COOKTOP;2022000773;2022;PRAE;Residencia 125;Bom
Fogaotipo Cooktop;FOGAOTIPO COOKTOP;2022000774;2022;PRAE;Residencia 125;Bom
Fogaotipo Cooktop;FOGAOTIPO COOKTOP;2022000775;2022;PRAE;Residencia 125;Bom
Fogaotipo Cooktop;FOGAOTIPO COOKTOP;2022000776;2022;PRAE;Residencia 125;Bom
Fogaotipo Cooktop;FOGAOTIPO COOKTOP;2022000777;2022;PRAE;Residencia 125;Bom
Fogaotipo Cooktop;FOGAOTIPO COOKTOP;2022000778;2022;PRAE;Residencia 125;Bom
Fogaotipo Cooktop;FOGAOTIPO COOKTOP;2022000779;2022;PRAE;Residencia 125;Bom
Fogaotipo Cooktop;FOGAOTIPO COOKTOP;2022000780;2022;PRAE;Residencia 125;Bom
Fogaotipo Cooktop;FOGAOTIPO COOKTOP;2022000781;2022;PRAE;Residencia 125;Bom
Fogaotipo Cooktop;FOGAOTIPO COOKTOP;2022000782;2022;PRAE;Residencia 125;Bom
Fogaotipo Cooktop;FOGAOTIPO COOKTOP;2022000783;2022;PRAE;Residencia 125;Bom
Fogaotipo Cooktop;FOGAOTIPO COOKTOP;2022000784;2022;PRAE;Residencia 125;Bom
Fogaotipo Cooktop;FOGAOTIPO COOKTOP;2022000785;2022;PRAE;Residencia 125;Bom
Bebedouro Industrial;BEBEDOURO INDUSTRIAL;2022000786;2022;PRAE;Residencia 125;Inservível
Bebedouro Industrial;BEBEDOURO INDUSTRIAL;2022000787;2022;PRAE;Residencia 2216;Bom
Bebedouro Industrial;BEBEDOURO INDUSTRIAL;2022000788;2022;PRAE;;Pendente
Bebedouro Industrial;BEBEDOURO INDUSTRIAL;2022000789;2022;PRAE;;Pendente
Bebedouro Industrial;BEBEDOURO INDUSTRIAL;2022000790;2022;PRAE;;Pendente
Switch;SWITCH;2022001138;2022;PRAE;;Pendente
Switch;SWITCH;2022001156;2022;CRU;;Pendente
Ar Condicionado 30.000 BTUs;APARELHO DE AR CONDICIONADO DE 30.000 BTUS;2022001174;2022;PRAE;;Pendente
Ar Condicionado 30.000 BTUs;APARELHO DE AR CONDICIONADO DE 30.000 BTUS;2022001175;2022;PRAE;;Pendente
Refrigerador;REFRIGERADOR;2022002539;2022;PRAE;Residência 25;Bom
Refrigerador;REFRIGERADOR;2022002540;2022;PRAE;Residência 25;Bom
Refrigerador;REFRIGERADOR;2022002541;2022;PRAE;Residencia 125;Bom
Refrigerador;REFRIGERADOR;2022002542;2022;PRAE;;Pendente
Refrigerador;REFRIGERADOR;2022002543;2022;PRAE;;Pendente
Refrigerador;REFRIGERADOR;2022002544;2022;PRAE;;Pendente
Refrigerador;REFRIGERADOR;2022002545;2022;PRAE;Residencia 125;Bom
Refrigerador;REFRIGERADOR;2022002546;2022;PRAE;Residencia 125;Bom
Refrigerador;REFRIGERADOR;2022002547;2022;PRAE;Residencia 125;Bom
Refrigerador;REFRIGERADOR;2022002548;2022;PRAE;Residencia 125;Bom
Refrigerador;REFRIGERADOR;2022002549;2022;PRAE;Residencia 125;Bom
Refrigerador;REFRIGERADOR;2022002550;2022;PRAE;;Pendente
Refrigerador;REFRIGERADOR;2022002551;2022;PRAE;;Pendente
Refrigerador;REFRIGERADOR;2022002552;2022;PRAE;;Pendente
Refrigerador;REFRIGERADOR;2022002553;2022;PRAE;Residência 148;Bom
Refrigerador;REFRIGERADOR;2022002554;2022;PRAE;;Pendente
Refrigerador;REFRIGERADOR;2022002555;2022;PRAE;Residencia 433;Bom
Refrigerador;REFRIGERADOR;2022002556;2022;PRAE;Residencia 433;Bom
Refrigerador;REFRIGERADOR;2022002557;2022;PRAE;Residencia 433;Bom
Refrigerador;REFRIGERADOR;2022002558;2022;PRAE;;Pendente
Refrigerador;REFRIGERADOR;2022002559;2022;PRAE;Residencia 433;Bom
Refrigerador;REFRIGERADOR;2022002560;2022;PRAE;Residencia 433;Bom
Refrigerador;REFRIGERADOR;2022002561;2022;PRAE;Residencia 433;Bom
Refrigerador;REFRIGERADOR;2022002562;2022;PRAE;Residencia 2133;Bom
Refrigerador;REFRIGERADOR;2022002563;2022;PRAE;Residencia 2216;Bom
Refrigerador;REFRIGERADOR;2022002564;2022;PRAE;Residencia 2216;Bom
Refrigerador;REFRIGERADOR;2022002565;2022;PRAE;;Pendente
Escada Hospitalar;ESCADA HOSPITALAR;2022002773;2022;CAME;;Pendente
Escada Hospitalar;ESCADA HOSPITALAR;2022002774;2022;CAME;;Pendente
Escada Hospitalar;ESCADA HOSPITALAR;2022002775;2022;CAME;;Pendente
Escada Hospitalar;ESCADA HOSPITALAR;2022002776;2022;CAME;;Pendente
Escada Hospitalar;ESCADA HOSPITALAR;2022002777;2022;CAME;;Pendente
Escada Hospitalar;ESCADA HOSPITALAR;2022002778;2022;CAME;;Pendente
Ar Condicionado 30.000 BTUs;APARELHO DE AR CONDICIONADO DE 30.000 BTUS;2022002805;2022;CAF;;Pendente
Negatoscopio;NEGATOSCOPIO;2022002822;2022;CAME;;Pendente
Negatoscopio;NEGATOSCOPIO;2022002823;2022;CAME;;Pendente
Negatoscopio;NEGATOSCOPIO;2022002824;2022;CAME;;Pendente
Autoclave Horizontal;AUTOCLAVE HORIZONTAL;2022002825;2022;CAME;;Pendente
Fogao Domestico A Gas Liquefeito De Petroleo Com 0;FOGAO DOMESTICO A GAS LIQUEFEITO DE PETROLEO COM 0;2023000001;2023;PRAE;;Pendente
Fogao Domestico A Gas Liquefeito De Petroleo Com 0;FOGAO DOMESTICO A GAS LIQUEFEITO DE PETROLEO COM 0;2023000002;2023;PRAE;;Pendente
Fogao Domestico A Gas Liquefeito De Petroleo Com 0;FOGAO DOMESTICO A GAS LIQUEFEITO DE PETROLEO COM 0;2023000003;2023;PRAE;;Pendente
Fogao Domestico A Gas Liquefeito De Petroleo Com 0;FOGAO DOMESTICO A GAS LIQUEFEITO DE PETROLEO COM 0;2023000004;2023;PRAE;;Pendente
Fogao Domestico A Gas Liquefeito De Petroleo Com 0;FOGAO DOMESTICO A GAS LIQUEFEITO DE PETROLEO COM 0;2023000005;2023;PRAE;;Pendente
Fogao Domestico A Gas Liquefeito De Petroleo Com 0;FOGAO DOMESTICO A GAS LIQUEFEITO DE PETROLEO COM 0;2023000006;2023;PRAE;;Pendente
Fogao Domestico A Gas Liquefeito De Petroleo Com 0;FOGAO DOMESTICO A GAS LIQUEFEITO DE PETROLEO COM 0;2023000007;2023;PRAE;Residencia 433;Ruim
Fogao Domestico A Gas Liquefeito De Petroleo Com 0;FOGAO DOMESTICO A GAS LIQUEFEITO DE PETROLEO COM 0;2023000008;2023;PRAE;;Pendente
Fogao Domestico A Gas Liquefeito De Petroleo Com 0;FOGAO DOMESTICO A GAS LIQUEFEITO DE PETROLEO COM 0;2023000011;2023;PRAE;;Pendente
Fogao Domestico A Gas Liquefeito De Petroleo Com 0;FOGAO DOMESTICO A GAS LIQUEFEITO DE PETROLEO COM 0;2023000012;2023;PRAE;;Pendente
Colchao Light D-33;COLCHAO LIGHT D-33;2023000018;2023;PRAE;;Pendente
Colchao Light D-33;COLCHAO LIGHT D-33;2023000019;2023;PRAE;;Pendente
Colchao Light D-33;COLCHAO LIGHT D-33;2023000020;2023;PRAE;;Pendente
Colchao Light D-33;COLCHAO LIGHT D-33;2023000021;2023;PRAE;;Pendente
Colchao Light D-33;COLCHAO LIGHT D-33;2023000022;2023;PRAE;;Pendente
Colchao Light D-33;COLCHAO LIGHT D-33;2023000023;2023;PRAE;;Pendente
Colchao Light D-33;COLCHAO LIGHT D-33;2023000024;2023;PRAE;;Pendente
Colchao Light D-33;COLCHAO LIGHT D-33;2023000025;2023;PRAE;;Pendente
Colchao Light D-33;COLCHAO LIGHT D-33;2023000026;2023;PRAE;;Pendente
Colchao Light D-33;COLCHAO LIGHT D-33;2023000027;2023;PRAE;;Pendente
Colchao Light D-33;COLCHAO LIGHT D-33;2023000028;2023;PRAE;;Pendente
Colchao Light D-33;COLCHAO LIGHT D-33;2023000029;2023;PRAE;;Pendente
Colchao Light D-33;COLCHAO LIGHT D-33;2023000030;2023;PRAE;;Pendente
Colchao Light D-33;COLCHAO LIGHT D-33;2023000031;2023;PRAE;;Pendente
Colchao Light D-33;COLCHAO LIGHT D-33;2023000032;2023;PRAE;;Pendente
Colchao Light D-33;COLCHAO LIGHT D-33;2023000033;2023;PRAE;;Pendente
Colchao Light D-33;COLCHAO LIGHT D-33;2023000034;2023;PRAE;;Pendente
Colchao Light D-33;COLCHAO LIGHT D-33;2023000035;2023;PRAE;;Pendente
Colchao Light D-33;COLCHAO LIGHT D-33;2023000036;2023;PRAE;;Pendente
Colchao Light D-33;COLCHAO LIGHT D-33;2023000037;2023;PRAE;;Pendente
Colchao Light D-33;COLCHAO LIGHT D-33;2023000038;2023;PRAE;;Pendente
Colchao Light D-33;COLCHAO LIGHT D-33;2023000039;2023;PRAE;;Pendente
Colchao Light D-33;COLCHAO LIGHT D-33;2023000040;2023;PRAE;;Pendente
Colchao Light D-33;COLCHAO LIGHT D-33;2023000041;2023;PRAE;;Pendente
Colchao Light D-33;COLCHAO LIGHT D-33;2023000042;2023;PRAE;;Pendente
Colchao Light D-33;COLCHAO LIGHT D-33;2023000043;2023;PRAE;;Pendente
Colchao Light D-33;COLCHAO LIGHT D-33;2023000044;2023;PRAE;;Pendente
Colchao Light D-33;COLCHAO LIGHT D-33;2023000045;2023;PRAE;;Pendente
Colchao Light D-33;COLCHAO LIGHT D-33;2023000046;2023;PRAE;;Pendente
Colchao Light D-33;COLCHAO LIGHT D-33;2023000047;2023;PRAE;;Pendente
Colchao Light D-33;COLCHAO LIGHT D-33;2023000048;2023;PRAE;;Pendente
Colchao Light D-33;COLCHAO LIGHT D-33;2023000049;2023;PRAE;;Pendente
Colchao Light D-33;COLCHAO LIGHT D-33;2023000050;2023;PRAE;;Pendente
Colchao Light D-33;COLCHAO LIGHT D-33;2023000051;2023;PRAE;;Pendente
Colchao Light D-33;COLCHAO LIGHT D-33;2023000052;2023;PRAE;;Pendente
Colchao Light D-33;COLCHAO LIGHT D-33;2023000053;2023;PRAE;;Pendente
Colchao Light D-33;COLCHAO LIGHT D-33;2023000054;2023;PRAE;;Pendente
Colchao Light D-33;COLCHAO LIGHT D-33;2023000055;2023;PRAE;;Pendente
Colchao Light D-33;COLCHAO LIGHT D-33;2023000056;2023;PRAE;;Pendente
Colchao Light D-33;COLCHAO LIGHT D-33;2023000057;2023;PRAE;;Pendente
Colchao Light D-33;COLCHAO LIGHT D-33;2023000058;2023;PRAE;;Pendente
Colchao Light D-33;COLCHAO LIGHT D-33;2023000059;2023;PRAE;;Pendente
Colchao Light D-33;COLCHAO LIGHT D-33;2023000060;2023;PRAE;;Pendente
Colchao Light D-33;COLCHAO LIGHT D-33;2023000061;2023;PRAE;;Pendente
Colchao Light D-33;COLCHAO LIGHT D-33;2023000062;2023;PRAE;;Pendente
Colchao Light D-33;COLCHAO LIGHT D-33;2023000063;2023;PRAE;;Pendente
Colchao Light D-33;COLCHAO LIGHT D-33;2023000064;2023;PRAE;;Pendente
Colchao Light D-33;COLCHAO LIGHT D-33;2023000065;2023;PRAE;;Pendente
Colchao Light D-33;COLCHAO LIGHT D-33;2023000066;2023;PRAE;;Pendente
Colchao Light D-33;COLCHAO LIGHT D-33;2023000067;2023;PRAE;;Pendente
Colchao Light D-33;COLCHAO LIGHT D-33;2023000068;2023;PRAE;;Pendente
Colchao Light D-33;COLCHAO LIGHT D-33;2023000069;2023;PRAE;;Pendente
Colchao Light D-33;COLCHAO LIGHT D-33;2023000070;2023;PRAE;;Pendente
Colchao Light D-33;COLCHAO LIGHT D-33;2023000071;2023;PRAE;;Pendente
Colchao Light D-33;COLCHAO LIGHT D-33;2023000072;2023;PRAE;;Pendente
Colchao Light D-33;COLCHAO LIGHT D-33;2023000073;2023;PRAE;;Pendente
Colchao Light D-33;COLCHAO LIGHT D-33;2023000074;2023;PRAE;;Pendente
Colchao Light D-33;COLCHAO LIGHT D-33;2023000075;2023;PRAE;;Pendente
Colchao Light D-33;COLCHAO LIGHT D-33;2023000076;2023;PRAE;;Pendente
Colchao Light D-33;COLCHAO LIGHT D-33;2023000077;2023;PRAE;;Pendente
Colchao Light D-33;COLCHAO LIGHT D-33;2023000078;2023;PRAE;;Pendente
Colchao Light D-33;COLCHAO LIGHT D-33;2023000079;2023;PRAE;;Pendente
Colchao Light D-33;COLCHAO LIGHT D-33;2023000080;2023;PRAE;;Pendente
Colchao Light D-33;COLCHAO LIGHT D-33;2023000081;2023;PRAE;;Pendente
Colchao Light D-33;COLCHAO LIGHT D-33;2023000082;2023;PRAE;;Pendente
Colchao Light D-33;COLCHAO LIGHT D-33;2023000083;2023;PRAE;;Pendente
Colchao Light D-33;COLCHAO LIGHT D-33;2023000084;2023;PRAE;;Pendente
Colchao Light D-33;COLCHAO LIGHT D-33;2023000085;2023;PRAE;;Pendente
Colchao Light D-33;COLCHAO LIGHT D-33;2023000086;2023;PRAE;;Pendente
Colchao Light D-33;COLCHAO LIGHT D-33;2023000087;2023;PRAE;;Pendente
Colchao Light D-33;COLCHAO LIGHT D-33;2023000088;2023;PRAE;;Pendente
Colchao Light D-33;COLCHAO LIGHT D-33;2023000089;2023;PRAE;;Pendente
Colchao Light D-33;COLCHAO LIGHT D-33;2023000090;2023;PRAE;;Pendente
Colchao Light D-33;COLCHAO LIGHT D-33;2023000091;2023;PRAE;;Pendente
Colchao Light D-33;COLCHAO LIGHT D-33;2023000092;2023;PRAE;;Pendente
Colchao Light D-33;COLCHAO LIGHT D-33;2023000093;2023;PRAE;;Pendente
Colchao Light D-33;COLCHAO LIGHT D-33;2023000094;2023;PRAE;;Pendente
Colchao Light D-33;COLCHAO LIGHT D-33;2023000095;2023;PRAE;;Pendente
Colchao Light D-33;COLCHAO LIGHT D-33;2023000096;2023;PRAE;;Pendente
Colchao Light D-33;COLCHAO LIGHT D-33;2023000097;2023;PRAE;;Pendente
Colchao Light D-33;COLCHAO LIGHT D-33;2023000098;2023;PRAE;;Pendente
Colchao Light D-33;COLCHAO LIGHT D-33;2023000099;2023;PRAE;;Pendente
Colchao Light D-33;COLCHAO LIGHT D-33;2023000100;2023;PRAE;;Pendente
Colchao Light D-33;COLCHAO LIGHT D-33;2023000101;2023;PRAE;;Pendente
Colchao Light D-33;COLCHAO LIGHT D-33;2023000102;2023;PRAE;;Pendente
Colchao Light D-33;COLCHAO LIGHT D-33;2023000103;2023;PRAE;;Pendente
Colchao Light D-33;COLCHAO LIGHT D-33;2023000104;2023;PRAE;;Pendente
Colchao Light D-33;COLCHAO LIGHT D-33;2023000105;2023;PRAE;;Pendente
Colchao Light D-33;COLCHAO LIGHT D-33;2023000106;2023;PRAE;;Pendente
Colchao Light D-33;COLCHAO LIGHT D-33;2023000107;2023;PRAE;;Pendente
Colchao Light D-33;COLCHAO LIGHT D-33;2023000108;2023;PRAE;;Pendente
Colchao Light D-33;COLCHAO LIGHT D-33;2023000109;2023;PRAE;;Pendente
Colchao Light D-33;COLCHAO LIGHT D-33;2023000110;2023;PRAE;;Pendente
Colchao Light D-33;COLCHAO LIGHT D-33;2023000111;2023;PRAE;;Pendente
Colchao Light D-33;COLCHAO LIGHT D-33;2023000112;2023;PRAE;;Pendente
Colchao Light D-33;COLCHAO LIGHT D-33;2023000113;2023;PRAE;;Pendente
Colchao Light D-33;COLCHAO LIGHT D-33;2023000114;2023;PRAE;;Pendente
Colchao Light D-33;COLCHAO LIGHT D-33;2023000115;2023;PRAE;;Pendente
Colchao Light D-33;COLCHAO LIGHT D-33;2023000116;2023;PRAE;;Pendente
Colchao Light D-33;COLCHAO LIGHT D-33;2023000117;2023;PRAE;;Pendente
Colchao Light D-33;COLCHAO LIGHT D-33;2023000118;2023;PRAE;;Pendente
Colchao Light D-33;COLCHAO LIGHT D-33;2023000119;2023;PRAE;;Pendente
Colchao Light D-33;COLCHAO LIGHT D-33;2023000120;2023;PRAE;;Pendente
Colchao Light D-33;COLCHAO LIGHT D-33;2023000121;2023;PRAE;;Pendente
Colchao Light D-33;COLCHAO LIGHT D-33;2023000122;2023;PRAE;;Pendente
Colchao Light D-33;COLCHAO LIGHT D-33;2023000123;2023;PRAE;;Pendente
Colchao Light D-33;COLCHAO LIGHT D-33;2023000124;2023;PRAE;;Pendente
Colchao Light D-33;COLCHAO LIGHT D-33;2023000125;2023;PRAE;;Pendente
Colchao Light D-33;COLCHAO LIGHT D-33;2023000126;2023;PRAE;;Pendente
Colchao Light D-33;COLCHAO LIGHT D-33;2023000127;2023;PRAE;;Pendente
Colchao Light D-33;COLCHAO LIGHT D-33;2023000128;2023;PRAE;;Pendente
Colchao Light D-33;COLCHAO LIGHT D-33;2023000129;2023;PRAE;;Pendente
Colchao Light D-33;COLCHAO LIGHT D-33;2023000130;2023;PRAE;;Pendente
Colchao Light D-33;COLCHAO LIGHT D-33;2023000131;2023;PRAE;;Pendente
Colchao Light D-33;COLCHAO LIGHT D-33;2023000132;2023;PRAE;;Pendente
Colchao Light D-33;COLCHAO LIGHT D-33;2023000133;2023;PRAE;;Pendente
Colchao Light D-33;COLCHAO LIGHT D-33;2023000134;2023;PRAE;;Pendente
Colchao Light D-33;COLCHAO LIGHT D-33;2023000135;2023;PRAE;;Pendente
Colchao Light D-33;COLCHAO LIGHT D-33;2023000136;2023;PRAE;;Pendente
Colchao Light D-33;COLCHAO LIGHT D-33;2023000137;2023;PRAE;;Pendente
Colchao Light D-33;COLCHAO LIGHT D-33;2023000138;2023;PRAE;;Pendente
Colchao Light D-33;COLCHAO LIGHT D-33;2023000139;2023;PRAE;;Pendente
Colchao Light D-33;COLCHAO LIGHT D-33;2023000140;2023;PRAE;;Pendente
Colchao Light D-33;COLCHAO LIGHT D-33;2023000141;2023;PRAE;;Pendente
Colchao Light D-33;COLCHAO LIGHT D-33;2023000142;2023;PRAE;;Pendente
Colchao Light D-33;COLCHAO LIGHT D-33;2023000143;2023;PRAE;;Pendente
Colchao Light D-33;COLCHAO LIGHT D-33;2023000144;2023;PRAE;;Pendente
Colchao Light D-33;COLCHAO LIGHT D-33;2023000145;2023;PRAE;;Pendente
Colchao Light D-33;COLCHAO LIGHT D-33;2023000146;2023;PRAE;;Pendente
Colchao Light D-33;COLCHAO LIGHT D-33;2023000147;2023;PRAE;;Pendente
Colchao Light D-33;COLCHAO LIGHT D-33;2023000148;2023;PRAE;;Pendente
Cadeira Fixa Com Assento E Encosto Em Palhinha;CADEIRA FIXA COM ASSENTO E ENCOSTO EM PALHINHA;2023000184;2023;CAF;Residência 25;Bom
Cadeira Fixa Com Assento E Encosto Em Palhinha;CADEIRA FIXA COM ASSENTO E ENCOSTO EM PALHINHA;2023000185;2023;CAF;;Pendente
Cadeira Fixa Com Assento E Encosto Em Palhinha;CADEIRA FIXA COM ASSENTO E ENCOSTO EM PALHINHA;2023000186;2023;CAF;;Pendente
Cadeira Fixa Com Assento E Encosto Em Palhinha;CADEIRA FIXA COM ASSENTO E ENCOSTO EM PALHINHA;2023000187;2023;CAF;;Pendente
Cadeira Fixa Com Assento E Encosto Em Palhinha;CADEIRA FIXA COM ASSENTO E ENCOSTO EM PALHINHA;2023000188;2023;CAF;;Pendente
Cadeira Fixa Com Assento E Encosto Em Palhinha;CADEIRA FIXA COM ASSENTO E ENCOSTO EM PALHINHA;2023000189;2023;CAF;;Pendente
Cadeira Fixa Com Assento E Encosto Em Palhinha;CADEIRA FIXA COM ASSENTO E ENCOSTO EM PALHINHA;2023000190;2023;CAF;Residência 148;Bom
Cadeira Fixa Com Assento E Encosto Em Palhinha;CADEIRA FIXA COM ASSENTO E ENCOSTO EM PALHINHA;2023000191;2023;CAF;Residência 148;Bom
Cadeira Fixa Com Assento E Encosto Em Palhinha;CADEIRA FIXA COM ASSENTO E ENCOSTO EM PALHINHA;2023000192;2023;CAF;Residencia 125;Bom
Cadeira Fixa Com Assento E Encosto Em Palhinha;CADEIRA FIXA COM ASSENTO E ENCOSTO EM PALHINHA;2023000193;2023;CAF;Residencia 125;Inservível
Cadeira Fixa Com Assento E Encosto Em Palhinha;CADEIRA FIXA COM ASSENTO E ENCOSTO EM PALHINHA;2023000194;2023;CAF;Residencia 125;Bom
Cadeira Fixa Com Assento E Encosto Em Palhinha;CADEIRA FIXA COM ASSENTO E ENCOSTO EM PALHINHA;2023000195;2023;CAF;Residencia 125;Bom
Cadeira Fixa Com Assento E Encosto Em Palhinha;CADEIRA FIXA COM ASSENTO E ENCOSTO EM PALHINHA;2023000196;2023;CAF;;Pendente
Cadeira Fixa Com Assento E Encosto Em Palhinha;CADEIRA FIXA COM ASSENTO E ENCOSTO EM PALHINHA;2023000197;2023;CAF;Residencia 125;Bom
Cadeira Fixa Com Assento E Encosto Em Palhinha;CADEIRA FIXA COM ASSENTO E ENCOSTO EM PALHINHA;2023000198;2023;CAF;;Pendente
Cadeira Fixa Com Assento E Encosto Em Palhinha;CADEIRA FIXA COM ASSENTO E ENCOSTO EM PALHINHA;2023000199;2023;CAF;;Pendente
Cadeira Fixa Com Assento E Encosto Em Palhinha;CADEIRA FIXA COM ASSENTO E ENCOSTO EM PALHINHA;2023000200;2023;CAF;Residencia 125;Bom
Cadeira Fixa Com Assento E Encosto Em Palhinha;CADEIRA FIXA COM ASSENTO E ENCOSTO EM PALHINHA;2023000201;2023;CAF;;Pendente
Cadeira Fixa Com Assento E Encosto Em Palhinha;CADEIRA FIXA COM ASSENTO E ENCOSTO EM PALHINHA;2023000202;2023;CAF;Residencia 125;Bom
Cadeira Fixa Com Assento E Encosto Em Palhinha;CADEIRA FIXA COM ASSENTO E ENCOSTO EM PALHINHA;2023000203;2023;CAF;;Pendente
Cadeira Fixa Com Assento E Encosto Em Palhinha;CADEIRA FIXA COM ASSENTO E ENCOSTO EM PALHINHA;2023000204;2023;CAF;Residencia 125;Bom
Cadeira Fixa Com Assento E Encosto Em Palhinha;CADEIRA FIXA COM ASSENTO E ENCOSTO EM PALHINHA;2023000205;2023;CAF;;Pendente
Cadeira Fixa Com Assento E Encosto Em Palhinha;CADEIRA FIXA COM ASSENTO E ENCOSTO EM PALHINHA;2023000206;2023;CAF;Residencia 125;Bom
Cadeira Fixa Com Assento E Encosto Em Palhinha;CADEIRA FIXA COM ASSENTO E ENCOSTO EM PALHINHA;2023000207;2023;CAF;;Pendente
Cadeira Fixa Com Assento E Encosto Em Palhinha;CADEIRA FIXA COM ASSENTO E ENCOSTO EM PALHINHA;2023000208;2023;CAF;Residência 1601;Bom
Cadeira Fixa Com Assento E Encosto Em Palhinha;CADEIRA FIXA COM ASSENTO E ENCOSTO EM PALHINHA;2023000209;2023;CAF;Residência 1601;Bom
Cadeira Fixa Com Assento E Encosto Em Palhinha;CADEIRA FIXA COM ASSENTO E ENCOSTO EM PALHINHA;2023000210;2023;CAF;Residencia 250;Bom
Cadeira Fixa Com Assento E Encosto Em Palhinha;CADEIRA FIXA COM ASSENTO E ENCOSTO EM PALHINHA;2023000211;2023;CAF;Residencia 2133;Bom
Cadeira Fixa Com Assento E Encosto Em Palhinha;CADEIRA FIXA COM ASSENTO E ENCOSTO EM PALHINHA;2023000212;2023;CAF;;Pendente
Cadeira Fixa Com Assento E Encosto Em Palhinha;CADEIRA FIXA COM ASSENTO E ENCOSTO EM PALHINHA;2023000213;2023;CAF;Residencia 250;Bom
Cadeira Fixa Com Assento E Encosto Em Palhinha;CADEIRA FIXA COM ASSENTO E ENCOSTO EM PALHINHA;2023000214;2023;CAF;;Pendente
Cadeira Fixa Com Assento E Encosto Em Palhinha;CADEIRA FIXA COM ASSENTO E ENCOSTO EM PALHINHA;2023000215;2023;CAF;Residencia 125;Bom
Cadeira Fixa Com Assento E Encosto Em Palhinha;CADEIRA FIXA COM ASSENTO E ENCOSTO EM PALHINHA;2023000216;2023;CAF;Residencia 125;Ruim
Cadeira Fixa Com Assento E Encosto Em Palhinha;CADEIRA FIXA COM ASSENTO E ENCOSTO EM PALHINHA;2023000217;2023;CAF;;Pendente
Cadeira Fixa Com Assento E Encosto Em Palhinha;CADEIRA FIXA COM ASSENTO E ENCOSTO EM PALHINHA;2023000218;2023;CAF;Residencia 125;Bom
Cadeira Fixa Com Assento E Encosto Em Palhinha;CADEIRA FIXA COM ASSENTO E ENCOSTO EM PALHINHA;2023000219;2023;CAF;;Pendente
Cadeira Fixa Com Assento E Encosto Em Palhinha;CADEIRA FIXA COM ASSENTO E ENCOSTO EM PALHINHA;2023000220;2023;CAF;Residencia 125;Bom
Cadeira Fixa Com Assento E Encosto Em Palhinha;CADEIRA FIXA COM ASSENTO E ENCOSTO EM PALHINHA;2023000221;2023;CAF;Residencia 125;Bom
Cadeira Fixa Com Assento E Encosto Em Palhinha;CADEIRA FIXA COM ASSENTO E ENCOSTO EM PALHINHA;2023000222;2023;CAF;Residencia 125;Bom
Cadeira Fixa Com Assento E Encosto Em Palhinha;CADEIRA FIXA COM ASSENTO E ENCOSTO EM PALHINHA;2023000223;2023;CAF;;Pendente
Cadeira Fixa Com Assento E Encosto Em Palhinha;CADEIRA FIXA COM ASSENTO E ENCOSTO EM PALHINHA;2023000224;2023;CAF;Residencia 125;Bom
Cadeira Fixa Com Assento E Encosto Em Palhinha;CADEIRA FIXA COM ASSENTO E ENCOSTO EM PALHINHA;2023000225;2023;CAF;;Pendente
Cadeira Fixa Com Assento E Encosto Em Palhinha;CADEIRA FIXA COM ASSENTO E ENCOSTO EM PALHINHA;2023000226;2023;CAF;Residencia 125;Bom
Cadeira Fixa Com Assento E Encosto Em Palhinha;CADEIRA FIXA COM ASSENTO E ENCOSTO EM PALHINHA;2023000227;2023;CAF;;Pendente
Cadeira Fixa Com Assento E Encosto Em Palhinha;CADEIRA FIXA COM ASSENTO E ENCOSTO EM PALHINHA;2023000228;2023;CAF;;Pendente
Cadeira Fixa Com Assento E Encosto Em Palhinha;CADEIRA FIXA COM ASSENTO E ENCOSTO EM PALHINHA;2023000229;2023;CAF;;Pendente
Cadeira Fixa Com Assento E Encosto Em Palhinha;CADEIRA FIXA COM ASSENTO E ENCOSTO EM PALHINHA;2023000230;2023;CAF;;Pendente
Cadeira Fixa Com Assento E Encosto Em Palhinha;CADEIRA FIXA COM ASSENTO E ENCOSTO EM PALHINHA;2023000231;2023;CAF;;Pendente
Cadeira Fixa Com Assento E Encosto Em Palhinha;CADEIRA FIXA COM ASSENTO E ENCOSTO EM PALHINHA;2023000232;2023;CAF;;Pendente
Cadeira Fixa Com Assento E Encosto Em Palhinha;CADEIRA FIXA COM ASSENTO E ENCOSTO EM PALHINHA;2023000233;2023;CAF;;Pendente
Cadeira Fixa Com Assento E Encosto Em Palhinha;CADEIRA FIXA COM ASSENTO E ENCOSTO EM PALHINHA;2023000234;2023;CAF;Residencia 2133;Bom
Cadeira Fixa Com Assento E Encosto Em Palhinha;CADEIRA FIXA COM ASSENTO E ENCOSTO EM PALHINHA;2023000235;2023;CAF;;Pendente
Cadeira Fixa Com Assento E Encosto Em Palhinha;CADEIRA FIXA COM ASSENTO E ENCOSTO EM PALHINHA;2023000236;2023;CAF;Residencia 125;Bom
Cadeira Fixa Com Assento E Encosto Em Palhinha;CADEIRA FIXA COM ASSENTO E ENCOSTO EM PALHINHA;2023000237;2023;CAF;Residencia 125;Bom
Cadeira Fixa Com Assento E Encosto Em Palhinha;CADEIRA FIXA COM ASSENTO E ENCOSTO EM PALHINHA;2023000238;2023;CAF;;Pendente
Cadeira Fixa Com Assento E Encosto Em Palhinha;CADEIRA FIXA COM ASSENTO E ENCOSTO EM PALHINHA;2023000239;2023;CAF;;Pendente
Cadeira Fixa Com Assento E Encosto Em Palhinha;CADEIRA FIXA COM ASSENTO E ENCOSTO EM PALHINHA;2023000240;2023;CAF;Residencia 433;Bom
Cadeira Fixa Com Assento E Encosto Em Palhinha;CADEIRA FIXA COM ASSENTO E ENCOSTO EM PALHINHA;2023000241;2023;CAF;;Pendente
Cadeira Fixa Com Assento E Encosto Em Palhinha;CADEIRA FIXA COM ASSENTO E ENCOSTO EM PALHINHA;2023000242;2023;CAF;Residência 1601;Bom
Cadeira Fixa Com Assento E Encosto Em Palhinha;CADEIRA FIXA COM ASSENTO E ENCOSTO EM PALHINHA;2023000243;2023;CAF;Residência 1601;Bom
Cadeira Fixa Com Assento E Encosto Em Palhinha;CADEIRA FIXA COM ASSENTO E ENCOSTO EM PALHINHA;2023000244;2023;CAF;Residência 148;Bom
Cadeira Fixa Com Assento E Encosto Em Palhinha;CADEIRA FIXA COM ASSENTO E ENCOSTO EM PALHINHA;2023000245;2023;CAF;Residencia 2133;Bom
Cadeira Fixa Com Assento E Encosto Em Palhinha;CADEIRA FIXA COM ASSENTO E ENCOSTO EM PALHINHA;2023000246;2023;CAF;;Pendente
Cadeira Fixa Com Assento E Encosto Em Palhinha;CADEIRA FIXA COM ASSENTO E ENCOSTO EM PALHINHA;2023000247;2023;CAF;Residencia 2133;Bom
Cadeira Fixa Com Assento E Encosto Em Palhinha;CADEIRA FIXA COM ASSENTO E ENCOSTO EM PALHINHA;2023000249;2023;CAF;;Pendente
Cadeira Fixa Com Assento E Encosto Em Palhinha;CADEIRA FIXA COM ASSENTO E ENCOSTO EM PALHINHA;2023000250;2023;CAF;Residencia 125;Bom
Cadeira Fixa Com Assento E Encosto Em Palhinha;CADEIRA FIXA COM ASSENTO E ENCOSTO EM PALHINHA;2023000251;2023;CAF;Residencia 125;Inservível
Cadeira Fixa Com Assento E Encosto Em Palhinha;CADEIRA FIXA COM ASSENTO E ENCOSTO EM PALHINHA;2023000252;2023;CAF;Residencia 125;Bom
Cadeira Fixa Com Assento E Encosto Em Palhinha;CADEIRA FIXA COM ASSENTO E ENCOSTO EM PALHINHA;2023000253;2023;CAF;;Pendente
Cadeira Fixa Com Assento E Encosto Em Palhinha;CADEIRA FIXA COM ASSENTO E ENCOSTO EM PALHINHA;2023000254;2023;CAF;;Pendente
Cadeira Fixa Com Assento E Encosto Em Palhinha;CADEIRA FIXA COM ASSENTO E ENCOSTO EM PALHINHA;2023000255;2023;CAF;Residencia 125;Bom
Cadeira Fixa Com Assento E Encosto Em Palhinha;CADEIRA FIXA COM ASSENTO E ENCOSTO EM PALHINHA;2023000256;2023;CAF;Residencia 125;Bom
Cadeira Fixa Com Assento E Encosto Em Palhinha;CADEIRA FIXA COM ASSENTO E ENCOSTO EM PALHINHA;2023000257;2023;CAF;Residencia 125;Bom
Cadeira Fixa Com Assento E Encosto Em Palhinha;CADEIRA FIXA COM ASSENTO E ENCOSTO EM PALHINHA;2023000258;2023;CAF;Residencia 125;Bom
Cadeira Fixa Com Assento E Encosto Em Palhinha;CADEIRA FIXA COM ASSENTO E ENCOSTO EM PALHINHA;2023000259;2023;CAF;Residencia 125;Bom
Cadeira Fixa Com Assento E Encosto Em Palhinha;CADEIRA FIXA COM ASSENTO E ENCOSTO EM PALHINHA;2023000260;2023;CAF;Residencia 125;Bom
Cadeira Fixa Com Assento E Encosto Em Palhinha;CADEIRA FIXA COM ASSENTO E ENCOSTO EM PALHINHA;2023000261;2023;CAF;Residencia 125;Bom
Cadeira Fixa Com Assento E Encosto Em Palhinha;CADEIRA FIXA COM ASSENTO E ENCOSTO EM PALHINHA;2023000262;2023;CAF;Residencia 125;Ruim
Ar Condicionado 24.000 BTUs;APARELHO DE AR CONDICIONADO DE 24.000 BTUS;2023000304;2023;CAF;;Pendente
Purificador;PURIFICADOR;2023000671;2023;PRAE;;Pendente
Purificador;PURIFICADOR;2023000672;2023;PRAE;;Pendente
Purificador;PURIFICADOR;2023000673;2023;PRAE;;Pendente
Purificador;PURIFICADOR;2023000674;2023;PRAE;;Pendente
Purificador;PURIFICADOR;2023000675;2023;PRAE;;Pendente
Purificador;PURIFICADOR;2023000676;2023;PRAE;;Pendente
Purificador;PURIFICADOR;2023000677;2023;PRAE;;Pendente
Purificador;PURIFICADOR;2023000678;2023;PRAE;;Pendente
Purificador;PURIFICADOR;2023000679;2023;PRAE;;Pendente
Purificador;PURIFICADOR;2023000680;2023;PRAE;;Pendente
Purificador;PURIFICADOR;2023000681;2023;PRAE;;Pendente
Purificador;PURIFICADOR;2023000682;2023;PRAE;;Pendente
Purificador;PURIFICADOR;2023000683;2023;PRAE;;Pendente
Purificador;PURIFICADOR;2023000684;2023;PRAE;;Pendente
Purificador;PURIFICADOR;2023000685;2023;PRAE;;Pendente
Purificador;PURIFICADOR;2023000686;2023;PRAE;;Pendente
Purificador;PURIFICADOR;2023000687;2023;PRAE;;Pendente
Purificador;PURIFICADOR;2023000688;2023;PRAE;;Pendente
Purificador;PURIFICADOR;2023000689;2023;PRAE;;Pendente
Aparelho Purificador De Água;APARELHO PURIFICADOR DE ÁGUA;2023000989;2023;PRAE;;Pendente
Aparelho Purificador De Água;APARELHO PURIFICADOR DE ÁGUA;2023000990;2023;PRAE;;Pendente
Aparelho Purificador De Água;APARELHO PURIFICADOR DE ÁGUA;2023000991;2023;PRAE;;Pendente
Aparelho Purificador De Água;APARELHO PURIFICADOR DE ÁGUA;2023000992;2023;PRAE;;Pendente
Aparelho Purificador De Água;APARELHO PURIFICADOR DE ÁGUA;2023000993;2023;PRAE;;Pendente
Aparelho Purificador De Água;APARELHO PURIFICADOR DE ÁGUA;2023000994;2023;PRAE;;Pendente
Aparelho Purificador De Água;APARELHO PURIFICADOR DE ÁGUA;2023000995;2023;PRAE;;Pendente
Aparelho Purificador De Água;APARELHO PURIFICADOR DE ÁGUA;2023000996;2023;PRAE;;Pendente
Aparelho Purificador De Água;APARELHO PURIFICADOR DE ÁGUA;2023000997;2023;PRAE;;Pendente
Aparelho Purificador De Água;APARELHO PURIFICADOR DE ÁGUA;2023000998;2023;PRAE;;Pendente
Aparelho Purificador De Água;APARELHO PURIFICADOR DE ÁGUA;2023000999;2023;PRAE;;Pendente
Aparelho Purificador De Água;APARELHO PURIFICADOR DE ÁGUA;2023001000;2023;PRAE;;Pendente
Aparelho Purificador De Água;APARELHO PURIFICADOR DE ÁGUA;2023001001;2023;PRAE;;Pendente
Aparelho Purificador De Água;APARELHO PURIFICADOR DE ÁGUA;2023001002;2023;PRAE;;Pendente
Aparelho Purificador De Água;APARELHO PURIFICADOR DE ÁGUA;2023001003;2023;PRAE;;Pendente
Aparelho Purificador De Água;APARELHO PURIFICADOR DE ÁGUA;2023001004;2023;PRAE;Residencia 433;Ruim
Aparelho Purificador De Água;APARELHO PURIFICADOR DE ÁGUA;2023001005;2023;PRAE;Residencia 433;Bom
Aparelho Purificador De Água;APARELHO PURIFICADOR DE ÁGUA;2023001006;2023;PRAE;;Pendente
Aparelho Purificador De Água;APARELHO PURIFICADOR DE ÁGUA;2023001007;2023;PRAE;;Pendente
Aparelho Purificador De Água;APARELHO PURIFICADOR DE ÁGUA;2023001008;2023;PRAE;;Pendente
Aparelho Purificador De Água;APARELHO PURIFICADOR DE ÁGUA;2023001009;2023;PRAE;;Pendente
Aparelho Purificador De Água;APARELHO PURIFICADOR DE ÁGUA;2023001010;2023;PRAE;;Pendente
Aparelho Purificador De Água;APARELHO PURIFICADOR DE ÁGUA;2023001011;2023;PRAE;;Pendente
Aparelho Purificador De Água;APARELHO PURIFICADOR DE ÁGUA;2023001012;2023;PRAE;;Pendente
Aparelho Purificador De Água;APARELHO PURIFICADOR DE ÁGUA;2023001013;2023;PRAE;;Pendente
Aparelho Purificador De Água;APARELHO PURIFICADOR DE ÁGUA;2023001014;2023;PRAE;;Pendente
Aparelho Purificador De Água;APARELHO PURIFICADOR DE ÁGUA;2023001015;2023;PRAE;;Pendente
Ar Condicionado 12.000 BTUs;APARELHO DE AR CONDICIONADO DE 12.000 BTUS;2023001152;2023;CAF;Residência 148;Bom
Ar Condicionado 30.000 BTUs;APARELHO DE AR CONDICIONADO DE 30.000 BTUS;2023001153;2023;CAF;Residencia 2216;Bom
Ar Condicionado 30.000 BTUs;APARELHO DE AR CONDICIONADO DE 30.000 BTUS;2023001154;2023;CAF;Residência 1601;Inservível
Cadeira Fixa Com Assento E Encosto Estofados;CADEIRA FIXA COM ASSENTO E ENCOSTO ESTOFADOS;2023001157;2023;CAF;;Pendente
Cadeira Fixa Com Assento E Encosto Estofados;CADEIRA FIXA COM ASSENTO E ENCOSTO ESTOFADOS;2023001158;2023;CAF;Residencia 2216;Bom
Cadeira Fixa Com Assento E Encosto Estofados;CADEIRA FIXA COM ASSENTO E ENCOSTO ESTOFADOS;2023001159;2023;CAF;Residencia 2216;Bom
Cadeira Fixa Com Assento E Encosto Estofados;CADEIRA FIXA COM ASSENTO E ENCOSTO ESTOFADOS;2023001160;2023;CAF;Residencia 2216;Bom
Cadeira Fixa Com Assento E Encosto Estofados;CADEIRA FIXA COM ASSENTO E ENCOSTO ESTOFADOS;2023001161;2023;CAF;Residencia 2216;Bom
Cadeira Fixa Com Assento E Encosto Estofados;CADEIRA FIXA COM ASSENTO E ENCOSTO ESTOFADOS;2023001162;2023;CAF;Residencia 2216;Bom
Computador (Desktop);MICROCOMPUTADOR;2023004048;2023;DSO;;Pendente
Computador (Desktop);MICROCOMPUTADOR;2023004050;2023;CRU;;Pendente
Bebedouro;BEBEDOURO;2023004260;2023;DSO;;Pendente
Ar Condicionado 18.000 BTUs;SPLITS AGRATTO 18.000 BTUS 220V - OBRA/REFORMA NA CPASE.;2023004681;2023;CAME;;Pendente
Ar Condicionado 18.000 BTUs;SPLITS AGRATTO 18.000 BTUS 220V - OBRA/REFORMA NA CPASE.;2023004682;2023;CAME;;Pendente
Ar Condicionado 18.000 BTUs;SPLITS AGRATTO 18.000 BTUS 220V - OBRA/REFORMA NA CPASE.;2023004683;2023;CAME;;Pendente
Ar Condicionado 18.000 BTUs;SPLITS AGRATTO 18.000 BTUS 220V - OBRA/REFORMA NA CPASE.;2023004684;2023;CAME;;Pendente
Ar Condicionado 18.000 BTUs;SPLITS AGRATTO 18.000 BTUS 220V - OBRA/REFORMA NA CPASE.;2023004685;2023;CAME;;Pendente
Ar Condicionado 9.000 BTUs;SPLITS INVERTER PHILCO 9.000BTUS 220V - OBRA/REFORMA NA CPASE.;2023004686;2023;CAME;;Pendente
Ar Condicionado 9.000 BTUs;SPLITS INVERTER PHILCO 9.000BTUS 220V - OBRA/REFORMA NA CPASE.;2023004687;2023;CAME;;Pendente
Ar Condicionado 9.000 BTUs;SPLITS INVERTER PHILCO 9.000BTUS 220V - OBRA/REFORMA NA CPASE.;2023004688;2023;CAME;;Pendente
Ar Condicionado 9.000 BTUs;SPLITS  CONFEE  9.000BTUS 220V - OBRA/ REFORMA NA CPASE.;2023004689;2023;CAME;;Pendente
Ar Condicionado 9.000 BTUs;SPLITS  CONFEE  9.000BTUS 220V - OBRA/ REFORMA NA CPASE.;2023004690;2023;CAME;;Pendente
Rack De Piso Desm 24U 670Mm - Obra/Reforma Na Cpase.;RACK DE PISO DESM 24U 670MM - OBRA/REFORMA NA CPASE.;2023004691;2023;CAME;;Pendente
Patch Panel 24 Portas Cat 6 -  Obra/ Reforma Na Cpase;PATCH PANEL 24 PORTAS CAT 6 -  OBRA/ REFORMA NA CPASE;2023004692;2023;CAME;;Pendente
Patch Panel 24 Portas Cat 6 -  Obra/ Reforma Na Cpase;PATCH PANEL 24 PORTAS CAT 6 -  OBRA/ REFORMA NA CPASE;2023004693;2023;CAME;;Pendente
Switch - Tl-Sg3428(Un) Jetstream 24-Port Gigabit L2 Managed;SWITCH - TL-SG3428(UN) JETSTREAM 24-PORT GIGABIT L2 MANAGED;2023004694;2023;CAME;;Pendente
Switch - Tl-Sg3428(Un) Jetstream 24-Port Gigabit L2 Managed;SWITCH - TL-SG3428(UN) JETSTREAM 24-PORT GIGABIT L2 MANAGED;2023004695;2023;CAME;;Pendente
Extintor Em Pó 6Kg Tipo Abc - Obra/Reforma Na Cpase.;EXTINTOR EM PÓ 6KG TIPO ABC - OBRA/REFORMA NA CPASE.;2023004696;2023;CAME;;Pendente
Extintor Em Pó 6Kg Tipo Abc - Obra/Reforma Na Cpase.;EXTINTOR EM PÓ 6KG TIPO ABC - OBRA/REFORMA NA CPASE.;2023004697;2023;CAME;;Pendente
Extintor Em Pó 6Kg Tipo Abc - Obra/Reforma Na Cpase.;EXTINTOR EM PÓ 6KG TIPO ABC - OBRA/REFORMA NA CPASE.;2023004698;2023;CAME;;Pendente
Extintor Em Pó 6Kg Tipo Abc - Obra/Reforma Na Cpase.;EXTINTOR EM PÓ 6KG TIPO ABC - OBRA/REFORMA NA CPASE.;2023004699;2023;CAME;;Pendente
Extintor Em Pó 6Kg Tipo Bc - Obra/Reforma Na Cpase.;EXTINTOR EM PÓ 6KG TIPO BC - OBRA/REFORMA NA CPASE.;2023004700;2023;CAME;;Pendente
Extintor Em Pó 6Kg Tipo Bc - Obra/Reforma Na Cpase.;EXTINTOR EM PÓ 6KG TIPO BC - OBRA/REFORMA NA CPASE.;2023004701;2023;CAME;;Pendente
Ventilador De Parede;VENTILADOR DE PAREDE;2023006178;2023;CRU;;Pendente
Ventilador De Parede;VENTILADOR DE PAREDE;2023006179;2023;CRU;;Pendente
Ventilador De Parede;VENTILADOR DE PAREDE;2023006180;2023;CRU;;Pendente
Seladora;SELADORA;2023006352;2023;CAME;;Pendente
Ar Condicionado 24.000 BTUs;APARELHO DE AR CONDICIONADO DE 24.000 BTUS;2023007654;2023;DSO;;Pendente
Ar Condicionado 24.000 BTUs;APARELHO DE AR CONDICIONADO DE 24.000 BTUS;2023007656;2023;PRAE;;Pendente
Bebedouro;BEBEDOURO;2024000538;2024;PRAE;;Pendente
Bebedouro;BEBEDOURO;2024000539;2024;PRAE;;Pendente
Câmera De Monitoramento E Vigilância 05 Unidades - Doação;CÂMERA DE MONITORAMENTO E VIGILÂNCIA 05 UNIDADES - DOAÇÃO;2024001075;2024;CAME;;Pendente
Câmera De Monitoramento E Vigilância 05 Unidades - Doação;CÂMERA DE MONITORAMENTO E VIGILÂNCIA 05 UNIDADES - DOAÇÃO;2024001076;2024;CAME;;Pendente
Câmera De Monitoramento E Vigilância 05 Unidades - Doação;CÂMERA DE MONITORAMENTO E VIGILÂNCIA 05 UNIDADES - DOAÇÃO;2024001077;2024;CAME;;Pendente
Câmera De Monitoramento E Vigilância 05 Unidades - Doação;CÂMERA DE MONITORAMENTO E VIGILÂNCIA 05 UNIDADES - DOAÇÃO;2024001078;2024;CAME;;Pendente
Câmera De Monitoramento E Vigilância 05 Unidades - Doação;CÂMERA DE MONITORAMENTO E VIGILÂNCIA 05 UNIDADES - DOAÇÃO;2024001079;2024;CAME;;Pendente
Ar Condicionado 9.000 BTUs;APARELHO DE AR CONDICIONADO DE 9.000 BTUS;2024001605;2024;CRU;;Pendente
Ar Condicionado 9.000 BTUs;APARELHO DE AR CONDICIONADO DE 9.000 BTUS;2024001606;2024;CRU;;Pendente
Ar Condicionado 12.000 BTUs;APARELHO DE AR CONDICIONADO DE 12.000 BTUS;2024002527;2024;CAME;;Pendente
Computador (Desktop);MICROCOMPUTADOR;2024002938;2024;PRAE;;Pendente
Computador (Desktop);MICROCOMPUTADOR;2024002939;2024;PRAE;;Pendente
Maquina De Lavar Roupa (Uso Domestico);MAQUINA DE LAVAR ROUPA (USO DOMESTICO);2024003130;2024;CAF;;Pendente
Maquina De Lavar Roupa (Uso Domestico);MAQUINA DE LAVAR ROUPA (USO DOMESTICO);2024003131;2024;CAF;;Pendente
Maquina De Lavar Roupa (Uso Domestico);MAQUINA DE LAVAR ROUPA (USO DOMESTICO);2024003132;2024;CAF;;Pendente
Maquina De Lavar Roupa (Uso Domestico);MAQUINA DE LAVAR ROUPA (USO DOMESTICO);2024003133;2024;CAF;;Pendente
Maquina De Lavar Roupa (Uso Domestico);MAQUINA DE LAVAR ROUPA (USO DOMESTICO);2024003134;2024;CAF;;Pendente
Maquina De Lavar Roupa (Uso Domestico);MAQUINA DE LAVAR ROUPA (USO DOMESTICO);2024003135;2024;CAF;Residência 1601;Bom
Maquina De Lavar Roupa (Uso Domestico);MAQUINA DE LAVAR ROUPA (USO DOMESTICO);2024003136;2024;CAF;;Pendente
Maquina De Lavar Roupa (Uso Domestico);MAQUINA DE LAVAR ROUPA (USO DOMESTICO);2024003137;2024;CAF;Residencia 433;Bom
Aparelho Purificador De Água;APARELHO PURIFICADOR DE ÁGUA;2024003415;2024;DIBEM;Residência 25;Inservível
Aparelho Purificador De Água;APARELHO PURIFICADOR DE ÁGUA;2024003416;2024;DIBEM;;Pendente
Aparelho Purificador De Água;APARELHO PURIFICADOR DE ÁGUA;2024003417;2024;DIBEM;;Pendente
Aparelho Purificador De Água;APARELHO PURIFICADOR DE ÁGUA;2024003418;2024;DIBEM;;Pendente
Aparelho Purificador De Água;APARELHO PURIFICADOR DE ÁGUA;2024003419;2024;DIBEM;;Pendente
Aparelho Purificador De Água;APARELHO PURIFICADOR DE ÁGUA;2024003420;2024;DIBEM;;Pendente
Aparelho Purificador De Água;APARELHO PURIFICADOR DE ÁGUA;2024003421;2024;DIBEM;;Pendente
Aparelho Purificador De Água;APARELHO PURIFICADOR DE ÁGUA;2024003422;2024;DIBEM;;Pendente
Aparelho Purificador De Água;APARELHO PURIFICADOR DE ÁGUA;2024003423;2024;DIBEM;;Pendente
Aparelho Purificador De Água;APARELHO PURIFICADOR DE ÁGUA;2024003424;2024;DIBEM;;Pendente
Aparelho Purificador De Água;APARELHO PURIFICADOR DE ÁGUA;2024003425;2024;DIBEM;;Pendente
Aparelho Purificador De Água;APARELHO PURIFICADOR DE ÁGUA;2024003426;2024;DIBEM;;Pendente
Aparelho Purificador De Água;APARELHO PURIFICADOR DE ÁGUA;2024003427;2024;DIBEM;;Pendente
Aparelho Purificador De Água;APARELHO PURIFICADOR DE ÁGUA;2024003428;2024;DIBEM;;Pendente
Aparelho Purificador De Água;APARELHO PURIFICADOR DE ÁGUA;2024003429;2024;DIBEM;;Pendente
Aparelho Purificador De Água;APARELHO PURIFICADOR DE ÁGUA;2024003430;2024;DIBEM;;Pendente
Aparelho Purificador De Água;APARELHO PURIFICADOR DE ÁGUA;2024003431;2024;DIBEM;;Pendente
Aparelho Purificador De Água;APARELHO PURIFICADOR DE ÁGUA;2024003432;2024;DIBEM;;Pendente
Aparelho Purificador De Água;APARELHO PURIFICADOR DE ÁGUA;2024003433;2024;DIBEM;;Pendente
Aparelho Purificador De Água;APARELHO PURIFICADOR DE ÁGUA;2024003434;2024;DIBEM;;Pendente
Aparelho Purificador De Água;APARELHO PURIFICADOR DE ÁGUA;2024003435;2024;DIBEM;;Pendente
Aparelho Purificador De Água;APARELHO PURIFICADOR DE ÁGUA;2024003436;2024;DIBEM;;Pendente
Aparelho Purificador De Água;APARELHO PURIFICADOR DE ÁGUA;2024003437;2024;DIBEM;;Pendente
Aparelho Purificador De Água;APARELHO PURIFICADOR DE ÁGUA;2024003438;2024;DIBEM;;Pendente
Aparelho Purificador De Água;APARELHO PURIFICADOR DE ÁGUA;2024003439;2024;DIBEM;;Pendente
Aparelho Purificador De Água;APARELHO PURIFICADOR DE ÁGUA;2024003440;2024;DIBEM;;Pendente
Aparelho Purificador De Água;APARELHO PURIFICADOR DE ÁGUA;2024003441;2024;DIBEM;;Pendente
Aparelho Purificador De Água;APARELHO PURIFICADOR DE ÁGUA;2024003442;2024;DIBEM;;Pendente
Aparelho Purificador De Água;APARELHO PURIFICADOR DE ÁGUA;2024003443;2024;DIBEM;;Pendente
Aparelho Purificador De Água;APARELHO PURIFICADOR DE ÁGUA;2024003444;2024;DIBEM;;Pendente
Aparelho Purificador De Água;APARELHO PURIFICADOR DE ÁGUA;2024003445;2024;DIBEM;;Pendente
Aparelho Purificador De Água;APARELHO PURIFICADOR DE ÁGUA;2024003446;2024;DIBEM;;Pendente
Aparelho Purificador De Água;APARELHO PURIFICADOR DE ÁGUA;2024003447;2024;DIBEM;;Pendente
Aparelho Purificador De Água;APARELHO PURIFICADOR DE ÁGUA;2024003448;2024;DIBEM;;Pendente
Aparelho Purificador De Água;APARELHO PURIFICADOR DE ÁGUA;2024003449;2024;DIBEM;;Pendente
Aparelho Purificador De Água;APARELHO PURIFICADOR DE ÁGUA;2024003450;2024;DIBEM;;Pendente
Aparelho Purificador De Água;APARELHO PURIFICADOR DE ÁGUA;2024003451;2024;DIBEM;;Pendente
Aparelho Purificador De Água;APARELHO PURIFICADOR DE ÁGUA;2024003452;2024;DIBEM;;Pendente
Aparelho Purificador De Água;APARELHO PURIFICADOR DE ÁGUA;2024003453;2024;DIBEM;;Pendente
Aparelho Purificador De Água;APARELHO PURIFICADOR DE ÁGUA;2024003454;2024;DIBEM;Residencia 433;Inservível
Aparelho Purificador De Água;APARELHO PURIFICADOR DE ÁGUA;2024003455;2024;DIBEM;Residencia 433;Ruim
Aparelho Purificador De Água;APARELHO PURIFICADOR DE ÁGUA;2024003456;2024;DIBEM;;Pendente
Aparelho Purificador De Água;APARELHO PURIFICADOR DE ÁGUA;2024003457;2024;DIBEM;Residência 1601;Bom
Aparelho Purificador De Água;APARELHO PURIFICADOR DE ÁGUA;2024003458;2024;DIBEM;;Pendente
Aparelho Purificador De Água;APARELHO PURIFICADOR DE ÁGUA;2024003459;2024;DIBEM;;Pendente
Aparelho Purificador De Água;APARELHO PURIFICADOR DE ÁGUA;2024003460;2024;DIBEM;;Pendente
Aparelho Purificador De Água;APARELHO PURIFICADOR DE ÁGUA;2024003461;2024;DIBEM;;Pendente
Aparelho Purificador De Água;APARELHO PURIFICADOR DE ÁGUA;2024003462;2024;DIBEM;;Pendente
Aparelho Purificador De Água;APARELHO PURIFICADOR DE ÁGUA;2024003463;2024;DIBEM;;Pendente
Aparelho Purificador De Água;APARELHO PURIFICADOR DE ÁGUA;2024003464;2024;DIBEM;;Pendente
Aparelho Purificador De Água;APARELHO PURIFICADOR DE ÁGUA;2024003465;2024;DIBEM;;Pendente
Aparelho Purificador De Água;APARELHO PURIFICADOR DE ÁGUA;2024003466;2024;DIBEM;;Pendente
Aparelho Purificador De Água;APARELHO PURIFICADOR DE ÁGUA;2024003467;2024;DIBEM;;Pendente
Aparelho Purificador De Água;APARELHO PURIFICADOR DE ÁGUA;2024003468;2024;DIBEM;;Pendente
Aparelho Purificador De Água;APARELHO PURIFICADOR DE ÁGUA;2024003469;2024;DIBEM;;Pendente
Aparelho Purificador De Água;APARELHO PURIFICADOR DE ÁGUA;2024003470;2024;DIBEM;;Pendente
Aparelho Purificador De Água;APARELHO PURIFICADOR DE ÁGUA;2024003471;2024;DIBEM;;Pendente
Ar Condicionado 18.000 BTUs;APARELHO DE AR CONDICIONADO DE 18.000 BTUS;2024003681;2024;PRAE;;Pendente
Ar Condicionado 18.000 BTUs;APARELHO DE AR CONDICIONADO DE 18.000 BTUS;2024003682;2024;PRAE;;Pendente
Ar Condicionado 9.000 BTUs;APARELHO DE AR CONDICIONADO DE 9.000 BTUS;2024003824;2024;PRAE;;Pendente
Ar Condicionado 9.000 BTUs;APARELHO DE AR CONDICIONADO DE 9.000 BTUS;2024003825;2024;PRAE;;Pendente
Microondas;MICROONDAS;2024003873;2024;DIBEM;;Pendente
Microondas;MICROONDAS;2024003874;2024;DIBEM;;Pendente
Microondas;MICROONDAS;2024003875;2024;DIBEM;;Pendente
Microondas;MICROONDAS;2024003876;2024;DIBEM;;Pendente
Microondas;MICROONDAS;2024003877;2024;DIBEM;Residencia 2216;Bom
Microondas;MICROONDAS;2024003880;2024;DIBEM;;Pendente
Microondas;MICROONDAS;2024003881;2024;DIBEM;Residencia 433;Bom
Microondas;MICROONDAS;2024003882;2024;DIBEM;Residencia 433;Bom
Microondas;MICROONDAS;2024003883;2024;DIBEM;Residencia 433;Bom
Ar Condicionado 24.000 BTUs;APARELHO DE AR CONDICIONADO DE 24.000 BTUS;2024004005;2024;PRAE;;Pendente
Ar Condicionado 24.000 BTUs;APARELHO DE AR CONDICIONADO DE 24.000 BTUS;2024004030;2024;CRU;;Pendente
Mesa ;MESA;2024004076;2024;DIBEM;;Pendente
Mesa ;MESA;2024004077;2024;DIBEM;Residência 148;Bom
Mesa ;MESA;2024004078;2024;DIBEM;;Pendente
Mesa ;MESA;2024004079;2024;DIBEM;Residencia 433;Bom
Mesa ;MESA;2024004080;2024;DIBEM;Residencia 433;Bom
Mesa ;MESA;2024004081;2024;DIBEM;;Pendente
Mesa ;MESA;2024004082;2024;DIBEM;;Pendente
Mesa ;MESA;2024004083;2024;DIBEM;Residência 1601;Bom
Mesa ;MESA;2024004084;2024;DIBEM;;Pendente
Mesa ;MESA;2024004085;2024;DIBEM;;Pendente
Fogao Domestico A Gas Liquefeito De Petroleo Com 0;FOGAO DOMESTICO A GAS LIQUEFEITO DE PETROLEO COM 0;2024004340;2024;CAF;;Pendente
Fogao Domestico A Gas Liquefeito De Petroleo Com 0;FOGAO DOMESTICO A GAS LIQUEFEITO DE PETROLEO COM 0;2024004341;2024;CAF;Residência 1601;Bom
Fogao Domestico A Gas Liquefeito De Petroleo Com 0;FOGAO DOMESTICO A GAS LIQUEFEITO DE PETROLEO COM 0;2024004342;2024;CAF;Residência 25;Bom
Ar Condicionado 1200 BTUs;SPLIT INV 1200 BTUS SANSUNG WFREE -DOAÇÃO POR INVENTÁRIO P/;2025000003;2025;PRAE;;Pendente
Ar Condicionado 1200 BTUs;SPLIT 1200 BTUS LG DUAL INV SANQ12JA3WC FRIO - DOAÇÃO POR;2025000004;2025;PRAE;;Pendente
Armários/Estantes Em Fórmica (Vertical) - Doação Por;ARMÁRIOS/ESTANTES EM FÓRMICA (VERTICAL) - DOAÇÃO POR;2025000005;2025;PRAE;;Pendente
Armários/Estantes Em Fórmica (Vertical) - Doação Por;ARMÁRIOS/ESTANTES EM FÓRMICA (VERTICAL) - DOAÇÃO POR;2025000006;2025;PRAE;;Pendente
Armários/Estantes Em Fórmica (Vertical) - Doação Por;ARMÁRIOS/ESTANTES EM FÓRMICA (VERTICAL) - DOAÇÃO POR;2025000007;2025;PRAE;;Pendente
Armários/Estantes Em Fórmica (Vertical) - Doação Por;ARMÁRIOS/ESTANTES EM FÓRMICA (VERTICAL) - DOAÇÃO POR;2025000008;2025;PRAE;;Pendente
Armários/Estantes Em Fórmica (Vertical) - Doação Por;ARMÁRIOS/ESTANTES EM FÓRMICA (VERTICAL) - DOAÇÃO POR;2025000009;2025;PRAE;;Pendente
Armários Em Fórmica (Horizontal) - Doação Por Inventário P/;ARMÁRIOS EM FÓRMICA (HORIZONTAL) - DOAÇÃO POR INVENTÁRIO P/;2025000010;2025;PRAE;;Pendente
Armários Em Fórmica (Horizontal) - Doação Por Inventário P/;ARMÁRIOS EM FÓRMICA (HORIZONTAL) - DOAÇÃO POR INVENTÁRIO P/;2025000011;2025;PRAE;;Pendente
Armários Em Fórmica (Horizontal) - Doação Por Inventário P/;ARMÁRIOS EM FÓRMICA (HORIZONTAL) - DOAÇÃO POR INVENTÁRIO P/;2025000012;2025;PRAE;;Pendente
Pequeno Balcão/Suporte Em Fórmica - Doação Por Inventário;PEQUENO BALCÃO/SUPORTE EM FÓRMICA - DOAÇÃO POR INVENTÁRIO;2025000013;2025;PRAE;;Pendente
Bancada - Doação Por Inventário P/ Pró-Reitoria De;BANCADA - DOAÇÃO POR INVENTÁRIO P/ PRÓ-REITORIA DE;2025000014;2025;PRAE;;Pendente
Bancada - Doação Por Inventário P/ Pró-Reitoria De;BANCADA - DOAÇÃO POR INVENTÁRIO P/ PRÓ-REITORIA DE;2025000015;2025;PRAE;;Pendente
Bancada - Doação Por Inventário P/ Pró-Reitoria De;BANCADA - DOAÇÃO POR INVENTÁRIO P/ PRÓ-REITORIA DE;2025000016;2025;PRAE;;Pendente
Bancada - Doação Por Inventário P/ Pró-Reitoria De;BANCADA - DOAÇÃO POR INVENTÁRIO P/ PRÓ-REITORIA DE;2025000017;2025;PRAE;;Pendente
Cadeiras Clean - Doação Por Inventário P/ Pró-Reitoria De;CADEIRAS CLEAN - DOAÇÃO POR INVENTÁRIO P/ PRÓ-REITORIA DE;2025000018;2025;PRAE;;Pendente
Cadeiras Clean - Doação Por Inventário P/ Pró-Reitoria De;CADEIRAS CLEAN - DOAÇÃO POR INVENTÁRIO P/ PRÓ-REITORIA DE;2025000019;2025;PRAE;;Pendente
Cadeiras Clean - Doação Por Inventário P/ Pró-Reitoria De;CADEIRAS CLEAN - DOAÇÃO POR INVENTÁRIO P/ PRÓ-REITORIA DE;2025000020;2025;PRAE;;Pendente
Cadeiras Clean - Doação Por Inventário P/ Pró-Reitoria De;CADEIRAS CLEAN - DOAÇÃO POR INVENTÁRIO P/ PRÓ-REITORIA DE;2025000021;2025;PRAE;;Pendente
Cadeiras Clean - Doação Por Inventário P/ Pró-Reitoria De;CADEIRAS CLEAN - DOAÇÃO POR INVENTÁRIO P/ PRÓ-REITORIA DE;2025000022;2025;PRAE;;Pendente
Cadeiras Clean - Doação Por Inventário P/ Pró-Reitoria De;CADEIRAS CLEAN - DOAÇÃO POR INVENTÁRIO P/ PRÓ-REITORIA DE;2025000023;2025;PRAE;;Pendente
Cadeiras Clean - Doação Por Inventário P/ Pró-Reitoria De;CADEIRAS CLEAN - DOAÇÃO POR INVENTÁRIO P/ PRÓ-REITORIA DE;2025000024;2025;PRAE;;Pendente
Cadeiras Clean - Doação Por Inventário P/ Pró-Reitoria De;CADEIRAS CLEAN - DOAÇÃO POR INVENTÁRIO P/ PRÓ-REITORIA DE;2025000025;2025;PRAE;;Pendente
Cadeiras Clean - Doação Por Inventário P/ Pró-Reitoria De;CADEIRAS CLEAN - DOAÇÃO POR INVENTÁRIO P/ PRÓ-REITORIA DE;2025000026;2025;PRAE;;Pendente
Cadeiras Clean - Doação Por Inventário P/ Pró-Reitoria De;CADEIRAS CLEAN - DOAÇÃO POR INVENTÁRIO P/ PRÓ-REITORIA DE;2025000027;2025;PRAE;;Pendente
Cadeiras Clean - Doação Por Inventário P/ Pró-Reitoria De;CADEIRAS CLEAN - DOAÇÃO POR INVENTÁRIO P/ PRÓ-REITORIA DE;2025000028;2025;PRAE;;Pendente
Cadeiras Clean - Doação Por Inventário P/ Pró-Reitoria De;CADEIRAS CLEAN - DOAÇÃO POR INVENTÁRIO P/ PRÓ-REITORIA DE;2025000029;2025;PRAE;;Pendente
Cadeiras Clean - Doação Por Inventário P/ Pró-Reitoria De;CADEIRAS CLEAN - DOAÇÃO POR INVENTÁRIO P/ PRÓ-REITORIA DE;2025000030;2025;PRAE;;Pendente
Cadeiras Clean - Doação Por Inventário P/ Pró-Reitoria De;CADEIRAS CLEAN - DOAÇÃO POR INVENTÁRIO P/ PRÓ-REITORIA DE;2025000031;2025;PRAE;;Pendente
Cadeiras Clean - Doação Por Inventário P/ Pró-Reitoria De;CADEIRAS CLEAN - DOAÇÃO POR INVENTÁRIO P/ PRÓ-REITORIA DE;2025000032;2025;PRAE;;Pendente
Cadeiras Clean - Doação Por Inventário P/ Pró-Reitoria De;CADEIRAS CLEAN - DOAÇÃO POR INVENTÁRIO P/ PRÓ-REITORIA DE;2025000033;2025;PRAE;;Pendente
Cadeiras Clean - Doação Por Inventário P/ Pró-Reitoria De;CADEIRAS CLEAN - DOAÇÃO POR INVENTÁRIO P/ PRÓ-REITORIA DE;2025000034;2025;PRAE;;Pendente
Cofre Marco 203020 - Doação Por Inventário P/ Pró-Reitoria;COFRE MARCO 203020 - DOAÇÃO POR INVENTÁRIO P/ PRÓ-REITORIA;2025000035;2025;PRAE;;Pendente
Flanelógrafo -Doação Por Inventário P/ Pró-Reitoria De;FLANELÓGRAFO -DOAÇÃO POR INVENTÁRIO P/ PRÓ-REITORIA DE;2025000036;2025;PRAE;;Pendente
Flanelógrafo -Doação Por Inventário P/ Pró-Reitoria De;FLANELÓGRAFO -DOAÇÃO POR INVENTÁRIO P/ PRÓ-REITORIA DE;2025000037;2025;PRAE;;Pendente
Mesa Reunião /;MESA DE REUNIÃO - DOAÇÃO POR INVENTÁRIO P/ PRÓ-REITORIA DE;2025000038;2025;PRAE;;Pendente
Suportes, Com Rodinhas, Em Fórmica Para Cpu/Estabilizado -;SUPORTES, COM RODINHAS, EM FÓRMICA PARA CPU/ESTABILIZADO -;2025000039;2025;PRAE;;Pendente
Suportes, Com Rodinhas, Em Fórmica Para Cpu/Estabilizado -;SUPORTES, COM RODINHAS, EM FÓRMICA PARA CPU/ESTABILIZADO -;2025000040;2025;PRAE;;Pendente
Suportes, Com Rodinhas, Em Fórmica Para Cpu/Estabilizado -;SUPORTES, COM RODINHAS, EM FÓRMICA PARA CPU/ESTABILIZADO -;2025000041;2025;PRAE;;Pendente
Quadro Decorativo - Doação Por Inventário P/ Pró-Reitoria;QUADRO DECORATIVO - DOAÇÃO POR INVENTÁRIO P/ PRÓ-REITORIA;2025000042;2025;PRAE;;Pendente
Quadro Decorativo - Doação Por Inventário P/ Pró-Reitoria;QUADRO DECORATIVO - DOAÇÃO POR INVENTÁRIO P/ PRÓ-REITORIA;2025000043;2025;PRAE;;Pendente
Quadro Decorativo - Doação Por Inventário P/ Pró-Reitoria;QUADRO DECORATIVO - DOAÇÃO POR INVENTÁRIO P/ PRÓ-REITORIA;2025000044;2025;PRAE;;Pendente
Quadro Branco Magnetizado;QUADRO BRANCO MAGNETIZADO;2025000067;2025;CRU;;Pendente
Quadro Branco Magnetizado;QUADRO BRANCO MAGNETIZADO;2025000092;2025;CRU;;Pendente
Quadro Branco Magnetizado;QUADRO BRANCO MAGNETIZADO;2025000093;2025;CRU;;Pendente
Cadeira.;CADEIRA.;2025001213;2025;CAF;;Pendente
Cadeira.;CADEIRA.;2025001214;2025;CAF;;Pendente
Cadeira.;CADEIRA.;2025001215;2025;CAF;;Pendente
Cadeira.;CADEIRA.;2025001216;2025;CAF;;Pendente
Cadeira.;CADEIRA.;2025001217;2025;CAF;;Pendente
Cadeira.;CADEIRA.;2025001218;2025;CAF;;Pendente
Cadeira.;CADEIRA.;2025001219;2025;CAF;;Pendente
Cadeira.;CADEIRA.;2025001220;2025;CAF;;Pendente
Cadeira.;CADEIRA.;2025001221;2025;CAF;;Pendente
Cadeira.;CADEIRA.;2025001222;2025;CAF;;Pendente
Cadeira.;CADEIRA.;2025001223;2025;CAF;;Pendente
Cadeira.;CADEIRA.;2025001224;2025;CAF;;Pendente
Cadeira.;CADEIRA.;2025001225;2025;CAF;;Pendente
Cadeira.;CADEIRA.;2025001226;2025;CAF;;Pendente
Cadeira.;CADEIRA.;2025001227;2025;CAF;;Pendente
Cadeira.;CADEIRA.;2025001228;2025;CAF;;Pendente
Cadeira.;CADEIRA.;2025001229;2025;CAF;;Pendente
Cadeira.;CADEIRA.;2025001230;2025;CAF;;Pendente
Cadeira.;CADEIRA.;2025001231;2025;CAF;;Pendente
Cadeira.;CADEIRA.;2025001232;2025;CAF;;Pendente
Cadeira.;CADEIRA.;2025001233;2025;CAF;;Pendente
Cadeira.;CADEIRA.;2025001234;2025;CAF;;Pendente
Cadeira.;CADEIRA.;2025001235;2025;CAF;;Pendente
Cadeira.;CADEIRA.;2025001236;2025;CAF;;Pendente
Cadeira.;CADEIRA.;2025001237;2025;CAF;;Pendente
Cadeira.;CADEIRA.;2025001238;2025;CAF;;Pendente
Cadeira.;CADEIRA.;2025001239;2025;CAF;;Pendente
Cadeira.;CADEIRA.;2025001240;2025;CAF;;Pendente
Cadeira.;CADEIRA.;2025001241;2025;CAF;;Pendente
Cadeira.;CADEIRA.;2025001242;2025;CAF;;Pendente
Cadeira.;CADEIRA.;2025001243;2025;CAF;;Pendente
Cadeira.;CADEIRA.;2025001244;2025;CAF;;Pendente
Cadeira.;CADEIRA.;2025001245;2025;CAF;;Pendente
Cadeira.;CADEIRA.;2025001246;2025;CAF;;Pendente
Cadeira.;CADEIRA.;2025001247;2025;CAF;;Pendente
Cadeira.;CADEIRA.;2025001248;2025;CAF;;Pendente
Cadeira.;CADEIRA.;2025001249;2025;CAF;;Pendente
Cadeira.;CADEIRA.;2025001250;2025;CAF;;Pendente
Cadeira.;CADEIRA.;2025001251;2025;CAF;;Pendente
Cadeira.;CADEIRA.;2025001252;2025;CAF;;Pendente
Cadeira.;CADEIRA.;2025001253;2025;CAF;;Pendente
Cadeira.;CADEIRA.;2025001254;2025;CAF;;Pendente
Cadeira.;CADEIRA.;2025001255;2025;CAF;;Pendente
Cadeira.;CADEIRA.;2025001256;2025;CAF;;Pendente
Cadeira.;CADEIRA.;2025001257;2025;CAF;;Pendente
Cadeira.;CADEIRA.;2025001258;2025;CAF;;Pendente
Cadeira.;CADEIRA.;2025001259;2025;CAF;;Pendente
Cadeira.;CADEIRA.;2025001260;2025;CAF;;Pendente
Cadeira.;CADEIRA.;2025001261;2025;CAF;;Pendente
Cadeira.;CADEIRA.;2025001262;2025;CAF;;Pendente
Cadeira.;CADEIRA.;2025001263;2025;CAF;;Pendente
Cadeira.;CADEIRA.;2025001264;2025;CAF;;Pendente
Cadeira.;CADEIRA.;2025001265;2025;CAF;;Pendente
Cadeira.;CADEIRA.;2025001266;2025;CAF;;Pendente
Cadeira.;CADEIRA.;2025001267;2025;CAF;;Pendente
Cadeira.;CADEIRA.;2025001268;2025;CAF;;Pendente
Cadeira.;CADEIRA.;2025001269;2025;CAF;;Pendente
Cadeira.;CADEIRA.;2025001270;2025;CAF;;Pendente
Cadeira.;CADEIRA.;2025001271;2025;CAF;;Pendente
Cadeira.;CADEIRA.;2025001272;2025;CAF;;Pendente
Cadeira.;CADEIRA.;2025001273;2025;CAF;;Pendente
Cadeira.;CADEIRA.;2025001274;2025;CAF;;Pendente
Cadeira.;CADEIRA.;2025001275;2025;CAF;;Pendente
Cadeira.;CADEIRA.;2025001276;2025;CAF;;Pendente
Cadeira.;CADEIRA.;2025001277;2025;CAF;;Pendente
Refrigerador;REFRIGERADOR DOMESTICO;2025001278;2025;CAF;Residencia 2133;Bom
Refrigerador;REFRIGERADOR DOMESTICO;2025001279;2025;CAF;Residência 25;Bom
Refrigerador;REFRIGERADOR DOMESTICO;2025001280;2025;CAF;Residencia 125;Bom
Refrigerador;REFRIGERADOR DOMESTICO;2025001281;2025;CAF;Residencia 125;Bom
Refrigerador;REFRIGERADOR DOMESTICO;2025001282;2025;CAF;Residencia 125;Bom
Refrigerador;REFRIGERADOR DOMESTICO;2025001283;2025;CAF;Residência 1601;Bom
Refrigerador;REFRIGERADOR DOMESTICO;2025001284;2025;CAF;Residencia 125;Bom
Refrigerador;REFRIGERADOR DOMESTICO;2025001286;2025;CAF;Residencia 125;Bom
Refrigerador;REFRIGERADOR DOMESTICO;2025001287;2025;CAF;Residencia 125;Bom
Refrigerador;REFRIGERADOR DOMESTICO;2025001288;2025;PRAE;Residencia 2216;Bom
Ventilador De Parede;VENTILADOR DE PAREDE;2025001289;2025;CAF;;Pendente
Ventilador De Parede;VENTILADOR DE PAREDE;2025001290;2025;CAF;;Pendente
Ventilador De Parede;VENTILADOR DE PAREDE;2025001291;2025;CAF;;Pendente
Ventilador De Parede;VENTILADOR DE PAREDE;2025001292;2025;CAF;;Pendente
Ventilador De Parede;VENTILADOR DE PAREDE;2025001293;2025;CAF;;Pendente
Ventilador De Parede;VENTILADOR DE PAREDE;2025001294;2025;CAF;;Pendente
Ventilador De Parede;VENTILADOR DE PAREDE;2025001295;2025;CAF;;Pendente
Ventilador De Parede;VENTILADOR DE PAREDE;2025001296;2025;CAF;Residencia 433;Bom
Ventilador De Parede;VENTILADOR DE PAREDE;2025001297;2025;CAF;Residencia 433;Bom
Ventilador De Parede;VENTILADOR DE PAREDE;2025001299;2025;CAF;Residencia 433;Bom
Ventilador De Parede;VENTILADOR DE PAREDE;2025001300;2025;CAF;Residencia 433;Bom
Ventilador De Parede;VENTILADOR DE PAREDE;2025001301;2025;CAF;Residência 1601;Bom
Ventilador De Parede;VENTILADOR DE PAREDE;2025001302;2025;CAF;;Pendente
Ventilador De Parede;VENTILADOR DE PAREDE;2025001303;2025;CAF;;Pendente
Ventilador De Parede;VENTILADOR DE PAREDE;2025001304;2025;CAF;;Pendente
Ventilador De Parede;VENTILADOR DE PAREDE;2025001305;2025;CAF;;Pendente
Ventilador De Parede;VENTILADOR DE PAREDE;2025001306;2025;PRAE;;Pendente
Ventilador De Parede;VENTILADOR DE PAREDE;2025001307;2025;PRAE;;Pendente
Mesa ;MESA.;2025001328;2025;PRAE;;Pendente
Mesa ;MESA.;2025001329;2025;PRAE;;Pendente
Mesa ;MESA.;2025002487;2025;PRAE;;Pendente
Mesa ;MESA.;2025002488;2025;PRAE;;Pendente
Mesa ;MESA.;2025002489;2025;PRAE;;Pendente
Mesa ;MESA.;2025002490;2025;PRAE;;Pendente
Cadeira Secretária Com Braços;CADEIRA SECRETÁRIA COM BRAÇOS;2025003937;2025;PRAE;;Pendente
Cadeira Secretária Com Braços;CADEIRA SECRETÁRIA COM BRAÇOS;2025003938;2025;PRAE;;Pendente
Cadeira Secretária Com Braços;CADEIRA SECRETÁRIA COM BRAÇOS;2025003939;2025;PRAE;;Pendente
Cadeira Secretária Com Braços;CADEIRA SECRETÁRIA COM BRAÇOS;2025003940;2025;PRAE;;Pendente
Cadeira Secretária Com Braços;CADEIRA SECRETÁRIA COM BRAÇOS;2025003941;2025;PRAE;;Pendente
Cadeira Secretária Com Braços;CADEIRA SECRETÁRIA COM BRAÇOS;2025003942;2025;PRAE;;Pendente
Cadeira Secretária Com Braços;CADEIRA SECRETÁRIA COM BRAÇOS;2025003943;2025;PRAE;;Pendente
Cadeira Secretária Com Braços;CADEIRA SECRETÁRIA COM BRAÇOS;2025003944;2025;PRAE;;Pendente
Cadeira Secretária Com Braços;CADEIRA SECRETÁRIA COM BRAÇOS;2025003945;2025;PRAE;;Pendente
Cadeira Secretária Com Braços;CADEIRA SECRETÁRIA COM BRAÇOS;2025003946;2025;PRAE;;Pendente
Cadeira Secretária Com Braços;CADEIRA SECRETÁRIA COM BRAÇOS;2025003947;2025;PRAE;;Pendente
Cadeira Secretária Com Braços;CADEIRA SECRETÁRIA COM BRAÇOS;2025003948;2025;PRAE;;Pendente
Cadeira Secretária Com Braços;CADEIRA SECRETÁRIA COM BRAÇOS;2025003949;2025;PRAE;;Pendente
Cadeira Secretária Com Braços;CADEIRA SECRETÁRIA COM BRAÇOS;2025003950;2025;PRAE;;Pendente
Computador (Desktop);MICROCOMPUTADOR;2025004198;2025;CRU;;Pendente
Conjunto Odontologico;CONJUNTO ODONTOLOGICO;2026000031;2026;CAF;;Pendente
Conjunto Odontologico;CONJUNTO ODONTOLOGICO;2026000032;2026;CAF;;Pendente
Conjunto Odontologico;CONJUNTO ODONTOLOGICO;2026000033;2026;CAF;;Pendente
Conjunto Odontologico;CONJUNTO ODONTOLOGICO;2026000034;2026;CAF;;Pendente
Conjunto Odontologico;CONJUNTO ODONTOLOGICO;2026000035;2026;CAF;;Pendente
Conjunto Odontologico;CONJUNTO ODONTOLOGICO;2026000036;2026;CAF;;Pendente
Conjunto Odontologico;CONJUNTO ODONTOLOGICO;2026000037;2026;CAF;;Pendente
Conjunto Odontologico;CONJUNTO ODONTOLOGICO;2026000038;2026;CAF;;Pendente
Conjunto Odontologico;CONJUNTO ODONTOLOGICO;2026000039;2026;CAF;;Pendente
Conjunto Odontologico;CONJUNTO ODONTOLOGICO;2026000040;2026;CAF;;Pendente
Conjunto Odontologico;CONJUNTO ODONTOLOGICO;2026000041;2026;CAF;;Pendente
Conjunto Odontologico;CONJUNTO ODONTOLOGICO;2026000042;2026;CAF;;Pendente
Conjunto Odontologico;CONJUNTO ODONTOLOGICO;2026000043;2026;CAF;;Pendente
Conjunto Odontologico;CONJUNTO ODONTOLOGICO;2026000044;2026;CAF;;Pendente
Conjunto Odontologico;CONJUNTO ODONTOLOGICO;2026000045;2026;CAF;;Pendente
Computador (Desktop);MICROCOMPUTADOR;2026000073;2026;CAF;;Pendente
Computador (Desktop);MICROCOMPUTADOR;2026000074;2026;CAF;;Pendente
Computador (Desktop);MICROCOMPUTADOR;2026000075;2026;CAF;;Pendente
Computador (Desktop);MICROCOMPUTADOR;2026000076;2026;CAF;;Pendente
Computador (Desktop);MICROCOMPUTADOR;2026000077;2026;CAF;;Pendente
Computador (Desktop);MICROCOMPUTADOR;2026000078;2026;CAF;;Pendente
Computador (Desktop);MICROCOMPUTADOR;2026000079;2026;CAF;;Pendente
Computador (Desktop);MICROCOMPUTADOR;2026000080;2026;CAF;;Pendente
Computador (Desktop);MICROCOMPUTADOR;2026000081;2026;CAF;;Pendente
Computador (Desktop);MICROCOMPUTADOR;2026000082;2026;CAF;;Pendente
Computador (Desktop);MICROCOMPUTADOR;2026000083;2026;CAF;;Pendente
Computador (Desktop);MICROCOMPUTADOR;2026000084;2026;CAF;;Pendente
Computador (Desktop);MICROCOMPUTADOR;2026000085;2026;CAF;;Pendente
Computador (Desktop);MICROCOMPUTADOR;2026000086;2026;CAF;;Pendente
Computador (Desktop);MICROCOMPUTADOR;2026000087;2026;CAF;;Pendente
Computador (Desktop);MICROCOMPUTADOR;2026000088;2026;CAF;;Pendente
Computador (Desktop);MICROCOMPUTADOR;2026000089;2026;CAF;;Pendente
Computador (Desktop);MICROCOMPUTADOR;2026000090;2026;CAF;;Pendente
Computador (Desktop);MICROCOMPUTADOR;2026000091;2026;CAF;;Pendente
Computador (Desktop);MICROCOMPUTADOR;2026000092;2026;CAF;;Pendente
Computador (Desktop);MICROCOMPUTADOR;2026000093;2026;CAF;;Pendente
Computador (Desktop);MICROCOMPUTADOR;2026000094;2026;CAF;;Pendente
Computador (Desktop);MICROCOMPUTADOR;2026000095;2026;CAF;;Pendente
Computador (Desktop);MICROCOMPUTADOR;2026000096;2026;CAF;;Pendente
Computador.;Computador.;2026000097;2026;CAF;;Pendente
Computador.;Computador.;2026000098;2026;CAF;;Pendente
Seladora;SELADORA;2026000495;2026;CAF;;Pendente
Autoclave Horizontal;AUTOCLAVE HORIZONTAL;2026000643;2026;CAF;;Pendente
Bebedouro.;BEBEDOURO.;2026001094;2026;CAF;;Pendente
Bebedouro.;BEBEDOURO.;2026001095;2026;CAF;;Pendente
Bebedouro.;BEBEDOURO.;2026001096;2026;CAF;;Pendente
Bebedouro.;BEBEDOURO.;2026001097;2026;CAF;;Pendente
Bebedouro.;BEBEDOURO.;2026001098;2026;CAF;;Pendente
Bebedouro.;BEBEDOURO.;2026001099;2026;CAF;;Pendente
Armário.;ARMÁRIO.;2026001100;2026;CAF;;Pendente
Armário.;ARMÁRIO.;2026001101;2026;CAF;;Pendente
Armário.;ARMÁRIO.;2026001102;2026;CAF;;Pendente
Armário.;ARMÁRIO.;2026001103;2026;CAF;;Pendente
Armário.;ARMÁRIO.;2026001104;2026;CAF;;Pendente
Armário.;ARMÁRIO.;2026001105;2026;CAF;;Pendente
Armário.;ARMÁRIO.;2026001106;2026;CAF;;Pendente
Mesa ;MESA.;2026001107;2026;CAF;;Pendente
Mesa ;MESA.;2026001108;2026;CAF;;Pendente
Mesa ;MESA PARA REFEITORIO EM MADEIRA PRENSADA REVESTIDO;2026001109;2026;CAF;;Pendente
Mesa ;MESA PARA REFEITORIO EM MADEIRA PRENSADA REVESTIDO;2026001110;2026;CAF;;Pendente
Mesa ;MESA PARA REFEITORIO EM MADEIRA PRENSADA REVESTIDO;2026001111;2026;CAF;;Pendente
Mesa ;MESA PARA REFEITORIO EM MADEIRA PRENSADA REVESTIDO;2026001112;2026;CAF;;Pendente
Mesa ;MESA PARA REFEITORIO EM MADEIRA PRENSADA REVESTIDO;2026001113;2026;CAF;;Pendente
Mesa ;MESA PARA REFEITORIO EM MADEIRA PRENSADA REVESTIDO;2026001114;2026;CAF;;Pendente
Mesa ;MESA PARA REFEITORIO EM MADEIRA PRENSADA REVESTIDO;2026001115;2026;CAF;;Pendente
Mesa ;MESA PARA REFEITORIO EM MADEIRA PRENSADA REVESTIDO;2026001116;2026;CAF;;Pendente
Mesa ;MESA PARA REFEITORIO EM MADEIRA PRENSADA REVESTIDO;2026001117;2026;CAF;;Pendente
Mesa ;MESA PARA REFEITORIO EM MADEIRA PRENSADA REVESTIDO;2026001118;2026;CAF;;Pendente
Mesa ;MESA PARA REFEITORIO EM MADEIRA PRENSADA REVESTIDO;2026001119;2026;CAF;;Pendente
Mesa ;MESA PARA REFEITORIO EM MADEIRA PRENSADA REVESTIDO;2026001120;2026;CAF;;Pendente
Computador (Desktop);MICROCOMPUTADOR;2026002836;2026;CAF;;Pendente
Computador (Desktop);MICROCOMPUTADOR;2026002837;2026;CAF;;Pendente
Computador (Desktop);MICROCOMPUTADOR;2026002838;2026;CAF;;Pendente
Computador (Desktop);MICROCOMPUTADOR;2026002839;2026;CAF;;Pendente
Computador (Desktop);MICROCOMPUTADOR;2026002840;2026;CAF;;Pendente
Computador (Desktop);MICROCOMPUTADOR;2026002841;2026;CAF;;Pendente
Computador (Desktop);MICROCOMPUTADOR;2026002842;2026;CAF;;Pendente
Computador (Desktop);MICROCOMPUTADOR;2026002843;2026;CAF;;Pendente
Computador (Desktop);MICROCOMPUTADOR;2026002844;2026;CAF;;Pendente
Computador (Desktop);MICROCOMPUTADOR;2026002845;2026;CAF;;Pendente
Computador (Desktop);MICROCOMPUTADOR;2026002846;2026;CAF;;Pendente
Computador (Desktop);MICROCOMPUTADOR;2026002847;2026;CAF;;Pendente
Computador (Desktop);MICROCOMPUTADOR;2026002848;2026;CAF;;Pendente
Computador (Desktop);MICROCOMPUTADOR;2026002849;2026;CAF;;Pendente
Computador (Desktop);MICROCOMPUTADOR;2026002850;2026;CAF;;Pendente
Computador (Desktop);MICROCOMPUTADOR;2026002851;2026;CAF;;Pendente
Computador (Desktop);MICROCOMPUTADOR;2026002852;2026;CAF;;Pendente
Computador (Desktop);MICROCOMPUTADOR;2026002853;2026;CAF;;Pendente
Computador (Desktop);MICROCOMPUTADOR;2026002854;2026;CAF;;Pendente
Computador (Desktop);MICROCOMPUTADOR;2026002855;2026;CAF;;Pendente
Computador (Desktop);MICROCOMPUTADOR;2026002856;2026;CAF;;Pendente
Mesa ;MESA DE CABECEIRA;1042;Anterior a 2019;DIBEM;;Pendente
